105,510,557
353,605,637
1055,1056,1508
1364,1638,1709
1899,1900,2434
2035,2088,2160
2053,2058,2180
2212,2639,2645
2543,3021,3038
2690,2839,3172
2879,2885,3261
3025,3045,3050
3149,3211,3212
3179,3477,3717
3233,3234,3680
3287,3470,3572
3553,4031,4048
3606,3653,3862
3705,4189,4210
3718,3734,3832
3761,3846,3944
3884,4179,4264
4093,4315,4317
4615,4655,4939
137,686,1006
271,777,794
494,644,728
631,882,916
646,949,1096
914,1072,1074
1002,1006,1120
1218,1244,1250
1248,1579,1632
1915,1920,2239
1980,2000,2002
2051,2527,2549
2211,2397,2458
2576,2579,3079
3258,3329,3480
3677,3822,3823
4015,4273,4394
4043,4521,4539
4197,4631,4696
4420,4687,4706
4597,4862,4871
278,279,357
330,335,616
491,559,653
549,628,697
651,775,1105
1045,1200,1649
1155,1184,1383
1198,1203,1578
1365,1642,1693
1376,1380,1691
1397,1401,1683
1460,1506,1718
1695,1724,1923
1827,2167,2260
1909,1930,1935
2226,2425,2528
2356,2361,2665
2374,2681,2766
2415,2522,2760
2657,2812,3299
2955,3062,3300
3038,3085,3326
3263,3421,3817
3347,3655,3673
3549,3552,3818
3735,3869,3893
3785,3965,4009
4808,4810,5142
4933,5147,5266
5260,5265,5377
38,39,469
212,262,412
675,1210,1549
970,1249,1507
1287,1289,1774
1671,1854,2220
1853,1857,2175
2389,2859,2880
2494,2995,3150
2525,2537,2799
2593,2598,2720
2853,3239,3326
3028,3029,3563
3090,3249,3251
3265,3434,3441
3472,3484,3829
3635,3724,3812
3709,3711,4247
3788,3939,3987
3914,4289,4307
3951,3965,4337
3960,3965,4325
3984,4051,4365
4127,4272,4273
4240,4284,4285
4606,4607,5141
4751,4867,4868
4911,5118,5158
5114,5118,5451
5142,5188,5443
5306,5310,5503
15,653,984
21,199,498
151,159,532
285,300,623
381,384,478
565,734,854
702,709,1092
834,840,1158
1081,1233,1561
1882,1944,1949
2362,2895,3021
3017,3021,3303
3205,3441,3482
3231,3391,3399
3304,3506,3512
3535,3573,3830
3587,3589,4083
4009,4475,4506
4243,4302,4360
4353,4354,4658
4591,5064,5091
4883,5041,5437
4927,5133,5139
4963,5252,5340
5127,5129,5235
126,677,1001
253,717,780
302,310,444
424,749,960
837,944,1177
851,957,1171
916,917,1417
1037,1192,1536
1361,1366,1693
1404,1408,1686
1536,1541,1679
1694,1903,2241
1725,2022,2195
1765,1770,2151
2171,2321,2598
2485,2550,2793
2616,2621,2759
2978,3258,3310
3120,3126,3275
3300,3499,3505
3566,4000,4067
3674,3678,3887
3794,3795,4125
3885,4182,4200
4313,4314,4760
4362,4363,4714
4492,4543,4854
4574,4620,4911
5087,5192,5461
10,14,439
78,79,483
551,701,978
669,743,748
1729,1734,2107
1910,2341,2410
2148,2150,2532
2159,2246,2309
2179,2404,2444
2322,2337,2712
2575,2594,2596
2670,2672,2954
2920,3027,3281
3160,3646,3662
3235,3298,3386
3427,3432,3775
3763,3918,4332
3868,4105,4124
3902,3903,4288
4003,4004,4538
4082,4084,4192
4331,4481,4758
4376,4564,4803
4596,4661,4930
4700,4705,4958
4979,4984,5034
4999,5000,5334
91,430,438
309,310,863
375,380,475
492,493,843
780,826,1099
1014,1310,1552
1643,1801,1831
1656,1837,1997
1794,1795,2118
1795,2279,2641
1933,2155,2157
2062,2345,2599
2111,2117,2400
2115,2117,2512
2268,2283,2646
2335,2660,2792
2483,2488,2787
2706,2708,2975
2728,3148,3155
3851,4056,4074
4014,4078,4380
4030,4531,4690
4044,4353,4384
4159,4165,4320
4274,4424,4508
4464,5000,5286
5033,5145,5417
157,160,464
236,749,766
351,425,550
588,770,1014
1567,1734,1778
1781,2317,2598
1865,2399,2523
2053,2064,2180
2226,2422,2483
2268,2276,2662
2939,2941,3006
2941,2961,2966
3086,3099,3196
3100,3113,3218
3229,3650,3659
3342,3684,3715
3419,3424,3764
3503,3810,3864
3967,3973,4345
4402,4624,4959
4495,4497,4979
4587,4590,4874
4640,4902,4945
4667,4935,4964
4891,5083,5123
5017,5345,5411
492,651,1105
838,1050,1052
1053,1059,1292
1314,1378,1680
1597,1702,1751
1603,1758,1782
1651,1843,1883
2042,2046,2265
2698,2701,2926
2878,3411,3540
2977,3405,3478
3507,3509,3615
3563,3567,3826
3827,4073,4112
4085,4561,4586
4268,4270,4602
4555,4557,5048
4575,4682,4920
4657,4662,4951
4734,4739,4956
125,127,456
141,180,236
542,555,697
686,691,738
1427,1906,1923
1542,1543,1602
2484,2530,2766
2492,2495,2988
2577,3011,3076
2625,2626,3128
2658,2824,2958
2741,2924,3042
3286,3287,3641
3345,3642,3815
3994,4301,4386
4351,4543,4583
4370,4371,4728
4555,4971,5054
4568,4835,4966
4724,4826,4828
5176,5188,5485
74,80,145
548,745,1027
684,1068,1164
834,837,945
1148,1149,1520
1160,1377,1717
1502,1541,1725
1760,1761,2150
1993,2057,2127
2023,2292,2560
2387,2493,2745
2431,2733,2786
2863,2909,3253
2963,2965,3459
2966,3500,3625
3354,3357,3893
3387,3412,3418
3465,3468,3733
3486,3533,3803
3592,3596,3869
3629,3894,4166
3810,3811,4152
3814,3984,4005
4059,4060,4594
4737,5171,5236
4780,4936,4937
5143,5207,5481
198,663,736
478,494,592
522,647,704
743,749,1056
929,1194,1466
947,952,1068
1105,1274,1281
1107,1269,1290
1180,1447,1466
1336,1813,1832
1622,1631,1853
2672,2827,2882
2967,2979,3307
2998,3290,3334
3040,3042,3536
3117,3270,3271
3270,3271,3612
3276,3457,3463
3291,3477,3538
3343,3690,3720
3867,4109,4224
4091,4198,4403
4491,4493,4605
4652,5090,5148
4657,4697,4951
4750,5029,5287
4863,4931,5040
4961,5259,5297
5103,5374,5453
5108,5375,5506
5196,5201,5475
383,388,480
546,579,694
789,1061,1117
907,969,1179
2666,2780,2822
2787,3029,3144
2803,3092,3180
3419,3421,3531
4285,4440,4889
4459,4464,4908
4622,4626,4917
4815,4817,5212
275,283,426
428,466,646
567,729,1116
1041,1198,1254
1216,1223,1618
1767,1841,2177
1789,1790,2322
1918,2394,2419
1971,1974,2222
2020,2033,2138
2063,2499,2563
2577,3014,3072
2681,2766,2864
2789,3031,3335
2826,3362,3690
2836,2838,2915
2873,2985,3257
3116,3119,3619
3187,3398,3526
3397,3725,3791
3803,3965,4070
3865,4102,4108
4146,4193,4402
4638,4658,4663
4872,5030,5037
4907,5087,5113
4908,5334,5341
5022,5029,5412
5183,5188,5487
215,219,352
332,333,405
511,634,668
529,950,959
624,851,1171
1633,1828,1948
1907,2441,2566
1986,2033,2242
2080,2566,2582
2652,2814,2935
2974,2978,3258
3131,3607,3629
3592,3639,3869
3946,3947,4266
4032,4038,4380
4821,4983,5035
4948,5185,5204
5008,5013,5452
87,149,553
475,533,534
530,684,966
1178,1465,1505
1516,1518,2053
1628,1779,1827
1662,1663,2014
1732,1736,2184
1912,1913,2413
2087,2096,2204
2218,2411,2473
2668,2826,3150
2827,2832,3209
2948,3369,3448
3104,3262,3263
3217,3219,3606
3271,3437,3458
3618,3632,3790
4135,4136,4630
4147,4211,4276
4263,4265,4777
4387,4593,4712
4718,5191,5217
4923,5118,5221
5016,5021,5456
722,723,1049
816,880,1158
954,959,1176
1198,1212,1578
1271,1605,1716
1447,1511,1576
1517,1993,2016
1572,1734,1855
1585,1743,1862
1711,1996,2101
2330,2862,3035
2403,2674,2753
2512,2516,2789
3738,3904,3912
3848,4115,4154
3961,4071,4341
4017,4018,4552
4170,4329,4331
4170,4648,4665
4311,4471,4599
5291,5438,5439
13,648,833
312,317,608
365,367,389
624,917,957
1154,1155,1531
1181,1453,1473
1513,1515,1580
1768,1772,2176
2132,2287,2342
2213,2405,2523
2266,2569,2587
2379,2383,2731
2569,2588,2590
2668,2821,3162
2737,2950,3070
2847,2922,3231
2984,3417,3480
3069,3309,3339
3087,3092,3340
3846,4042,4103
4207,4218,4336
4269,4421,4430
4516,4564,4825
4651,4672,4677
4969,4974,5347
303,309,627
580,756,1004
651,776,1026
765,768,1033
838,1130,1174
863,865,931
926,928,1018
942,1000,1115
1037,1197,1541
1142,1186,1397
1278,1280,1660
1421,1695,1710
1978,1990,2257
2059,2064,2184
2804,3095,3121
3139,3150,3264
3203,3317,3436
3349,3399,3727
3447,3934,4251
3469,3935,3966
3912,3913,4447
4105,4125,4130
4267,4434,4478
4300,4462,4470
4495,4984,5034
4707,4712,4960
4750,4752,5287
4844,4915,4997
4966,5273,5325
55,676,812
217,733,752
842,846,1137
913,975,1171
1046,1048,1439
1115,1504,1512
1183,1468,1525
1219,1223,1500
1273,1274,1807
1319,1323,1594
1393,1615,1617
1540,2022,2044
1844,2378,2502
1936,1941,2245
2037,2039,2532
2122,2128,2406
2224,2426,2545
2249,2516,2558
2314,2318,2365
2454,2467,2778
2568,2610,2794
2583,2707,2735
2734,2909,2971
3264,3682,3690
3490,3491,3991
3827,4007,4033
3925,3932,4322
4242,4251,4360
4429,4475,4548
4687,4707,4709
5099,5111,5453
86,148,309
115,673,722
165,170,307
559,784,824
1041,1203,1255
1059,1215,1551
1606,1761,1811
2375,2692,2736
2436,2456,2461
2496,2502,2790
2941,3006,3293
3239,3241,3578
3241,3388,3717
4091,4197,4411
4377,4378,4700
4887,5053,5116
45,47,125
171,758,882
347,355,363
420,426,575
921,1015,1104
923,925,1418
1063,1218,1242
1425,1429,1708
1708,1945,2253
1735,2268,2453
2260,2552,2591
3009,3014,3323
3068,3070,3564
3260,3676,3684
3289,3478,3596
3319,3574,3690
3368,3372,3752
3481,3501,3506
3707,3711,3824
3909,4028,4333
3945,4058,4332
4168,4260,4348
4403,4635,4752
4466,4470,4857
4549,4863,4931
4628,5162,5286
5137,5414,5488
70,531,542
103,105,592
297,379,625
581,764,882
608,875,914
747,1087,1180
767,828,832
880,1083,1085
901,1054,1056
971,1118,1119
996,1001,1139
1174,1426,1487
1255,1739,2101
1575,1577,1972
1651,1821,1883
1661,1844,1850
1667,1847,2221
2027,2033,2149
2115,2249,2273
2250,2503,2645
2341,2451,2721
2401,2421,2426
2521,2762,2806
2580,2586,2735
2630,3115,3136
2683,2838,2862
3026,3460,3527
3243,3245,3536
3271,3437,3821
3825,4011,4017
4151,4685,4796
4178,4655,4672
4646,5080,5147
4659,4761,4950
110,180,545
579,753,814
723,1050,1131
1537,1562,1584
2223,2415,2476
2359,2361,2846
2373,2480,2736
2474,2475,3009
3147,3225,3268
3245,3399,3469
3282,3283,3634
3495,3602,3840
3747,3903,4176
3754,3843,3983
3816,3997,4003
4456,4463,4858
4503,4505,4988
4874,4948,5093
425,903,920
456,458,515
561,726,847
855,1389,1512
980,984,1182
1145,1146,1514
1643,1801,2197
1655,1829,2044
1724,2019,2104
2262,2604,2635
2443,2508,2773
2501,2775,2790
2515,2516,3010
3095,3182,3207
3098,3575,3592
3139,3144,3264
3466,3470,3814
3601,4038,4097
3683,3684,4181
4187,4199,4309
4448,4452,4832
4531,4571,4897
4629,4632,4898
4931,5136,5154
483,784,997
538,541,766
796,1269,1297
884,889,1173
1199,1257,1581
1729,1779,2107
1819,2306,2626
1824,1846,1851
1998,2004,2169
2266,2592,2625
2290,2294,2581
2420,2424,2733
2489,3023,3144
2497,2502,2791
2882,2884,3157
2992,3493,3653
3047,3049,3543
3061,3495,3562
3261,3426,3547
3782,3795,3937
3859,4080,4114
3883,4172,4260
3901,3905,4348
4074,4079,4374
5233,5297,5367
4,92,486
51,57,426
63,168,557
276,279,411
537,739,1006
933,935,1022
1143,1401,1441
1294,1758,1790
1374,1387,1698
1595,1596,2048
1708,1969,2010
1950,1955,2228
3435,3441,3809
3514,3516,3581
3665,3666,4160
4331,4481,4805
4440,4516,4522
4618,4620,5114
4687,4749,4959
4967,5275,5293
62,139,537
1119,1359,1399
1268,1317,1572
1369,1434,1681
1426,1527,1713
1605,1716,1757
1674,1716,1881
1867,1888,1893
1957,1997,2251
2267,2575,2720
2351,2353,2837
2727,2893,2956
2890,2892,3299
3004,3066,3071
3263,3425,3530
3290,3291,3648
3534,3539,3834
3623,4101,4118
3647,3653,3769
3674,3711,3887
3929,3930,4321
4047,4059,4387
4207,4212,4336
4255,4256,4760
4731,4886,4887
4916,5321,5343
4973,4974,5357
5271,5426,5427
397,403,517
679,683,1115
775,1191,1274
839,1134,1158
902,1145,1177
1150,1360,1366
1284,1350,1633
1285,1286,1664
1412,1850,1908
1527,1605,1648
1708,1948,2010
1731,1856,2106
1922,1924,2032
2200,2624,2631
2344,2684,2721
2733,2734,3038
2739,2913,2974
2813,2814,3197
3067,3131,3196
3078,3081,3173
3094,3138,3341
3252,3410,3417
3303,3498,3601
3614,3617,4110
3675,3740,3800
4229,4230,4728
4877,5038,5160
4883,5111,5150
4988,5045,5372
5102,5363,5477
5221,5462,5506
137,139,686
269,354,402
331,388,628
413,438,470
589,778,784
723,1213,1262
1344,1653,1684
1635,1785,1852
1669,1858,1864
1846,1892,2194
1941,1942,2476
1991,2525,2636
2018,2115,2117
2146,2296,2350
2196,2377,2383
2314,2369,2708
2327,2329,2810
2331,2345,2717
2353,2354,2887
2454,2460,2778
2536,3037,3181
3133,3135,3200
3254,3328,3473
3313,3527,3533
3578,3582,3866
3803,4031,4070
3907,3912,4289
4069,4135,4403
4883,5041,5071
5170,5174,5477
272,594,618
663,664,1198
782,1043,1157
887,1363,1388
1048,1201,1660
1435,1909,1935
1466,1472,1576
1629,1631,1965
1783,1824,1890
1834,1836,2324
2544,2709,2710
2714,2788,2933
2757,2798,2968
2775,2804,3003
2808,2823,3186
3207,3636,3646
4273,4394,4508
4308,4310,4692
4331,4476,4777
4685,4690,4959
4747,4752,4876
5332,5336,5448
111,112,153
130,140,149
173,176,315
381,387,495
434,471,647
703,709,1093
715,1204,1254
777,778,1312
863,868,1167
971,1450,1467
1235,1308,1567
2003,2159,2161
2010,2488,2505
2790,3043,3185
3016,3018,3084
3402,3417,3792
3429,3452,3457
3807,3969,4356
3886,4189,4207
3934,3938,3985
4021,4085,4384
4188,4230,4414
4189,4243,4309
4242,4243,4302
4708,4798,4816
4923,5115,5485
5057,5124,5429
202,237,290
253,558,629
532,608,712
752,756,1107
919,925,1080
1094,1168,1313
1137,1138,1460
1246,1248,1552
1261,1370,1657
1784,1789,2143
2041,2075,2192
2294,2669,2687
2558,3031,3057
2563,2566,3100
2681,2683,3024
3255,3409,3517
3443,3449,3756
4120,4323,4325
4121,4395,4410
4240,4722,4744
4333,4489,4528
4363,4540,4601
4456,4461,4840
5032,5083,5394
5101,5121,5126
5107,5128,5133
267,317,619
312,371,608
625,862,868
703,749,1093
814,818,1098
918,925,1090
1225,1227,1302
1697,1909,1929
1712,2026,2063
1726,2029,2176
1938,1958,1963
2090,2225,2226
2314,2319,2708
2574,2579,2796
2694,2850,2921
2972,2973,3507
3046,3147,3333
3451,3489,3761
3521,3533,3853
3606,3610,3862
3616,3617,4117
4118,4122,4406
4158,4161,4253
4317,4465,4518
4321,4468,4797
4329,4408,4477
4364,4543,4789
5017,5019,5411
5196,5199,5301
629,875,938
801,847,1135
872,1310,1368
1000,1156,1157
1066,1270,1600
1292,1338,1647
1356,1420,1698
2018,2019,2512
2281,2285,2728
2458,2934,2959
2821,2825,3145
2995,3000,3319
3031,3097,3319
3046,3108,3110
3636,3639,4173
3854,4066,4127
3972,4315,4345
4012,4016,4283
4564,4565,5099
4779,4781,5316
4854,5037,5081
5115,5221,5485
5178,5244,5485
5293,5295,5360
125,126,520
211,219,600
572,741,993
727,741,1105
750,753,860
834,847,1158
877,915,1152
1825,1826,2204
1847,1908,1912
1961,2235,2250
1999,2039,2160
2100,2548,2608
2151,2311,2319
2351,2842,2890
2384,2918,3042
2570,2573,3107
2578,2699,2700
2821,2826,3280
3291,3474,3492
3739,3741,4068
3741,3955,4261
3876,4133,4159
4113,4370,4399
4284,4425,4516
4774,4775,5274
4995,5377,5482
5155,5195,5479
475,608,609
1315,1317,1808
1672,1857,2099
1855,2271,2354
2008,2100,2188
2104,2555,2613
2161,2313,2592
2195,2369,2584
2466,2757,2781
2769,2802,3030
2891,3377,3701
3021,3022,3556
3208,3366,3690
3405,3518,3792
4089,4092,4358
4220,4224,4422
4312,4314,4650
4617,4725,4938
5092,5094,5159
5177,5181,5463
5288,5326,5506
5309,5371,5372
126,128,677
285,289,578
346,891,1006
372,388,550
465,515,516
638,900,918
1443,1444,1978
1634,1635,1965
1688,1889,2239
2059,2061,2131
2245,2482,2488
2321,2856,3183
2652,2653,3003
2708,2905,3187
2708,2907,3171
2905,2907,3187
3486,3491,3803
3530,3802,3860
4306,4511,4781
4330,4479,4702
4410,4663,4669
4633,5111,5128
4846,5050,5380
5141,5146,5473
52,57,588
133,139,505
706,707,1026
748,749,1243
987,1065,1108
1128,1554,1561
1560,1561,2066
1678,1867,2227
1755,2133,2187
1952,2206,2252
2129,2293,2425
2637,2638,2654
2782,3004,3065
3061,3063,3557
3204,3205,3662
3455,3772,3816
4174,4218,4421
4325,4475,4499
4860,5245,5276
5179,5406,5408
5243,5433,5434
99,170,534
166,308,581
169,543,581
567,756,796
605,606,974
1275,1289,1649
1552,1553,1624
1582,1643,1742
1617,1765,1818
1944,1990,2226
2110,2268,2326
2297,2302,2350
2447,2981,3106
2452,2953,3113
2656,3089,3099
2874,2875,3198
3352,3356,3679
3393,3929,4212
3644,3802,3803
3827,4007,4381
4093,4094,4588
4192,4308,4309
4207,4209,4269
4393,4607,4613
4430,4435,4486
4455,4990,5329
4459,4460,4794
4545,4548,4813
4589,4694,4939
4778,4835,4919
4837,4942,4991
5212,5259,5489
5299,5304,5424
1,14,502
166,251,256
295,297,630
361,521,523
711,716,1050
901,1335,1402
921,980,982
1047,1203,1476
1314,1334,1339
1746,2126,2240
2222,2223,2588
2378,2383,2741
2427,2439,2767
2662,2668,2946
3350,3409,3730
3618,3624,3789
4093,4571,4588
4181,4224,4412
4183,4186,4720
4537,5070,5237
4582,4688,4947
4889,5062,5069
4898,4960,5135
4940,5223,5264
4987,4994,5387
5022,5025,5138
225,305,310
409,412,947
676,681,1060
1053,1107,1211
1301,1303,1792
1515,1580,1640
1759,1763,2040
2166,2168,2435
2171,2321,2645
2702,2711,2933
2976,3040,3318
2990,3425,3486
3140,3144,3342
3941,4329,4408
4055,4101,4359
4260,4324,4325
4371,4557,4618
287,291,417
569,742,861
730,732,1139
739,1075,1138
772,784,1129
871,938,1175
968,1006,1186
1098,1099,1432
1115,1289,1504
1192,1196,1519
1281,1282,1815
1943,1945,2011
1992,1997,2244
2339,2353,2721
2560,2565,2677
2561,2604,2792
2571,3004,3071
2622,2626,2740
2675,2806,2903
2957,3270,3300
3125,3603,3620
3358,3365,3753
3450,3456,3816
3657,3768,3770
3830,3831,4188
4594,4598,4878
4774,4845,4846
111,117,260
788,1054,1143
811,1289,1306
1037,1192,1679
1112,1281,1533
1176,1433,1459
1464,1629,1630
1752,1753,2287
1989,2229,2259
2006,2012,2116
2079,2411,2616
2374,2376,2864
2528,2530,3024
2534,2969,3034
2961,3007,3295
3091,3195,3196
3556,3560,3822
3581,3855,3870
3724,3854,3855
4127,4395,4424
4293,4299,4532
4769,4831,4832
4811,4879,4973
4960,5230,5291
5057,5079,5084
1209,1328,1633
1287,1778,1825
1765,1779,2151
2090,2579,2594
2191,2383,2423
2240,2460,2564
2243,2475,2592
2768,2969,3319
2856,2861,3296
3005,3007,3501
3660,3666,3815
3774,3957,4001
3969,4036,4356
4125,4172,4408
4252,4253,4324
4467,4492,4498
4517,4584,4889
4550,4551,5085
5065,5066,5327
5078,5090,5441
410,412,906
460,461,962
633,890,1001
684,1219,1554
721,831,1101
876,882,1170
920,925,1178
1148,1415,1454
1441,1443,1937
1619,1706,1769
2210,2254,2414
2397,2398,2932
2889,2912,2917
3271,3441,3503
3302,3303,3668
3347,3659,3710
3559,3996,4055
3560,3822,3865
3566,3822,3881
3705,3842,3843
3771,3931,4059
3958,4491,4620
4596,4660,4938
5024,5076,5383
29,502,563
63,99,107
132,134,163
260,263,786
415,468,540
1327,1348,1353
1550,1602,1603
1799,1804,2144
2032,2148,2149
2226,2488,2528
2329,2330,2862
2883,3210,3291
3542,3544,3652
3748,3901,4242
4015,4017,4508
4197,4308,4310
4362,4421,4602
4476,4480,4880
4846,4996,5050
4882,4883,5219
5034,5035,5358
5176,5181,5485
175,176,213
754,1062,1187
775,1034,1184
1065,1066,1494
1670,1671,2028
2462,2467,2781
2694,2877,2921
2848,2849,3179
3087,3132,3340
3292,3477,3719
3332,3579,3640
3473,3519,3795
3661,3692,3776
3700,4186,4202
3823,4000,4061
3828,4010,4254
4675,4676,5170
5065,5066,5444
5102,5364,5505
306,331,337
402,562,563
619,840,874
1168,1429,1470
1414,1915,2070
1755,2290,2629
1768,1769,2099
2155,2218,2306
2248,2509,2550
2756,3161,3183
2835,3371,3695
2841,2842,3376
3244,3343,3420
3389,3390,3781
3467,3528,3532
3468,3733,3825
3510,3794,3847
3792,3950,4115
4149,4389,4419
4408,4645,4953
4817,4977,5304
5218,5230,5497
5253,5255,5342
383,384,568
405,408,463
421,426,572
628,868,930
685,692,1082
737,803,1121
835,875,1159
1023,1324,1537
1102,1160,1326
1275,1281,1649
1382,1386,1677
1490,1493,2027
1595,1726,1823
1849,2163,2231
2304,2688,2784
2647,2814,2858
2983,3003,3008
3005,3481,3506
3105,3217,3218
3277,3490,3610
3407,3890,4256
3415,3739,3827
3534,3547,3858
3720,4172,4226
4421,4693,4713
4499,4504,4844
4713,4719,4827
4747,4758,4876
4906,4952,5148
5274,5315,5496
37,43,471
39,40,519
163,169,543
173,178,493
233,234,267
564,982,990
618,841,995
994,1134,1135
1157,1369,1389
1241,1777,2058
1810,1812,2219
1928,2462,2586
2765,2807,3024
2953,2993,3301
2998,3000,3494
3627,3672,3880
3704,3706,4242
3945,4057,4369
4217,4697,4714
4480,4807,4811
4511,5002,5050
4534,4842,4967
4534,4998,5030
5123,5387,5390
5197,5237,5491
5234,5392,5394
141,143,173
340,345,629
515,646,743
582,641,822
1121,1304,1422
1185,1506,1540
1586,1700,1742
1589,1753,1761
1614,1767,1791
1647,1813,1876
2094,2096,2632
2162,2175,2317
2528,2965,3024
2724,3142,3150
2887,2892,3235
2899,2901,3386
3074,3309,3342
3370,3375,3824
3453,3560,3816
3497,3810,3840
3570,3617,3848
3697,3701,3836
3803,3961,3991
3837,3838,4160
4041,4045,4375
4043,4307,4310
4047,4050,4334
4169,4434,4706
4497,4498,5031
4506,5039,5167
4631,4738,4943
4761,4831,4884
107,711,840
179,544,643
250,282,334
795,857,862
1909,1974,2221
2414,2418,2751
2541,2600,2602
2667,2823,3096
2749,2938,2944
2834,3209,3227
2952,2965,3300
3190,3406,3726
3205,3360,3809
3292,3719,3725
4033,4069,4134
4287,4716,4726
4466,4471,4518
4528,5023,5188
4800,4801,5306
387,495,496
608,809,1159
860,1122,1165
1034,1184,1268
1819,1821,2306
2140,2302,2310
2203,2380,2773
2217,2218,2540
2715,2937,2977
2875,3200,3332
3065,3067,3129
3278,3340,3515
3700,3701,4202
4109,4643,4764
4287,4443,4716
4503,4831,4954
5074,5382,5507
5297,5442,5443
29,506,620
361,802,869
367,437,507
712,763,1074
775,1033,1154
974,978,1187
981,1051,1104
989,1051,1052
1247,1730,2096
1271,1273,1757
1322,1583,1697
1861,1925,2224
1905,2182,2233
2047,2049,2109
2056,2337,2593
2139,2295,2615
2521,2958,3017
2625,2675,2676
2777,2989,3323
2788,3028,3090
2874,2876,3177
3029,3563,3684
3137,3282,3283
3173,3244,3288
3222,3223,3674
3275,3664,3672
3530,3742,3748
3642,3700,3815
3928,3932,4336
4672,4719,4949
4944,5171,5197
4964,5255,5432
4969,5020,5351
104,500,632
817,1249,1313
937,1046,1047
1181,1453,1587
1295,1612,1656
1609,1761,2030
2322,2328,2659
2513,2574,2576
3098,3258,3259
3227,3230,3459
3482,3484,3976
3493,3529,3594
3886,4212,4245
4394,4606,4667
5156,5202,5471
646,953,1005
1426,1488,1490
1973,2034,2036
2163,2231,2340
2854,2909,3248
3115,3168,3240
3811,3977,4361
4921,5152,5273
4969,5019,5347
187,190,479
779,791,1133
786,791,1103
878,882,1166
1031,1037,1320
1487,1499,1609
1751,1752,2139
1960,2232,2263
1963,2496,2645
2045,2520,2542
2066,2101,2263
2142,2143,2594
2374,2682,2807
2492,2927,2992
2826,3361,3704
2836,2850,3220
2879,2893,3261
2898,2900,3162
3079,3085,3240
3439,3775,3838
3465,3470,3825
3556,3558,3624
3562,4096,4218
3621,3713,3790
3715,3848,3849
3999,4045,4351
4209,4269,4336
4227,4305,4348
4424,4775,4804
4458,4535,4840
4833,4839,5072
5055,5069,5429
443,882,941
604,806,925
611,840,880
736,784,1045
1146,1342,1707
1274,1807,1934
1309,1623,1691
1416,1429,1710
1668,2094,2101
1854,1919,2209
2218,2407,2427
2264,2555,2581
2326,2327,2646
2558,2718,2719
3167,3168,3233
3230,3379,3712
3365,3738,3753
3539,3834,3858
3655,3710,3800
3689,4126,4190
3698,3755,3839
3875,4137,4143
4089,4091,4198
4816,4974,5249
4832,4987,5042
5064,5130,5413
5115,5177,5182
5179,5438,5500
5197,5202,5491
5268,5273,5494
305,363,606
463,522,580
554,555,885
643,928,985
898,900,963
907,971,1036
960,966,1115
1475,1564,1652
1777,2105,2171
2071,2105,2264
2152,2154,2490
2193,2246,2386
2198,2199,2547
2367,2707,2800
2889,2956,3276
3885,4182,4355
3994,3996,4484
4341,4506,4513
4547,4653,4905
262,263,793
288,366,370
517,519,906
532,534,870
1194,1195,1728
1246,1248,1668
1301,1770,1792
1446,1493,1702
2853,3238,3274
3110,3113,3647
3694,3765,3766
4210,4212,4747
4375,4564,4625
74,81,548
172,181,190
214,273,591
270,350,355
793,831,1106
1108,1528,1535
1309,1775,1806
1610,1759,2208
2089,2383,2627
2104,2105,2611
3026,3188,3190
3348,3351,3476
3580,4056,4081
3582,3583,4116
3608,3761,3763
3818,3819,4167
3959,3973,4341
4007,4113,4365
4133,4234,4320
4201,4235,4352
4321,4473,4752
4625,5101,5126
4879,5033,5099
4913,5105,5111
385,388,926
456,466,599
680,1016,1070
908,1345,1404
1039,1127,1199
1051,1174,1208
1056,1289,1328
1574,1724,1808
1623,1691,1800
1675,1861,2224
1860,1864,2179
2053,2055,2120
2563,2832,3100
2861,3249,3328
3259,3484,3524
3269,3442,3449
3311,3312,3686
4614,4627,4938
4918,5107,5127
5136,5200,5478
5268,5310,5494
397,404,518
488,490,822
499,501,828
666,1046,1160
717,718,1251
1030,1246,1566
1291,1296,1657
1497,1650,1651
1570,1728,1786
1716,1973,2160
2434,2446,2770
3016,3021,3325
3047,3526,3543
3189,3341,3350
3192,3351,3427
3326,3558,3576
3431,3433,3917
4367,4547,4573
4425,4746,4780
4612,4613,5113
4645,4665,4670
4667,4812,4813
4674,4922,4955
4685,4687,4749
4685,4689,4929
4907,5153,5192
5112,5125,5460
135,139,453
470,522,523
527,571,680
997,1022,1044
1342,1404,1409
1442,1685,1717
1604,1606,1881
1745,2118,2133
2168,2365,2647
2342,2344,2617
2483,2485,2551
2508,2776,2793
2564,2666,2668
2929,3399,3420
3037,3075,3312
3112,3228,3229
3422,3423,3749
3450,3455,3772
3517,3782,3791
3521,3525,3802
4233,4235,4741
4609,4674,4921
4901,5084,5202
4971,5096,5346
5041,5150,5437
35,206,553
657,1031,1099
881,1155,1170
1185,1482,1500
1357,1622,1631
1904,2178,2249
2150,2304,2586
2304,2840,3126
2342,2344,2756
2413,2451,2726
2944,2945,3479
3332,3579,3758
3441,3442,3975
3472,3474,3539
3563,3575,3867
3586,3689,3769
3719,3721,4257
3778,3781,4006
4305,4416,4457
4850,5004,5286
4942,5167,5271
5120,5124,5433
5204,5206,5307
18,103,498
242,300,579
355,898,1011
480,611,612
508,666,1006
544,545,986
656,1026,1042
835,871,937
1185,1482,1655
1721,1997,2057
1800,1850,2165
1952,2387,2452
1964,1976,2253
2040,2043,2167
2187,2349,2370
2529,2769,2799
2723,2885,2990
2887,2893,3265
3031,3052,3057
3096,3099,3633
3281,3464,3470
3620,3666,3878
3731,3737,4020
3872,4122,4223
4270,4486,4806
4405,4642,4758
4688,5125,5184
4717,4826,4827
4767,4845,4888
4837,4839,5226
85,95,552
164,228,571
769,1084,1183
849,851,958
856,868,1165
1066,1221,1271
1349,1410,1414
1383,1429,1694
1509,1569,1636
1651,1817,2201
1803,2288,2645
1880,1885,2224
2179,2333,2753
2228,2495,2534
2343,2828,3185
2446,2447,2981
2465,2754,2796
2600,2604,2802
3643,3912,4180
3696,3701,3839
3883,4168,4225
3925,3930,4311
4027,4092,4357
4374,4416,4581
4409,4651,4955
4603,4667,4941
4605,4882,4933
31,54,509
73,81,147
208,751,910
627,869,875
648,651,776
856,860,1122
1035,1169,1193
1220,1556,1610
1395,1929,2052
1478,1638,1639
1917,1979,1984
2253,2510,2516
2269,2319,2647
2527,2591,2656
2715,2869,2977
2716,2869,3130
2977,3409,3473
3066,3113,3322
3234,3390,3461
3688,3690,4225
3886,4193,4245
3942,3949,4332
4090,4094,4397
4144,4678,4791
4511,4513,4997
4946,5202,5243
5320,5364,5365
280,781,806
298,578,640
661,665,985
668,673,722
949,1005,1096
961,992,1076
1184,1479,1564
1294,1296,1784
1296,1297,1830
1827,2318,2365
1889,1995,2227
2963,3270,3324
3314,3523,3542
3406,3408,3828
3800,4216,4224
3805,3974,4094
3880,4150,4211
3900,4023,4278
4164,4329,4330
4359,4533,4594
4420,4690,4751
7,122,129
20,21,131
54,57,680
280,784,801
667,669,789
773,819,1095
961,995,1112
1103,1261,1291
1224,1760,2046
2157,2359,2626
2190,2191,2532
2233,2447,2453
2520,2585,2710
2525,2527,2589
2665,2823,2942
3385,3387,3462
3857,4069,4089
3946,3948,4368
4022,4440,4522
4429,4434,4807
4509,4577,4885
4519,4855,4918
4541,5010,5032
4594,4596,4661
4662,4663,5196
4795,4796,5300
5300,5336,5502
141,143,585
202,204,231
257,263,344
505,660,1109
652,657,1139
765,770,1125
853,1075,1077
935,991,993
999,1331,1536
1013,1084,1128
1058,1212,1483
1212,1213,1747
1411,1478,1715
1597,1599,1986
1967,2112,2113
2020,2022,2078
2069,2509,2568
2504,2508,2776
2619,2951,3156
2872,2877,3234
3237,3385,3438
3237,3390,3439
3239,3326,3389
3375,3753,3807
3737,3892,4379
4454,4829,4847
4745,5220,5242
4788,4853,4904
4980,5102,5429
5039,5044,5384
344,833,850
460,504,505
629,871,1175
638,903,965
750,756,1116
891,894,1142
891,896,1175
1124,1549,1556
1448,1885,1944
1752,1755,2291
1811,1813,2297
2123,2237,2356
2297,2353,2686
2364,2431,2745
2395,2654,2804
2577,2688,2690
2650,2866,3186
2715,2865,2932
2884,3224,3261
3149,3290,3291
3201,3415,3721
3335,3597,3603
3403,3409,3793
3524,3953,4025
3571,3637,3859
3703,3762,3820
3714,3716,4252
3784,3883,3960
3840,4039,4045
3898,3900,4023
3922,4456,4592
4163,4165,4658
4404,4631,4951
4508,4557,4812
4897,5110,5230
4910,4911,5268
4944,5174,5277
4959,5231,5336
4963,5310,5340
5058,5060,5440
5156,5160,5471
132,139,226
559,717,824
664,1198,1338
887,1032,1033
950,953,1487
1163,1395,1512
1232,1611,1622
1351,1653,1706
1596,1749,1783
1663,1843,1946
2184,2602,2610
2376,2377,2910
2887,2889,2957
3061,3302,3346
3074,3509,3574
3154,3225,3226
3334,3589,3689
3640,3653,3758
3888,3894,4266
4063,4127,4401
4257,4265,4372
4423,4770,4800
4843,4998,5022
4956,5213,5239
206,669,748
713,780,785
872,1039,1041
1024,1154,1155
1262,1264,1537
1463,1941,1958
1564,1694,1695
1971,1976,2255
1973,2074,2160
2143,2298,2322
2420,2425,2764
2458,2937,2954
2479,2913,2980
2571,3007,3066
2838,2864,2870
2994,3007,3318
3039,3141,3330
3586,3687,3873
3851,4080,4120
4161,4253,4330
4178,4651,4677
4221,4291,4344
4409,4676,4718
4412,4662,4763
4549,4864,4963
4555,4813,4934
552,710,717
838,1314,1339
876,879,981
1099,1324,1364
1165,1402,1518
1234,1289,1628
1323,1594,1673
1326,1373,1643
1650,1651,1992
1819,2311,2358
2030,2301,2567
2608,2893,3145
2844,3380,3666
3175,3308,3309
3205,3363,3482
3234,3417,3461
3303,3561,3601
3308,3512,3614
3785,3935,3959
3814,4010,4051
3891,3968,3974
4051,4524,4551
4091,4152,4156
4358,4420,4595
4937,5149,5483
4965,5262,5435
51,52,472
60,63,557
573,626,766
859,1086,1088
1231,1765,1899
1496,1499,1999
1683,1875,2245
1833,1895,1900
1917,2024,2257
1920,1921,2454
1943,1948,2247
2009,2274,2546
2555,2644,2732
2575,2630,2720
2614,3056,3114
2629,2923,3167
2901,2902,3435
2941,3005,3304
3000,3001,3534
3059,3106,3320
3325,3562,3568
3328,3565,3873
3415,3904,3954
3707,3716,3824
4022,4284,4425
4175,4231,4233
4189,4245,4336
4231,4265,4424
4391,4596,4938
4865,5015,5421
4884,5302,5310
257,259,623
360,431,496
1015,1073,1074
1255,1257,1739
1452,1499,1704
1485,1597,1598
1525,1535,1648
1631,1781,2105
1654,1824,1845
1726,2033,2085
2044,2046,2580
2104,2559,2611
2153,2154,2600
2202,2203,2554
2289,2363,2368
2296,2298,2375
2415,2521,2785
2701,2853,3132
3058,3063,3337
3295,3481,3844
3641,3646,3872
3797,3958,4080
3804,4222,4230
4170,4172,4665
4375,4561,4924
4572,4585,4920
4810,4974,5027
4874,4875,5205
4966,5269,5287
4989,5109,5369
5094,5158,5460
180,181,765
200,201,779
474,770,1012
480,481,986
643,990,1020
1333,1371,1646
2175,2325,2392
2192,2361,2613
2204,2383,2629
2652,2654,3151
2907,3394,3711
3036,3039,3141
3240,3390,3656
3433,3434,3967
3640,3645,3757
3683,3826,3827
3704,3996,4242
3801,3966,3973
3832,4259,4265
4317,4518,4851
4522,5055,5181
4715,4771,4773
4990,4991,5329
89,95,244
92,94,588
352,514,516
460,946,962
722,724,1136
866,1303,1362
935,1024,1112
1263,1590,1671
1267,1273,1645
1285,1286,1547
1619,1621,1958
1709,1951,1971
1728,1743,2106
1862,2124,2265
1901,1913,2233
2380,2487,2741
2808,2814,3186
3283,3460,3521
3387,3462,3771
3549,3554,3863
3630,4105,4130
3649,3705,3796
3750,3752,4034
3758,4183,4193
3796,4210,4218
3915,4450,4789
3990,3996,4356
4836,4992,5108
4946,5178,5196
4954,5209,5309
9,15,444
187,479,485
310,863,984
667,672,1049
844,952,1161
930,1094,1095
980,1016,1182
1400,1662,1705
1446,1450,1702
1630,2002,2012
1741,1745,2188
1878,1879,2412
1931,1992,1996
2136,2292,2408
2427,2432,2767
2747,2927,2953
2817,3352,3699
2942,3363,3436
3125,3600,3622
3182,3204,3296
3567,3826,3867
3587,4066,4083
3656,3930,4159
4061,4073,4393
4062,4108,4363
4116,4129,4410
4148,4150,4644
4197,4199,4692
4307,4310,4539
4562,4983,5056
4652,4655,5148
4743,4867,4895
4896,5077,5237
276,291,621
536,638,686
582,583,934
758,760,867
1416,1421,1695
1523,1524,2021
1552,1556,1668
1826,2108,2173
1854,1918,2220
1929,1941,2243
1980,2043,2257
1993,2055,2251
2229,2262,2490
2652,2811,2887
2954,2958,3291
3172,3176,3288
3378,3404,3410
3554,3555,4089
3595,4073,4090
3689,3690,4188
3993,4055,4060
4431,4556,4806
4539,4585,4891
4681,5118,5177
5325,5462,5463
116,524,561
233,234,619
267,273,619
828,833,1127
1478,1951,1977
1883,2147,2150
2090,2091,2594
2170,2319,2542
2271,2396,2646
2486,2488,2982
2521,2674,2676
3460,3566,3853
3737,3897,4224
3814,3984,4365
4007,4112,4381
4068,4073,4367
4114,4115,4615
4419,4691,4796
4443,4444,4978
4765,4767,4845
433,438,560
535,537,808
731,1217,1541
1086,1088,1355
1107,1296,1336
1631,1776,2216
1808,1857,2112
1817,1883,2201
1908,1913,2207
2141,2143,2484
2392,2404,2749
2752,2937,3179
2789,3035,3098
3228,3230,3612
3346,3653,3705
3351,3428,3434
3407,3728,3823
3558,3578,3583
4211,4690,4707
4354,4524,4905
4426,4729,4876
4602,4648,4903
5057,5123,5441
48,128,526
158,681,704
218,570,600
270,402,637
361,805,864
484,492,494
795,901,1165
971,1087,1088
1219,1224,1668
1393,1394,1888
1755,2137,2242
1838,1843,2201
2428,2432,2758
2609,3049,3108
2648,2743,2810
2672,2883,3185
2862,2877,3252
3104,3106,3599
3241,3393,3721
3272,3666,3693
3402,3405,3518
3834,3876,4041
3884,4175,4352
3956,4290,4337
4083,4129,4394
4185,4297,4298
4314,4470,4541
4344,4505,4762
4366,4412,4608
4411,4662,4696
4617,4724,4957
5121,5167,5455
5206,5309,5389
101,254,557
134,226,581
205,459,466
1880,1882,1989
1882,1989,2224
1924,1986,1991
1945,2011,2247
2551,2655,2656
2761,2992,3113
2904,2970,3253
3290,3334,3494
3572,4010,4068
3681,3751,3804
3870,4123,4265
4063,4083,4088
4338,4409,4560
4368,4794,4801
4382,4426,4637
4383,4575,4945
4490,5022,5195
4574,4578,4911
4869,4871,5205
4899,5073,5470
5101,5165,5464
5135,5139,5439
163,170,581
830,1265,1326
1018,1034,1132
1091,1236,1537
1263,1748,2105
1604,1675,1757
1645,1814,1934
1659,1833,1894
1687,1893,2012
1761,1764,2300
2003,2193,2194
2057,2109,2110
2402,2404,2896
2836,2843,3238
2895,2901,3269
3057,3591,3706
4070,4282,4288
4861,5008,5337
4878,4879,5212
919,959,1080
965,1137,1138
1266,1799,1927
2074,2516,2574
2097,2101,2212
2361,2362,2895
2500,2502,2996
2596,2877,3133
2673,2727,2831
2867,3355,3406
3102,3158,3218
3338,3600,3790
3638,4115,4132
3707,3708,3773
3848,4052,4154
4272,4274,4771
4317,4519,4786
4398,4621,4627
4732,4848,4849
4817,4972,5316
5013,5398,5434
5287,5298,5416
5311,5315,5504
306,386,633
477,485,592
628,889,930
1169,1415,1478
1222,1756,1892
1254,1256,1557
1478,1575,1577
1807,1821,2185
2257,2524,2631
2274,2277,2813
2350,2352,2759
2650,2808,2866
3169,3463,3707
3556,3568,3865
3662,3666,3885
3773,3882,3952
3959,3961,4071
4142,4385,4417
4205,4680,4702
4258,4274,4372
4474,4479,4868
4978,4980,5103
5134,5136,5201
100,101,593
109,112,261
235,554,607
243,325,618
279,410,639
360,382,385
384,480,568
607,813,819
782,784,1276
782,1203,1276
1867,1933,2227
1996,2497,2641
2355,2360,2706
2399,2404,2753
2741,2924,2930
4211,4687,4709
4298,4452,4723
4331,4476,4916
4576,5053,5072
4731,5164,5231
4920,5119,5279
5225,5230,5499
35,207,509
271,273,794
542,551,773
687,762,1071
1045,1281,1322
1622,1635,1777
1876,2133,2139
2136,2369,2408
2169,2248,2317
2308,2312,2587
2342,2343,2669
2372,2376,2727
2388,2653,2745
2465,2684,2686
2550,3028,3045
3041,3315,3330
3060,3080,3082
3427,3441,3805
3517,3794,3868
3580,4059,4076
3647,3659,3769
4377,4418,4588
4412,4726,4763
4630,4634,4937
4922,4966,5177
5135,5181,5439
176,314,601
368,812,870
491,497,780
602,603,968
689,690,1081
944,1046,1048
1411,1477,1699
1704,1931,1957
2283,2286,2822
2287,2289,2409
2464,2526,2531
2502,2503,3036
2668,2821,3280
2827,2829,2949
2871,2877,3257
2996,3000,3311
3244,3245,3686
3576,3582,3870
4281,4443,4495
4299,4455,4775
4468,4472,4747
4475,4548,4807
4476,4480,4753
4501,4610,4897
4610,4822,4828
4636,4648,4945
5225,5229,5469
188,493,614
1216,1230,1600
1419,1481,1483
1901,1905,2182
2143,2301,2374
2686,2890,3220
2709,2788,2857
2913,3019,3310
3008,3542,3666
3500,3504,3813
3658,3779,3780
4234,4676,4734
4722,4742,4744
4847,4850,5079
5129,5235,5467
210,220,228
223,282,595
422,461,645
512,723,1025
617,829,1163
645,942,1115
983,1419,1483
2281,2282,2624
2389,2390,2880
2731,2901,2963
3358,3360,3483
4245,4295,4296
4434,4435,4968
4766,4770,4963
4783,4842,4900
87,146,488
497,652,1139
585,771,777
648,654,1026
1305,1310,1665
1723,2012,2100
2408,2675,2806
2429,2490,2494
2732,2901,3153
2861,3396,3723
2959,3492,3659
3352,3356,3804
3515,3519,3819
3559,3993,4060
3748,3906,4246
4077,4185,4398
4184,4342,4343
4219,4221,4291
4262,4284,4376
4457,4462,4510
4633,4855,4857
5055,5060,5406
175,263,314
427,438,556
612,643,836
982,984,1519
1387,1388,1922
1427,1572,1573
1480,1485,1597
1756,1761,2140
1763,2140,2158
2116,2274,2549
2255,2517,2626
3053,3152,3335
3125,3126,3620
3293,3485,3603
3328,3589,3630
3443,3491,3756
3899,3904,3954
3987,3989,4474
4379,4571,4779
4394,4603,4941
4434,4437,4973
4748,4752,4966
4751,4752,5247
4954,5273,5309
462,463,522
512,722,1049
811,1078,1081
1052,1262,1589
1553,1624,1668
1577,1732,2219
1598,2023,2033
1793,1904,2213
2265,2586,2620
2349,2372,2377
2429,2534,2779
2568,2573,2794
2643,2645,3157
2880,2930,3245
3416,3750,3797
3524,3731,3737
3668,3672,3886
3801,3966,4087
4260,4708,4768
4465,4470,4851
4720,4722,4778
4923,5181,5221
5106,5153,5423
271,774,799
551,696,1136
837,899,904
957,959,1452
1107,1269,1656
1180,1447,1576
1721,1993,2013
2135,2266,2363
2173,2368,2488
3090,3254,3255
3406,3408,3712
3493,3533,3841
3614,3772,3774
4349,4522,4641
4431,4555,4885
4438,4443,4818
4907,5087,5461
4966,5292,5325
5267,5272,5388
370,371,877
402,404,899
449,886,950
603,861,901
721,830,1117
1002,1011,1120
1537,1541,1676
2168,2269,2365
2471,2532,2536
2522,2765,2797
2796,3053,3079
2812,2817,3299
2967,2969,3075
3097,3206,3207
3405,3517,3829
3467,3572,3841
3864,4094,4197
4310,4464,4746
4749,4809,4876
4759,4770,4884
4978,4992,5358
5281,5286,5432
89,190,244
286,291,617
368,609,642
910,911,1445
1136,1541,1563
1557,1558,1574
1616,1617,2000
1623,1625,1916
1706,1938,2250
2108,2110,2442
2323,2369,2713
2335,2824,2874
2395,2397,2888
2751,2958,2998
2914,3221,3306
3089,3092,3626
3311,3516,3858
3431,3764,3835
3472,3477,3829
3595,3856,3885
3623,3813,3814
3719,4017,4257
3795,4017,4057
3851,4059,4120
4437,4973,5304
4460,4461,4850
4582,4689,4924
4734,4775,4956
4836,4989,5413
4929,4962,5190
484,614,615
592,1019,1025
598,787,1147
687,712,718
711,725,1097
2143,2298,2712
2159,2161,2498
2341,2450,2737
2407,2472,2737
3165,3653,3668
3611,4145,4256
3752,3962,4289
4134,4382,4415
4245,4729,4750
4346,4402,4532
4363,4540,4933
4664,4668,4936
5232,5237,5484
184,186,211
204,232,238
320,327,370
376,440,442
570,571,912
660,782,1109
1111,1277,1661
1519,1521,1591
1520,1556,1722
1665,1851,1857
1746,2282,2610
1827,2166,2199
2007,2052,2260
2211,2394,2760
2305,2312,2702
2321,2709,2788
2367,2706,2739
2467,2468,3002
2830,2834,3272
2935,3351,3434
3238,3274,3389
3411,3417,3797
3448,3449,3943
3475,3894,3968
3514,3518,3798
3559,3786,3788
3566,4003,4062
3710,4199,4214
3722,3744,3836
4001,4312,4388
4046,4580,4705
4388,4589,4615
4450,4454,4892
4580,4585,4924
4718,4815,4817
4721,4764,4952
4802,4824,4916
5021,5402,5415
5199,5303,5378
5299,5310,5424
92,93,486
914,1352,1410
983,1422,1481
1661,1844,1962
1675,1861,1880
1691,1692,2066
1849,1850,2340
2188,2353,2608
2230,2440,2446
2279,2284,2334
2774,2983,3002
3361,3366,3820
3458,3463,3821
3502,3608,3867
3781,3928,4257
4573,4611,4886
4846,5051,5321
5008,5012,5287
5165,5454,5496
5222,5465,5497
5291,5407,5408
15,491,559
68,69,685
490,654,707
704,756,1063
735,737,804
769,1239,1260
1799,1801,1911
1884,2193,2224
2322,2329,2712
2602,2885,3139
2907,3247,3340
3139,3141,3211
3287,3467,3841
3563,3565,3631
3689,4129,4188
3790,3939,4162
3885,4186,4240
4196,4199,4699
4366,4367,4721
4455,4833,4887
4501,4566,4570
4562,4823,4937
4979,4983,5361
22,393,404
183,190,589
210,220,419
529,681,950
566,567,906
574,749,811
579,756,859
747,1238,1285
1238,1729,1906
1389,1394,1703
1461,1553,1630
1491,1597,1599
1575,1709,1733
1594,1683,1823
1599,1755,2075
1657,1836,1870
2744,3169,3176
2879,2881,2991
3004,3111,3339
3910,3911,4249
3963,4291,4414
4417,4684,4690
5149,5215,5483
190,191,772
248,256,404
285,291,623
431,910,927
507,936,946
693,1078,1114
785,1319,1443
792,797,1110
923,1398,1423
957,1391,1456
1122,1181,1362
1639,1797,1904
2333,2444,2753
2874,2876,3292
2912,2916,3267
2975,3021,3279
2994,2997,3105
3046,3149,3229
3213,3219,3452
3327,3569,3684
3366,3902,4230
3417,3418,3951
4271,4339,4433
4296,4452,4568
4308,4404,4460
4397,4609,4629
4518,4520,4900
4763,4764,5261
4785,5269,5290
4899,5139,5179
4997,5002,5050
5317,5345,5456
264,274,455
277,336,614
401,672,940
437,913,936
558,629,780
567,733,796
739,741,1226
753,815,820
807,819,1147
941,984,1172
998,1055,1139
1010,1495,1516
1017,1025,1132
1019,1317,1557
1412,1666,1712
1490,1761,2027
1529,1530,2028
1563,1864,2077
1868,2289,2368
1875,1937,1942
1988,2225,2267
2009,2012,2546
2194,2364,2745
2548,2640,2728
2680,2842,2850
2742,2801,2982
3336,3593,3619
3428,3477,3732
3935,4009,4341
4322,4335,4477
4449,4569,4829
4915,5104,5165
4988,4992,5372
5047,5052,5395
5199,5261,5263
34,35,87
115,668,1025
215,216,625
264,274,282
352,602,646
443,444,941
677,682,730
686,741,1077
713,824,1133
944,946,1439
1048,1206,1530
1383,1387,1694
2720,3136,3144
2764,2966,3085
2820,2896,2902
2907,3246,3279
3108,3113,3334
3177,3185,3292
3440,3786,3809
3503,3767,3770
3517,3949,4013
3696,3698,3755
4238,4295,4379
4347,4509,4530
4367,4547,4921
4464,4847,4891
4549,5019,5040
4713,4715,4802
4716,4719,5253
4718,4878,4879
4980,5103,5358
1,4,92
20,21,569
221,229,380
251,309,583
445,447,525
493,614,728
859,861,1355
992,1076,1112
1244,1249,1603
1406,1568,1570
1507,1518,1636
1830,1835,2152
2048,2052,2266
2082,2083,2142
2193,2194,2498
2478,2498,2503
2620,3106,3122
2747,2927,3301
2916,2917,3450
2956,3429,3457
3130,3132,3667
3193,3314,3428
3298,3487,3507
3456,3457,3990
3879,4151,4256
4220,4256,4422
4422,4705,4795
4513,4514,5047
4703,4893,4894
4740,4752,4895
4934,5143,5481
5148,5153,5447
4,12,93
589,778,896
793,829,894
1024,1025,1531
1060,1222,1352
1188,1203,1566
1225,1239,1611
1444,1978,2091
1588,1746,2086
1669,1858,1976
1893,2427,2552
2242,2467,2571
2284,2818,2958
2377,2910,3077
2381,2692,2768
2410,2411,2911
2731,2897,2918
2781,3008,3014
2796,3053,3240
2925,2928,3193
3072,3077,3324
3221,3223,3564
3561,3562,4096
3849,3882,4110
3893,4241,4277
4098,4164,4405
4208,4246,4426
4299,4450,4787
4410,4663,4805
4562,4824,4965
5278,5399,5400
5280,5286,5435
10,14,564
208,209,751
908,1061,1063
918,924,1089
1187,1518,1550
1333,1369,1434
1334,1338,1671
1539,1541,2076
1540,2026,2042
1742,2086,2128
1975,2449,2475
2072,2156,2192
2095,2228,2229
2099,2101,2637
2228,2429,2779
2268,2274,2646
2731,2897,3281
2777,3014,3055
2867,3189,3341
2930,2931,3465
3347,3655,3800
3353,3701,3737
3608,3610,4104
4036,4346,4402
4132,4136,4409
4533,4640,4896
4538,4550,4901
4671,4674,4922
4850,4999,5332
5008,5009,5339
5109,5381,5437
5186,5348,5350
276,281,597
278,279,639
395,396,892
865,931,1167
1037,1197,1524
1209,1329,1589
1487,1489,1543
1693,1907,1913
1739,1743,2121
1785,1853,1858
2018,2178,2179
2161,2308,2752
2256,2513,2700
2296,2310,2680
2370,2375,2692
2412,2418,2760
2701,2848,3177
2706,2739,2854
2779,3034,3150
2840,3176,3230
3154,3593,3656
3492,3497,3810
3657,3659,4152
3736,4169,4179
3936,3937,4263
4085,4374,4416
4153,4217,4287
4217,4269,4270
4418,4705,4745
4440,4562,4889
4545,4550,4905
4638,4704,4945
4678,4682,4925
4727,4733,4849
4825,5061,5102
5275,5330,5420
344,616,645
416,690,919
430,432,967
539,626,689
705,773,778
735,740,1086
743,791,1056
956,1230,1459
1032,1191,1267
1196,1566,1582
1445,1450,1719
1470,1629,1631
1550,1551,2054
1723,2070,2100
2001,2095,2184
2218,2432,2473
2429,2535,2767
2462,2464,2572
2865,2978,3252
3327,3569,3575
3341,3613,3747
3937,4265,4331
4619,4914,4938
4838,5263,5273
4862,4871,5093
5120,5132,5464
5176,5178,5244
112,261,561
143,235,553
278,363,410
294,300,625
341,342,540
858,923,1170
1238,1239,1729
1300,1406,1693
1385,1674,1716
1600,1762,1892
1935,2469,2592
1972,1976,2249
2430,2714,2767
2853,3388,3719
3024,3070,3306
3075,3312,3331
3430,3432,3696
3453,3559,3850
3579,3641,3643
3856,3857,4202
4138,4142,4385
4559,4571,4913
4654,5155,5310
4661,4935,4950
5227,5247,5249
49,88,96
486,655,663
576,757,917
603,795,856
731,1065,1176
772,776,1043
812,813,1347
915,1152,1171
1068,1164,1220
1081,1228,1672
1393,1867,1893
1441,1875,1942
1482,1502,1504
2121,2283,2335
2817,3191,3259
3345,3666,3700
3643,3646,4180
3787,3880,3934
4032,4035,4142
4076,4080,4391
4119,4221,4410
4394,4603,4622
4458,4484,4490
4639,4898,4960
4894,5069,5131
348,363,637
599,999,1006
692,1071,1082
724,1064,1101
905,910,1179
1322,1743,1816
1431,1443,1715
2275,2808,2993
3111,3547,3606
3275,3449,3664
3884,4175,4201
3892,3897,4379
3959,3965,4341
4427,4735,4753
4588,4634,4918
4710,4874,4875
4958,5220,5410
4996,5001,5380
176,258,262
448,733,985
965,966,1460
1015,1148,1149
1031,1099,1193
1072,1074,1410
1276,1281,1585
1462,1465,1998
1607,1610,1839
1643,1871,1910
1741,1742,2084
1867,1932,2197
1933,2217,2258
1943,1947,2206
2010,2174,2175
2334,2336,2752
2385,2388,2653
2394,2414,2419
2705,2859,2929
2828,2833,2882
2910,2923,3276
2974,2979,3310
2998,3474,3499
3444,3466,3471
3755,3886,3983
3799,3953,4019
3869,4111,4131
4111,4132,4137
4233,4521,4741
4286,4400,4442
4334,4408,4553
4402,4627,4731
4607,5141,5266
4678,4680,4743
5078,5082,5403
5316,5326,5459
84,96,317
131,149,569
147,546,579
253,255,780
322,327,626
324,399,401
401,404,940
457,482,504
922,925,1458
1560,2008,2068
1783,1829,2173
1801,1866,1870
2315,2389,2721
2560,2573,2678
2823,2824,3358
3051,3063,3335
3060,3125,3250
3180,3632,3686
3467,3573,3825
3500,3512,3844
3796,3949,4210
4325,4479,4549
4357,4570,4690
4787,4788,4853
5255,5344,5432
321,327,631
325,327,836
550,699,922
663,666,1202
963,1087,1115
1042,1048,1326
1241,1622,1635
1375,1413,1670
1404,1450,1686
1406,1843,1902
1957,1993,2055
2323,2364,2430
2455,2495,2779
2556,2823,3093
2873,2984,3293
2934,2954,2959
3055,3316,3345
3245,3395,3801
3379,3380,3714
3940,4267,4271
4034,4080,4371
4468,4473,4912
4547,4608,4612
4804,4934,4935
5063,5111,5376
115,117,668
152,160,208
386,554,555
454,594,595
720,770,1085
1070,1219,1668
1746,2281,2624
1902,1948,2203
1923,1969,2234
1988,1990,2484
2423,2897,2924
2535,2772,2791
2584,2909,3120
2768,2769,3140
3291,3474,3840
3306,3568,3608
3973,3974,4507
4032,4045,4380
4724,4726,5219
4858,4861,5086
4973,5321,5357
5035,5359,5447
5112,5117,5430
156,298,610
280,594,636
358,360,381
385,654,926
803,1281,1299
809,870,874
2224,2426,2432
2238,2461,2615
2258,2545,2585
2305,2307,2382
3781,3933,4212
3901,3905,4225
3975,3977,4044
4269,4270,4714
5004,5387,5431
5183,5195,5487
5228,5381,5383
59,61,136
349,380,425
368,532,534
792,805,1140
1224,1759,2094
1946,2202,2261
3100,3102,3158
3136,3417,3673
3149,3586,3650
3358,3372,3738
4297,4299,4686
4422,4701,4759
4495,4819,4907
4610,4613,5106
4807,5018,5146
4875,5025,5092
4942,5230,5271
4968,4983,5346
22,26,393
43,517,622
81,83,697
111,209,260
577,790,910
657,1193,1524
787,808,813
880,882,1376
967,972,1096
1101,1266,1387
1277,1344,1649
1403,1405,1471
1540,1584,1585
1837,2370,2537
2069,2506,2570
2412,2415,2522
2567,2579,2689
2674,2676,3017
3343,3632,3720
3577,3582,3871
3860,4077,4417
4143,4144,4678
4352,4746,4773
4432,4433,4779
4432,4436,4759
4624,4732,4941
4666,4728,4730
4694,5129,5194
4879,5104,5144
574,744,1125
753,859,1150
796,798,1292
1005,1493,1508
1156,1185,1390
1184,1475,1501
1284,1351,1665
1770,1771,2305
2611,2645,2804
2751,2934,2952
2791,3042,3076
2822,2823,3208
2990,3202,3208
3247,3340,3394
3342,3621,3679
3808,3973,4228
3828,4254,4261
3872,4119,4298
3887,4218,4250
3915,4293,4347
4038,4039,4572
4127,4603,4628
4890,4944,5079
5080,5186,5473
5211,5213,5312
152,208,363
181,765,889
641,913,1047
707,1028,1123
894,1142,1175
1178,1443,1505
1628,1825,2107
1717,1984,1990
1873,1911,2186
1897,2174,2248
1925,2214,2256
1940,2202,2245
2037,2190,2191
2166,2199,2314
2723,2881,2911
2899,3236,3338
2914,3222,3347
2961,2965,3295
3233,3342,3412
3394,3398,3445
3447,3787,3880
3702,3703,3762
3977,4043,4361
4009,4324,4423
4033,4073,4381
4250,4302,4303
4328,4479,4527
4703,4859,4861
4713,4717,4826
4923,5115,5176
5071,5111,5437
19,106,501
113,117,442
679,683,960
934,939,1181
1020,1468,1528
1033,1154,1268
1114,1289,1351
1173,1430,1436
1218,1295,1600
1617,1770,1819
2110,2326,2646
2116,2549,2559
2154,2307,2717
2251,2536,2641
2707,2800,2854
3101,3144,3332
3191,3259,3353
3943,3984,4050
4033,4071,4346
4499,4505,4881
5127,5130,5414
5171,5232,5236
5253,5257,5366
133,200,505
139,140,735
198,504,645
547,640,694
893,994,1080
901,1142,1186
979,981,1051
1173,1430,1541
1236,1240,1640
1507,1512,1636
1689,1722,1950
1774,1778,1825
1960,2436,2461
2074,2214,2215
2112,2114,2611
2298,2375,2680
2711,2861,3138
2727,2916,2956
2883,2885,3368
3086,3092,3196
3210,3212,3494
3346,3649,3667
3756,3909,4333
3996,3997,4530
4132,4179,4409
4519,5006,5326
4895,5069,5284
4949,5216,5258
5022,5028,5359
5213,5312,5495
10,11,459
260,721,790
587,767,1141
890,1424,1541
930,932,1425
1167,1409,1415
1223,1600,1618
1357,1359,1853
1413,1670,1699
1504,1829,2040
1572,1813,1855
1815,1817,1884
1818,1820,2200
1862,1864,2356
1903,1968,2233
2025,2137,2138
2063,2206,2207
2077,2081,2216
2331,2337,2717
2400,2446,2719
2571,2677,2679
2808,2811,2936
3234,3387,3797
3324,3554,3657
3634,3678,3881
4159,4195,4248
4545,4547,4653
4591,5069,5086
4785,4835,4836
4948,5188,5250
5269,5325,5416
225,361,627
439,450,564
571,741,803
576,757,763
722,724,997
826,827,1361
994,1433,1496
1447,1509,1719
1599,1750,2087
1656,1837,1843
1839,1885,2191
2148,2244,2300
2295,2831,3155
2359,2851,2898
2625,3109,3130
2846,2851,2898
2968,2972,3298
3384,3919,4254
3398,3399,3889
3530,3533,4026
3553,3837,3878
3557,3603,3843
3911,3912,4299
4141,4294,4296
4560,4606,4879
4963,5248,5428
5026,5027,5346
5287,5292,5416
127,535,565
284,292,300
484,935,993
583,826,866
760,866,1153
971,1447,1469
1180,1450,1511
1433,1532,1715
1438,1440,1503
1448,1685,1727
1560,1691,1692
1650,1704,1839
1681,1878,1912
2001,2060,2062
2041,2046,2192
2319,2321,2857
2373,2435,2440
2448,2453,2747
3025,3090,3333
3153,3441,3661
3806,3807,4146
4359,4599,4639
4643,4645,4711
5162,5166,5457
5330,5465,5466
24,28,568
114,115,509
217,219,752
244,705,778
518,943,953
684,1067,1111
793,798,1141
957,1394,1452
989,1426,1490
1236,1237,1563
1456,1457,1957
1505,1980,2002
1651,1817,1838
1746,2122,2183
2272,2277,2759
2603,2604,3101
3165,3302,3303
3459,3505,3811
3552,3818,3863
3610,3611,4145
3846,4045,4148
3906,4442,4770
4158,4164,4329
4358,4359,4707
4428,4431,4556
4622,4634,4941
4804,4812,4814
4829,4993,5125
5070,5076,5436
5229,5469,5499
5327,5331,5444
134,164,171
148,703,868
298,756,815
516,669,703
555,709,817
628,865,1173
640,932,971
744,766,771
802,909,1144
1000,1001,1502
1340,1344,1653
1491,1493,1986
1978,1983,2257
2297,2301,2686
2352,2695,2725
2406,2411,2723
2581,2612,2696
2809,2860,3191
2925,2937,3285
3058,3070,3337
3160,3204,3205
3199,3287,3359
3331,3616,3721
3413,3480,3485
3429,3496,3816
3564,3610,3846
3917,3973,4306
4005,4007,4113
4236,4238,4295
4351,4517,4901
4532,4536,4887
4555,4814,4964
4989,5063,5068
384,478,496
460,942,964
525,636,677
592,777,1019
716,1050,1097
824,826,1320
1074,1227,1637
1153,1367,1373
1163,1395,1401
1176,1436,1534
1291,1329,1601
1731,1808,1814
2479,2916,2975
2564,2997,3064
2591,3067,3089
2680,2842,2972
3330,3583,3589
3578,3625,3866
3601,3754,3756
3962,3963,4289
4391,4620,4660
4428,4436,4822
4763,5202,5261
4878,4949,5100
4953,5210,5216
5303,5446,5447
61,68,137
72,75,561
237,238,807
261,566,601
603,795,1165
844,951,1179
1245,1358,1632
1299,1345,1651
1614,1797,1841
1664,1843,2089
1701,1928,1934
1728,1736,2122
1729,1775,1848
2298,2324,2330
2325,2438,2712
3192,3433,3475
3308,3309,3680
3577,3615,3852
3687,3765,3808
3775,3777,4048
3951,3956,4290
3967,3972,4315
4082,4087,4401
4103,4107,4366
4625,4844,4846
4797,4801,4912
4836,4989,5023
4854,5007,5417
4961,5237,5297
5255,5311,5313
46,95,158
86,95,148
420,432,575
1300,1407,1661
1792,1843,2154
1875,1981,2245
2183,2345,2450
2285,2658,2673
2507,2775,2804
2712,2870,3035
2806,3109,3127
3458,3470,3821
4297,4402,4451
4525,4526,4904
4670,5204,5321
5277,5388,5390
158,678,710
173,190,585
236,237,766
307,763,822
593,785,791
594,595,954
985,987,1065
1200,1322,1649
1234,1238,1285
1737,2272,2619
1748,1805,2132
1870,2371,2530
2223,2481,2521
2625,3113,3128
2758,2947,2967
2848,2853,3292
3520,4054,4179
3565,3631,3867
3607,3627,3629
3638,3735,3737
3745,3900,4349
3813,3866,4006
3990,3995,4312
4240,4726,4742
4525,4527,4807
4780,4781,5282
311,313,339
447,525,568
528,624,680
761,1073,1182
764,1298,1422
820,1354,1479
842,844,952
858,924,1165
1431,1436,1715
1448,1882,1949
1536,1546,1679
1882,1988,2247
1888,1934,2218
2107,2318,2446
2146,2301,2351
2234,2467,2507
2413,2449,2514
2518,2523,2797
2702,2715,2857
2858,3349,3526
2892,3235,3265
3262,3263,3599
3730,3888,3946
3839,4239,4246
3970,3972,4236
4131,4143,4415
4211,4327,4328
4485,4598,4872
4584,4893,4924
4635,5169,5292
4776,4786,4919
4864,4865,5306
4968,4976,5362
5120,5122,5229
5184,5188,5466
1,26,486
230,238,246
534,687,711
606,868,908
905,917,1179
928,1018,1036
1085,1235,1641
1389,1401,1703
1687,1893,1899
1722,2064,2095
1733,1734,2117
1982,2225,2257
2513,2614,2700
3423,3908,4265
3591,3594,3842
3790,4162,4172
3962,3964,4376
4194,4199,4416
4341,4506,4627
4694,5132,5190
4794,4796,5332
5012,5391,5402
5099,5104,5453
5197,5235,5472
363,364,905
423,547,575
650,709,1030
983,1126,1127
1015,1016,1520
1045,1203,1322
1461,1555,1644
1608,1704,1760
2258,2523,2585
2345,2346,2879
2824,3358,3498
3023,3028,3327
3338,3625,3665
3414,3415,3738
3680,3684,3882
3838,4031,4093
4020,4066,4339
4083,4087,4394
4174,4179,4421
4296,4449,4873
4702,5019,5238
4768,5053,5305
5007,5032,5038
5049,5116,5436
241,273,325
242,246,579
259,344,623
799,1332,1499
1089,1091,1425
1140,1339,1499
1192,1197,1679
1279,1281,1766
1409,1943,2064
1581,1743,1795
1657,1870,1990
1678,1871,1933
1681,1912,2033
1685,1686,2054
1877,2190,2220
1925,2404,2421
2231,2439,2500
2239,2494,2610
2291,2292,2679
2320,2647,2651
2600,2636,2802
2682,2683,3134
3023,3025,3091
3037,3042,3331
3494,3498,3831
3642,3662,3664
3903,3904,4438
3953,4064,4373
4318,4354,4469
4409,4655,4718
4486,4488,4908
4882,4940,5106
173,180,585
184,186,600
265,272,594
619,874,990
763,764,1298
986,990,1183
1096,1510,1518
1166,1398,1710
1225,1232,1622
1239,1241,1777
1253,1320,1325
1321,1341,1346
1773,2158,2194
1937,1941,2223
1957,1962,2251
2127,2283,2556
2248,2485,2504
2381,2383,2872
2449,2515,2783
2603,2660,2661
3142,3144,3679
3298,3512,3553
3386,3390,3777
3498,3499,4032
3746,3860,3902
3768,3770,4152
3819,3996,4099
3979,4471,4518
462,466,580
836,882,1151
1093,1288,1408
1166,1422,1463
1555,1613,1614
2400,2404,2719
2424,2733,2764
2720,2877,3136
2990,2993,3486
3108,3150,3334
3209,3373,3381
3460,3567,3821
3759,3915,4235
3791,3936,4237
3838,4027,4387
3879,4151,4157
3971,4305,4416
4040,4052,4384
4336,4489,4750
4430,4489,4810
4502,4504,4777
4589,4650,4654
4675,5149,5175
4682,4925,4957
4921,5118,5152
5006,5061,5397
30,41,54
160,161,750
260,725,786
295,327,378
795,902,1140
1097,1258,1265
1207,1209,1329
1276,1324,1585
1394,1395,1929
1424,1436,1713
1435,1436,1930
1505,1616,1617
1787,2270,2636
1824,1890,2173
2365,2366,2627
2444,2651,2657
2548,2606,2608
2976,3041,3310
3020,3282,3325
3226,3376,3430
3229,3381,3650
4028,4452,4523
4226,4230,4423
4414,4733,4769
4451,4791,4839
4660,4932,4963
4866,4899,5014
103,104,498
365,367,507
391,392,572
502,508,786
1206,1582,1643
1252,1257,1614
1350,1634,1687
1417,1422,1711
1439,1486,1700
1627,1720,1774
2068,2070,2605
2476,2481,2785
2865,2977,3289
3055,3529,3555
3447,3938,3985
3754,3756,4097
3775,3838,3926
4077,4184,4417
4289,4453,4585
4552,4557,4909
6,7,565
121,123,576
138,546,569
255,256,821
431,578,579
572,966,993
733,734,1267
845,1321,1346
973,984,1100
1030,1188,1246
1141,1372,1493
1471,1575,1576
1630,1779,2002
1713,1970,1976
1969,1970,2504
2300,2301,2690
2739,2979,3019
3034,3035,3535
3078,3085,3250
3266,3322,3452
3542,3547,3861
3693,3981,4201
3979,4466,4786
4141,4575,4642
4180,4182,4238
4698,4705,4870
4914,4956,5121
4990,4995,5444
5015,5040,5046
5283,5407,5435
175,180,314
177,474,481
427,429,489
652,656,1104
705,818,1092
1845,1857,2205
1868,2134,2223
2187,2353,2416
2437,2869,2933
2603,3042,3101
2900,3246,3269
3528,3533,3827
3744,3885,3976
3830,3874,4034
3839,4031,4239
3907,3909,4029
4154,4389,4422
4182,4240,4355
4811,4817,5100
5170,5216,5477
1559,1857,2097
1640,1797,2056
1690,1900,2019
1864,1865,2399
2024,2026,2519
2028,2070,2254
2056,2058,2593
2146,2351,2621
2270,2329,2650
2477,2523,2763
2827,2841,3209
2870,3402,3575
2897,2963,3281
3272,3441,3693
3464,3998,4122
3511,3813,3866
3584,3588,3856
3752,3907,3962
4285,4440,4515
4390,4600,4719
4949,5191,5211
5014,5018,5065
5058,5060,5322
406,432,465
454,896,954
490,648,706
520,682,812
622,847,951
1478,1479,1972
2520,2583,2797
2632,2636,2748
3184,3314,3315
3196,3629,3639
3833,4025,4031
3850,4060,4179
3969,4037,4345
4745,4856,4857
4790,4925,4926
5186,5442,5501
11,12,497
142,149,516
287,288,631
1570,1787,2096
1697,1913,1975
2282,2283,2668
2468,3002,3126
2753,2945,3063
3039,3143,3218
3073,3094,3096
3904,4438,4578
3975,3989,4349
4310,4464,4796
4327,4420,4474
4885,5054,5061
9,15,461
311,317,395
399,404,632
505,660,735
597,598,920
955,1010,1100
1091,1241,1518
1113,1166,1306
1221,1224,1760
1391,1452,1456
1418,1465,1706
2156,2258,2306
2370,2376,2736
2591,2707,2708
2630,2682,2683
2822,3166,3208
3831,4014,4380
4019,4021,4086
4075,4113,4370
4208,4212,4426
4698,4704,4869
4710,5185,5210
4892,5061,5313
4935,4964,5163
44,55,68
67,68,541
184,219,271
342,454,540
398,404,460
557,718,840
658,660,783
767,872,1141
1103,1265,1370
1111,1277,1298
1209,1283,1288
1233,1769,2052
1243,1286,1568
2182,2183,2519
2290,2295,2744
2295,2677,2782
2343,2833,2882
2564,2566,3059
3660,3672,3815
3907,3914,4307
3967,3969,4037
4347,4513,4576
47,126,461
118,719,847
165,166,613
260,502,508
319,324,441
593,785,903
916,1417,1561
1041,1255,1561
1329,1601,1657
1513,1524,1640
1825,1827,2107
1973,2072,2255
1977,2511,2626
2010,2485,2510
2244,2471,2497
2287,2294,2687
2525,2530,2799
2789,3056,3098
3274,3444,3465
3524,3526,4020
3936,3941,4376
4106,4540,4607
4184,4620,4679
4245,4733,4748
4439,4443,4821
4830,4911,4988
4944,5237,5277
4958,5220,5238
236,744,771
280,524,526
293,301,438
822,868,1123
845,1134,1176
1143,1335,1705
1307,1413,1665
1322,1584,1725
1725,2026,2080
1733,2081,2117
1896,1916,1921
2186,2187,2526
2473,2951,2968
2650,2814,2867
2694,2847,2871
2904,2926,2931
2994,2999,3294
3393,3779,3866
4279,4367,4439
4328,4527,4791
4810,5027,5336
114,116,596
465,602,603
610,820,939
1228,1232,1636
1361,1363,1428
1432,1436,1709
2348,2397,2652
2688,2690,3072
2866,2868,3288
2998,3210,3212
3039,3101,3103
3045,3049,3328
3122,3126,3345
3208,3361,3820
3329,3571,3591
3511,3984,4011
3577,3617,3871
3891,4015,4345
4161,4255,4344
4681,4834,4836
114,116,457
179,695,726
464,466,1002
500,501,941
695,720,726
796,1106,1162
919,955,1008
1015,1461,1522
1117,1330,1450
1756,1770,2140
1894,1899,2230
2191,2357,2741
2451,2726,2761
2649,2801,2810
2665,2820,3269
3064,3598,3711
3262,3320,3486
3538,3750,3752
3841,4072,4193
4089,4101,4403
4277,4432,4776
4420,4712,4751
5205,5209,5488
98,106,557
302,310,317
313,395,635
374,426,638
465,949,970
500,632,659
501,715,1021
514,603,743
626,858,1170
647,978,1010
649,654,1027
782,1200,1282
792,795,902
1294,1601,1686
1347,1352,1687
1720,1987,2006
2504,2509,2793
2547,2552,2800
2779,3000,3034
2809,2855,2928
3713,3784,3828
3732,3891,3967
4510,4511,4840
43,513,567
252,335,613
339,343,602
394,506,507
541,693,972
765,767,873
817,819,1313
1259,1264,1604
1782,1785,1898
1819,2155,2218
2612,2696,2732
2730,2731,3072
2832,2835,3371
3040,3312,3343
3068,3305,3347
3330,3583,3725
3360,3436,3442
3855,3884,4083
3857,4069,4403
4108,4109,4643
4482,4497,4872
4941,5168,5174
5092,5097,5449
5262,5320,5435
1059,1210,1664
1216,1221,1600
1218,1294,1632
1279,1766,2086
1720,2012,2051
1769,2101,2161
1807,1809,1877
1927,1928,2462
1939,2166,2168
2059,2070,2184
2080,2124,2125
2100,2101,2606
2242,2530,2571
2323,2329,2713
2378,2390,2741
2510,3044,3161
2655,2789,2813
2660,2661,3101
3564,3568,3846
3576,3589,3870
4195,4250,4340
4505,4506,5039
4894,5090,5131
5096,5363,5449
5112,5115,5222
122,128,492
132,170,226
649,699,1027
686,690,1077
1085,1239,1309
1129,1318,1324
1503,1627,1655
1626,1628,1895
1785,1898,2172
1900,2434,2559
2176,2329,2590
2373,2479,2770
2783,3015,3132
3514,3519,3850
3903,3906,4442
4141,4578,4637
4345,4514,4634
4482,4489,4872
4780,4824,4825
4931,5139,5200
5036,5370,5417
5306,5341,5503
104,499,587
563,721,751
954,995,1176
1298,1303,1661
1475,1531,1533
1511,1990,2007
1747,1761,2129
1868,1871,2363
1995,2232,2251
2214,2215,2574
2254,2509,2609
3019,3246,3248
3055,3533,3550
3148,3433,3685
3419,3425,3801
3427,3429,3497
3500,3502,3609
3822,3881,4062
3943,3986,4268
3987,4474,4791
4012,4017,4369
4286,4288,4679
4392,4423,4616
4639,5076,5135
4747,4749,4809
52,56,420
65,71,481
151,156,299
679,684,1128
859,1118,1180
895,1043,1045
1084,1085,1526
1270,1272,1536
2067,2145,2188
2100,2164,2165
3402,3408,3739
3613,3634,3636
3848,4049,4075
3878,4140,4158
3950,4482,4655
4237,4241,4376
4296,4449,4483
4614,4619,4914
4812,4813,5163
4868,5019,5067
4881,5046,5053
5095,5353,5474
5232,5279,5484
5235,5472,5491
321,369,612
1408,1409,1943
1470,1472,1965
1757,1761,2146
2998,3477,3494
3320,3603,3644
3968,3973,4272
4348,4513,4768
4388,4589,4939
4780,5266,5282
4803,4805,5317
5191,5212,5217
248,256,263
761,1227,1258
772,777,1129
844,906,911
1074,1227,1251
1168,1408,1470
1987,2049,2259
1993,2014,2016
2261,2559,2597
2405,2939,3063
2497,2537,2791
2609,2671,2672
2679,2830,3167
2952,2955,3062
2953,2989,3054
3070,3071,3605
3071,3605,3716
3817,4030,4150
3975,3981,4349
4127,4129,4623
4558,5092,5216
4566,4571,4883
4567,4588,4593
4824,4825,5282
5027,5348,5443
5145,5422,5473
292,849,972
477,481,592
862,1396,1518
1347,1349,1455
1376,1422,1691
1557,1565,1672
2126,2240,2282
2233,2447,2566
2334,2336,2637
2437,2865,2938
3352,3353,3699
3384,3768,3864
3412,3463,3774
3454,3762,3887
3457,3990,4157
3985,3986,4247
4187,4193,4309
4438,4452,4818
4883,5045,5150
5130,5414,5467
442,725,979
545,695,719
1547,1551,1664
1783,1826,2108
1799,1813,2181
2208,2634,2641
2325,2437,2749
2452,2453,2953
2585,3060,3082
2929,3243,3311
3023,3027,3286
3246,3248,3515
3277,3456,3490
3324,3551,3577
3577,3613,3675
3741,3898,3954
4173,4186,4287
4307,4351,4460
5073,5135,5140
5213,5314,5400
5221,5374,5376
241,243,618
488,583,650
584,1009,1016
609,642,870
739,1076,1178
1165,1402,1408
1243,1289,1633
1255,1744,1794
1433,1494,1496
1519,1530,1644
1617,1819,2086
1654,1824,2205
1725,2022,2040
1738,1752,2118
1883,2357,2384
1908,1955,2207
2145,2146,2574
2221,2418,2452
2236,2265,2470
2374,2838,2870
2416,2726,2782
2441,2446,2773
2811,2888,2894
2850,2851,3385
2920,2982,2987
3068,3221,3223
3152,3236,3272
3278,3279,3627
3667,3672,3796
3843,4101,4141
4546,4592,4894
4827,4983,5256
4894,5064,5085
66,70,427
163,166,308
459,791,996
470,471,974
565,734,741
638,925,965
856,858,924
857,861,1143
878,925,1166
1137,1178,1348
1263,1753,1802
1340,1342,1449
1494,1535,1716
1525,1527,1605
1998,2012,2170
2139,2290,2627
2254,2506,2689
2263,2610,2640
2697,2898,3231
2970,3254,3307
3100,3106,3218
3304,3506,3625
3943,3989,4333
4016,4283,4369
4126,4229,4309
4449,4523,4528
5250,5414,5415
68,71,689
97,107,117
373,418,539
393,663,933
616,617,962
715,1199,1561
801,805,1135
877,913,975
1070,1224,1506
1219,1220,1554
1305,1308,1573
1397,1443,1683
1405,1425,1430
1510,1789,2047
1727,2035,2180
2045,2046,2540
2172,2330,2495
2486,2742,2801
2539,2578,2699
2629,2631,3167
2788,3025,3044
2812,2813,3159
2976,2996,3001
3384,3920,4206
3385,3392,3782
3492,3505,3840
3493,3531,3806
3622,3625,4158
3670,3672,4207
4158,4172,4330
4446,4982,5310
4500,4550,4865
5113,5153,5461
5163,5209,5474
5207,5352,5353
151,170,576
427,432,556
642,984,1015
767,873,1125
775,777,1268
1652,1821,2073
1663,1840,2233
1794,1796,2212
2389,2703,2771
2469,2481,2783
2663,2665,3010
2821,2822,3164
3044,3049,3333
3420,3470,3785
3766,3971,4241
3866,4098,4410
4350,4404,4539
4460,4796,4850
4623,4627,4934
4760,4796,4962
4838,4992,5263
5051,5385,5496
5142,5146,5443
657,1192,1539
727,733,1105
783,1054,1133
807,809,915
1084,1183,1260
1161,1388,1506
1311,1845,1969
1332,1338,1680
1463,1938,1963
1760,2096,2150
1794,1796,2097
2045,2217,2218
2231,2436,2454
2313,2849,3132
2359,2695,2758
2654,2804,2888
2747,2930,3032
2861,3397,3678
2914,3381,3404
3019,3021,3515
3033,3290,3319
3209,3373,3505
3212,3422,3749
3279,3453,3850
3401,3782,3795
3466,3512,3814
3815,3989,4204
3831,4014,4032
3920,3921,4310
4455,4991,5315
4622,4624,4732
4800,5248,5308
4937,5149,5169
15,495,629
226,737,764
228,229,800
252,334,621
410,566,567
689,1021,1081
956,959,1459
1005,1055,1056
1235,1260,1266
1235,1309,1641
1357,1789,1853
1399,1626,1628
1579,1581,1908
1748,1753,1802
2030,2033,2567
2035,2090,2180
2234,2446,2507
2258,2520,2710
2269,2315,2388
2839,2843,3120
3088,3178,3196
3316,3345,3550
3344,3695,3724
3522,3526,3823
3529,3595,3863
3549,3561,3863
3619,3659,3780
3782,3791,4013
3836,4241,4263
3896,4266,4282
4435,4968,5153
4515,4529,4889
4694,4697,5190
4777,4781,4916
5026,5028,5448
330,333,447
588,1014,1021
775,1194,1268
979,990,1104
1054,1056,1397
1236,1240,1513
1639,1793,1859
1721,1993,2127
1938,2003,2250
2036,2310,2539
2050,2329,2587
2407,2428,2433
3032,3470,3528
3114,3119,3336
3226,3431,3701
3369,3488,3793
3388,3389,3719
3620,3625,3878
3860,4143,4184
3894,3897,4433
4267,4478,4606
4338,4339,4672
4459,4463,4895
4576,4578,5072
5023,5064,5130
83,696,1023
102,436,444
167,170,469
340,396,629
923,1079,1081
1122,1123,1474
1151,1356,1698
1261,1371,1641
1488,1530,1714
1883,1885,2379
1936,1938,2004
2292,2295,2831
2465,2941,2966
2795,3057,3063
2826,3206,3320
2895,2897,2964
3094,3099,3341
3219,3370,3824
3376,3381,3760
3381,3384,3920
3558,3624,3865
3601,3842,3886
4166,4172,4276
4693,4714,4716
4957,5224,5331
4978,4983,5358
5166,5457,5481
5262,5318,5378
75,110,118
622,844,905
672,675,1211
690,693,1229
788,1055,1186
911,1445,1556
1253,1364,1673
1356,1421,1690
1448,1450,1944
1500,1512,1655
1874,1920,2211
2306,2361,2697
2327,2815,2866
2640,2771,2772
2793,3050,3056
2812,2816,3139
2814,2815,3348
2925,2927,3033
3131,3278,3279
3164,3166,3702
3240,3625,3656
3451,3487,3552
3555,4089,4212
3803,3961,4357
3857,4073,4135
4245,4246,4748
4418,4683,4745
4839,4990,5327
5218,5220,5283
533,642,712
617,833,895
800,802,909
1091,1241,1565
1114,1284,1665
1133,1325,1331
1188,1191,1316
1447,1467,1469
1555,1556,2060
1671,1854,1872
1732,1736,2059
1843,1844,2378
1906,1907,2441
2065,2067,2145
2242,2464,2799
2265,2562,2580
2381,2847,2878
2473,2757,2798
2550,2714,2715
2676,2832,2948
2754,2755,3114
2917,3450,3617
2954,3000,3291
3225,3226,3654
3792,3950,3957
3899,3957,4281
3982,4515,4641
4089,4094,4403
4363,4543,4646
4404,4631,4657
4539,4543,4891
4701,4795,4884
4782,4791,4900
5065,5067,5347
5322,5326,5440
18,26,104
89,90,589
154,160,567
907,927,929
964,966,1500
1424,1429,1713
1438,1442,1685
1576,1734,2009
1620,1770,2036
1652,2046,2073
1667,1850,1952
1950,1997,2228
2065,2075,2188
2711,2856,3157
2960,2962,3069
3202,3208,3486
3241,3393,3672
3367,3369,3489
3368,3425,3752
3490,3991,4150
3590,4124,4241
4587,4589,4695
4615,4653,4910
4710,5188,5205
4721,4726,4952
4724,5160,5219
23,24,580
75,179,561
93,489,641
530,679,1128
923,1113,1114
1051,1052,1488
1247,1568,1663
1488,1493,1714
1596,1752,1868
1910,1913,2406
2000,2005,2258
2051,2530,2547
2177,2338,2345
2209,2398,2516
2648,2650,2982
2780,2997,3058
2807,3115,3260
3280,3456,3704
3298,3487,3847
3342,3621,3804
3580,3852,3883
3741,3903,3955
3812,4206,4233
4250,4385,4386
4323,4325,4616
4570,4571,5071
4660,4662,5156
4799,5097,5337
4962,5245,5335
6,128,188
27,658,798
358,360,496
520,682,690
1910,2122,2128
2347,2349,2417
2457,2519,2524
3198,3364,3498
3334,3586,3769
3344,3635,3812
3587,3855,3884
3595,3596,4090
3831,4017,4078
4450,4455,4904
4517,4539,4544
4810,5026,5346
4934,5146,5207
4997,5001,5386
5254,5298,5501
5333,5404,5448
3,12,487
196,281,593
314,499,501
415,434,436
843,847,1154
1007,1016,1124
1230,1233,1769
1396,1400,1662
1473,1479,1587
1511,1658,1659
1691,1899,1960
1924,2032,2241
2290,2291,2629
2478,2543,2790
2499,2561,2563
3255,3405,3472
3482,3903,3976
3492,3498,3840
3680,3716,3882
3883,4168,4348
3992,4038,4347
3993,4099,4390
4294,4296,4637
4481,4869,4948
4538,4542,4863
4664,4669,4953
36,401,412
231,246,607
370,877,1021
374,380,638
376,475,564
766,812,1114
811,1113,1166
837,945,1158
938,1035,1037
1050,1131,1208
1063,1218,1632
1260,1265,1625
1419,1521,1710
1468,1526,1528
1985,1989,2229
2557,2666,2667
2624,2626,3162
2806,3109,3256
2891,3224,3295
3386,3441,3777
3981,3982,4515
4654,4655,5155
4736,4739,5239
4879,5033,5453
4986,5362,5423
325,816,841
501,714,1038
611,819,880
938,939,1432
961,966,1112
1208,1265,1592
1306,1352,1654
1359,1360,1894
1938,2004,2245
2494,2495,2995
2505,2509,2788
2628,2693,2744
2848,2852,3256
3067,3087,3089
3095,3151,3153
3250,3399,3622
3489,3761,3817
3899,3903,4281
4187,4189,4243
4223,4224,4721
4320,4705,4736
4441,4442,4784
4453,4987,5125
4784,4786,5322
4820,4821,5261
5183,5185,5251
33,40,512
112,203,208
188,190,728
350,404,620
468,533,584
553,748,868
814,819,1150
1070,1224,1556
1073,1182,1252
1396,1401,1705
1929,1931,2038
1981,2222,2266
2307,2332,2338
2619,2621,3156
2791,3076,3181
2805,3102,3120
3109,3128,3130
3959,3964,4304
4100,4362,4405
4148,4582,4649
4168,4226,4228
4428,4443,4806
4595,4599,4899
4855,4857,5128
5064,5086,5091
5085,5090,5445
5137,5402,5411
5183,5187,5446
5233,5295,5491
5327,5328,5393
174,237,574
357,363,639
364,905,1016
531,691,819
731,733,1217
895,1369,1395
1000,1044,1045
1315,1574,1724
1605,1606,2034
1715,1977,2086
1766,1771,1818
1866,1871,2183
1897,1899,2393
2235,2264,2463
2385,2387,2493
2536,2537,3037
2554,2598,2801
2582,2586,2805
2594,2631,2807
2694,2847,3257
3065,3069,3309
3095,3184,3272
3205,3360,3435
3420,3425,3785
3930,3931,4465
4011,4545,4669
4600,5134,5259
4815,4949,4973
4956,5216,5314
5211,5216,5495
333,447,633
641,917,977
648,663,1026
679,680,1014
884,896,1173
1158,1381,1535
1523,1962,2021
2037,2148,2150
2051,2167,2168
2355,2361,2729
2801,3073,3093
2830,2831,3169
2999,3294,3318
3005,3294,3336
3212,3372,3423
3314,3526,3587
3394,3399,3788
3396,3400,3800
3480,3484,3799
3835,4021,4040
3960,4010,4325
4010,4011,4545
5016,5017,5343
1,12,486
108,118,128
224,309,361
591,798,838
740,1086,1109
948,953,1174
1162,1450,1491
1181,1479,1517
1528,1813,2065
1580,1581,2021
1806,2339,2467
2185,2354,2361
2423,2425,2919
2471,2578,2783
2738,2739,3087
2956,3433,3452
3203,3205,3550
3329,3596,3638
4332,4490,4655
4745,4917,4918
4828,4981,5322
21,133,140
37,38,467
150,161,371
183,189,503
681,682,1216
1050,1052,1334
1092,1250,1415
1314,1379,1669
1439,1443,1700
1786,1788,2208
1916,1920,2231
2735,2909,3124
3162,3166,3280
3559,3818,3880
3732,3891,4345
4784,5076,5322
4937,5174,5215
5155,5160,5479
144,424,432
313,340,346
331,336,628
417,570,571
969,1029,1096
1264,1604,1641
1696,1697,2042
1759,1764,2208
2022,2042,2044
2450,2662,2668
2674,2763,2903
3488,3754,3843
3598,3610,3877
3644,4077,4144
3935,4008,4267
3948,4279,4332
4111,4178,4415
4210,4489,4747
4646,5083,5142
5192,5446,5492
359,363,622
817,1245,1318
1508,1512,1726
1863,2134,2213
2037,2471,2536
2143,2329,2374
2464,2571,2799
3002,3007,3321
3214,3303,3443
3637,3746,3747
4666,4767,4953
4694,4852,4854
5052,5395,5425
5240,5245,5498
5254,5259,5501
262,793,953
354,355,898
706,708,1012
944,1380,1439
996,998,1055
1035,1037,1432
1370,1642,1700
1625,1805,1849
1662,1721,1902
1802,1804,2216
1816,1864,2125
1838,1840,1947
1903,1967,2241
2316,2317,2643
2492,2746,2792
3576,3579,3681
3651,4084,4151
3729,3881,3890
3889,3894,4267
3919,3920,4254
4064,4271,4277
4282,4343,4442
4540,4646,4933
4870,5242,5252
4967,5279,5330
5218,5223,5497
5246,5248,5338
5338,5354,5452
26,27,658
379,549,550
533,534,980
778,1312,1436
905,909,1149
908,1342,1409
1083,1151,1260
1099,1253,1673
1117,1296,1330
1233,1768,2099
1308,1573,1665
1441,1682,1726
2044,2369,2580
2296,2301,2680
2332,2383,2694
2677,2679,3066
2781,3008,3126
2855,2929,3261
3115,3134,3136
3195,3197,3592
3800,3957,4216
4388,4592,4694
5285,5396,5397
64,68,416
98,105,510
157,464,471
231,237,607
316,835,990
443,586,587
1032,1273,1315
1545,2029,2050
2278,2283,2658
2340,2390,2705
2443,2507,2781
2476,2488,2785
2558,2655,2657
2633,2704,2748
2786,3018,3036
2871,2873,2985
2936,3203,3289
3343,3628,3685
3458,3462,3783
3624,3789,3790
4288,4446,4786
4317,4470,4519
4652,4819,4821
5025,5093,5098
5081,5393,5502
319,336,630
366,419,624
1095,1249,1357
1403,1407,1666
1507,1509,1569
1737,2111,2179
1740,1862,2189
2371,2411,2737
2894,3427,3554
2923,2924,3458
3117,3228,3230
3283,3526,3566
3311,3516,3534
3317,3554,3595
3523,3543,3548
3584,3596,3873
3600,3620,3622
3734,3884,3968
4070,4505,4566
4216,4218,4753
4272,4431,4507
4470,4471,5005
4946,5181,5243
4981,4985,5305
362,609,639
1088,1285,1567
1101,1266,1273
1571,1639,1733
1573,1694,1808
1722,2005,2095
1850,1851,2385
2386,2390,2734
2455,2460,2779
2800,3092,3131
2981,2983,3048
3081,3173,3250
3221,3306,3404
3295,3505,3545
3366,3742,3803
3951,3957,4337
4300,4462,4592
4491,4497,4877
4559,4563,4834
4686,4733,4942
4729,4748,4750
4789,4791,5327
5004,5388,5484
5190,5237,5468
5247,5252,5500
0,13,26
71,539,626
367,390,393
425,536,537
896,897,1431
1066,1216,1270
1392,1658,1703
1476,1743,2013
1544,1836,2082
2022,2078,2138
2213,2405,2411
2260,2527,2546
2364,2386,2391
2437,2702,2711
2666,2668,3059
2987,3521,3646
3032,3199,3201
3638,4111,4137
3651,4087,4146
3723,4024,4237
3730,3946,4266
4664,4666,4767
4915,5101,5464
136,137,531
545,695,1101
1032,1191,1645
1088,1287,1551
1107,1273,1336
1216,1218,1295
2380,2442,2447
2766,2962,3023
2849,2850,3241
3268,3688,3695
3386,3391,3438
3842,3886,4097
3881,4153,4173
3915,4451,4775
4253,4324,4368
4420,4687,4816
4634,4635,5169
4714,4719,4961
4797,4805,4912
4934,4935,5311
4960,5227,5246
5162,5164,5272
5204,5208,5476
622,910,951
647,955,1100
895,1156,1185
983,984,1481
1121,1304,1310
1201,1205,1648
1343,1821,1839
2163,2165,2456
2293,2827,2965
2315,2340,2346
2381,2693,2802
2437,2714,2788
2597,2649,2650
2726,2727,3066
2969,3074,3319
3090,3568,3585
3854,4063,4401
4147,4209,4419
4295,4296,4748
4543,4544,5078
4645,4710,4953
4730,5001,5267
4904,5329,5336
4998,5024,5030
5020,5347,5351
5233,5254,5256
219,220,792
504,505,962
624,851,877
649,700,1031
695,769,1101
714,716,1132
754,1061,1146
957,1068,1070
1131,1338,1378
1174,1426,1609
1505,1677,1678
1615,1678,1766
1946,2383,2442
2111,2179,2273
2199,2373,2434
2394,2458,2760
2443,2463,2468
2606,2610,2803
2659,2661,2988
2948,3214,3303
4006,4010,4354
4359,4536,4639
4412,4659,4720
4462,4996,5132
4503,4830,4911
4608,4655,4907
4735,4788,4860
497,652,996
1307,1368,1372
1364,1797,1860
1424,1428,1696
1428,1696,1713
1462,1779,1998
1704,1934,2037
1766,1821,2157
1929,1932,2198
2104,2234,2235
2179,2337,2444
2240,2457,2797
2410,2911,3070
2464,2572,2781
2575,2628,2700
2620,2664,2665
2979,2980,3514
3289,3478,3484
3329,3571,3875
3446,3728,3793
3662,3701,3885
3665,3837,3838
3788,3889,3985
3963,3965,4448
4090,4136,4397
4367,4613,4652
4429,4479,4807
4723,4992,5260
4967,5298,5330
5154,5160,5478
2,80,255
233,317,368
560,717,976
654,657,1193
1081,1233,1512
1179,1451,1556
1182,1524,1555
1257,1258,1791
1705,1942,1948
2208,2390,2634
2225,2226,2594
2725,2894,3014
2988,3035,3287
3390,3391,3925
3640,3642,3698
3683,4119,4183
3765,3876,3917
3825,4011,4129
4037,4350,4380
4085,4564,4581
4182,4238,4298
4223,4659,4723
4488,4819,4872
4852,4928,5032
4861,5013,5292
5026,5028,5332
5158,5370,5372
579,753,1150
701,1082,1095
817,1082,1091
1197,1733,2064
1230,1231,1765
1451,1985,2096
1691,1896,2238
1691,1920,1960
1738,1740,1863
1904,2333,2405
2170,2542,2552
3198,3364,3372
3311,3519,3580
3550,3554,3857
3766,3916,3970
3905,4278,4293
4147,4167,4169
4303,4458,4872
4531,4569,4841
4832,5043,5345
155,156,240
194,228,280
661,666,1120
945,1057,1058
1278,1280,1542
1343,1345,1839
1484,1920,1979
1583,1585,1930
1823,1829,2136
1838,1850,2201
2031,2033,2526
2076,2086,2219
2087,2088,2153
2142,2267,2324
2157,2305,2358
2231,2232,2606
2392,2397,2749
2518,2530,2797
2638,2654,2752
2755,2941,3304
3013,3235,3237
3124,3126,3660
3136,3138,3673
3235,3237,3508
3702,3711,3820
3780,3930,4196
4592,4593,5127
4646,4902,4961
4907,5090,5192
5023,5066,5348
5122,5184,5189
5165,5384,5386
141,149,236
389,394,506
1939,2198,2260
2161,2313,2641
2164,2165,2606
2399,2401,2466
2444,2718,2789
2458,2670,2672
2534,2769,2802
2630,2631,3134
3298,3491,3553
3685,3690,3808
3872,4119,4180
3952,4003,4314
4180,4186,4298
5212,5216,5489
201,779,903
538,574,689
632,879,940
640,907,1036
752,798,1107
1002,1003,1062
1317,1318,1852
1939,1941,2435
2031,2467,2526
2351,2684,2755
2770,2980,3099
2899,3391,3438
3313,3527,3646
3342,3625,3715
3394,3449,3788
3694,3695,4194
4114,4615,4770
4204,4206,4740
4264,4394,4395
4426,4752,4785
4792,4793,4864
5087,5193,5445
5335,5468,5469
131,139,569
165,255,307
193,196,281
446,481,643
646,949,967
787,852,1117
790,791,1291
871,892,897
1043,1045,1390
1336,1646,1702
1357,1634,1708
1538,1595,1679
1815,1829,2189
2073,2361,2581
2098,2114,2212
2110,2274,2327
2136,2289,2713
2219,2619,2626
2441,2453,2773
2524,3058,3171
2792,3039,3218
2817,3353,3684
3051,3054,3302
3169,3171,3707
3883,4230,4260
4103,4105,4171
4271,4277,4560
4301,4386,4484
4994,5369,5387
5070,5083,5436
5178,5243,5490
45,54,520
595,805,845
628,865,884
698,699,1189
1059,1210,1547
1834,2301,2324
1886,2420,2545
1914,1917,2025
1990,1991,2525
2027,2032,2148
2188,2608,2615
2311,2845,2979
2402,2663,2777
2506,2607,2793
2794,3113,3149
3098,3571,3597
3779,3866,3929
3857,4094,4135
3861,4088,4206
4131,4133,4232
5307,5385,5428
147,698,745
324,441,630
573,574,878
605,647,864
782,1044,1185
874,875,1375
1193,1541,1577
1349,1455,1687
1660,1836,2084
1795,2284,2334
1861,1881,1886
2231,2436,2778
2685,2686,3114
2705,2855,2879
2859,2861,3397
2977,2979,3473
2982,3028,3283
3049,3050,3584
3248,3447,3711
3322,3610,3651
3357,3731,3799
3831,4038,4078
4163,4638,4663
4240,4241,4742
4402,4624,4685
4486,4487,4806
4511,4997,5321
4588,4592,4918
4704,4869,4870
8,12,385
21,198,569
203,209,563
296,300,603
1378,1854,1879
1676,1864,2103
1987,2051,2116
2034,2039,2256
2037,2474,2532
2322,2325,2438
2498,2545,2786
2609,2750,2751
2935,3194,3344
3026,3463,3522
3038,3042,3326
3638,3639,4132
3691,3725,3884
3697,3722,3744
3748,3906,4230
4237,4265,4376
4520,4866,4889
4618,4830,4832
4970,4974,5350
574,770,811
675,1053,1107
675,1211,1535
895,896,1390
1243,1249,1633
1328,1595,1726
2907,3398,3445
2969,3030,3034
3005,3484,3501
3013,3487,3513
3415,3899,4261
3583,4116,4265
3709,4003,4247
3737,3897,4241
3811,3981,4043
3819,3993,4390
3848,3849,4220
3912,3915,4451
4213,4215,4280
4562,4564,5056
4576,5049,5077
4940,5160,5264
155,246,298
204,290,607
475,921,982
671,1011,1059
727,729,797
1132,1317,1559
1454,1612,1614
1958,1962,2246
2120,2121,2561
2237,2449,2469
2755,2941,2960
3034,3535,3690
3321,3548,3554
3340,3607,3736
3511,3512,4006
4449,4568,4873
4581,4627,4915
4699,4705,4860
4737,4890,4891
4851,5011,5139
4971,5048,5054
5200,5403,5405
5206,5307,5493
5258,5418,5419
90,245,552
188,654,728
358,388,431
392,484,572
1030,1194,1247
1138,1327,1687
1459,1499,1620
1714,1966,2027
1811,2297,2621
1951,1972,1977
2499,2601,2790
3374,3749,3767
4323,4391,4500
4349,4522,4529
4710,4869,4871
4887,5049,5070
62,68,537
232,291,598
832,1333,1493
914,1349,1414
1095,1245,1669
1757,1813,2146
1894,1906,2230
2317,2645,2711
2588,2626,2806
2606,2641,2803
3344,3635,3661
3372,3373,3907
3373,3907,4045
3810,3864,3999
3898,3912,4278
4028,4031,4523
4270,4487,4796
4288,4441,4782
504,645,736
614,826,887
625,862,978
779,784,1133
943,946,1480
1208,1213,1262
1285,1287,1567
1307,1412,1681
1374,1380,1698
1621,1768,2097
2215,2425,2465
2350,2352,2616
2719,2944,2984
2733,2786,2926
2777,2993,3055
2831,2832,3219
3024,3028,3306
3165,3215,3216
3689,3830,3831
3916,3918,3995
3933,4318,4354
4015,4274,4424
4509,4532,4537
115,511,634
421,455,572
745,747,1027
847,848,1382
858,878,883
940,953,1058
1312,1317,1669
1321,1386,1673
1330,1831,1990
1500,1503,1627
1613,1614,2060
1773,2159,2246
1803,2293,2342
1949,2483,2604
2205,2391,2509
2335,2659,2747
2504,2506,2607
2565,2677,2678
2591,3070,3087
2956,3213,3219
3214,3216,3557
3236,3338,3386
3504,3813,3844
3516,3581,3850
3955,3957,4439
3961,4026,4030
4601,4603,4668
4679,4726,4940
4918,5132,5173
4978,4985,5373
71,538,574
78,83,596
120,127,535
240,246,610
278,282,410
290,787,813
307,488,490
407,412,634
741,742,1275
962,1001,1185
982,1265,1519
1143,1338,1441
1484,1586,1588
1722,2001,2059
1870,1871,2371
2607,2685,2728
2683,2869,2914
2862,2868,3199
3002,3004,3112
3270,3324,3459
3379,3383,3815
3479,3481,3546
3619,3625,3780
3635,3722,3747
3750,3831,3908
4075,4111,4177
4175,4262,4287
4448,4453,4502
4485,4553,4558
4863,4865,5156
158,521,606
258,317,587
341,419,454
386,865,890
413,415,433
490,707,1016
620,837,1177
745,746,1007
845,1064,1066
1215,1593,1647
1422,1423,1956
1480,1493,1598
1889,1994,2239
2047,2058,2176
2117,2272,2759
2261,2533,2667
2888,2893,3192
3124,3449,3660
3488,3755,3886
4326,4328,4595
4458,4534,4872
4581,4585,4915
4782,4783,4842
4852,4854,5190
5225,5227,5289
72,117,179
688,692,1096
841,1374,1535
1151,1152,1526
1293,1355,1360
1431,1433,1532
1458,1464,1629
1528,1530,2065
1817,1839,1844
1839,1843,2191
2079,2081,2616
2370,2373,2480
2646,2815,2993
2664,2665,3122
2718,2719,3052
2968,3014,3298
4067,4601,4726
4397,4609,4943
4835,4836,5288
4871,5016,5456
5141,5153,5473
47,54,126
74,149,548
93,488,583
376,473,550
386,549,551
652,653,999
670,671,1009
719,733,1101
747,749,1234
909,1149,1179
1038,1204,1338
1103,1331,1370
1157,1394,1435
1168,1405,1424
1183,1530,1560
1427,1903,1928
1560,2012,2066
1894,1898,2178
2270,2275,2326
2431,2904,2931
2971,3273,3326
3080,3126,3338
3109,3163,3229
3230,3384,3666
3473,3477,3795
3676,3678,4213
3826,3872,4068
3897,4271,4339
4064,4497,4560
4217,4218,4714
4284,4285,4742
4292,4502,4829
4302,4303,4754
4464,4999,5334
4880,5296,5304
5092,5096,5363
134,227,569
243,326,610
397,412,518
936,1203,1473
1081,1228,1557
1144,1346,1465
1290,1295,1612
1301,1612,1688
1364,1571,1577
1458,1461,1553
1634,1708,1853
1688,1955,1994
1834,2298,2330
2252,2566,2603
2301,2304,2840
2457,2564,2797
2479,2481,2975
2661,2818,2874
2721,2886,2893
2768,3035,3074
2948,2951,3443
3026,3028,3522
3074,3077,3570
3317,3529,3863
3806,3862,3992
4328,4429,4525
5131,5433,5486
185,190,555
216,353,600
469,471,1007
555,705,1129
1044,1185,1276
1263,1265,1748
1487,1493,1609
1580,1712,1739
1840,1902,1907
2558,3035,3052
3009,3012,3278
3111,3544,3611
3163,3222,3280
3252,3410,3575
4456,4458,4535
4741,4775,4892
4843,5029,5074
297,378,630
395,495,497
451,455,644
642,921,979
781,845,1144
1123,1303,1406
1198,1205,1593
1275,1280,1626
1283,1289,1596
1375,1380,1699
2252,2499,2678
2543,2699,2701
2614,2685,2686
2816,3186,3202
3267,3433,3496
3335,3597,3706
3341,3617,3677
3663,3787,3815
3852,3883,4076
3854,4087,4127
4057,4334,4408
4495,4979,5341
4567,4632,4897
4879,5037,5144
5287,5289,5349
150,161,170
197,200,483
435,500,560
571,737,758
629,871,891
1111,1281,1343
1187,1499,1550
1508,1546,1726
1727,2035,2053
1772,2151,2162
1883,2190,2244
1956,1962,2250
2125,2361,2402
2220,2419,2579
2266,2569,2716
2290,2294,2732
2599,2604,2724
2748,2930,3174
2897,2964,3269
3184,3185,3691
3445,3447,3727
3700,4182,4204
3802,3803,4139
3813,3814,4118
4075,4115,4399
4145,4147,4209
4276,4709,4719
4541,4853,4962
5031,5037,5417
188,494,644
345,346,891
903,904,1438
1015,1465,1520
1203,1206,1742
1491,1924,1991
1625,1779,1849
1830,1833,1940
2057,2537,2554
2200,2376,2624
2367,2858,2905
2395,2653,2774
2420,2422,2529
2867,2869,3350
2965,2966,3500
3016,3020,3282
3019,3456,3515
3066,3070,3322
3104,3540,3599
3288,3470,3714
3307,3513,3632
3644,4080,4139
3677,3729,3730
3784,3785,4226
3870,4123,4129
4481,5017,5298
4632,4898,4943
90,244,589
251,255,583
259,286,292
375,376,564
487,654,698
1673,1865,1983
2417,2730,2760
2527,2547,2549
2587,2598,2716
2990,3421,3490
3537,3644,3877
3584,3586,3687
3649,3668,3670
3890,3894,4270
3971,4457,4781
4099,4533,4600
4215,4280,4340
4354,4550,4591
4416,4673,4860
4473,5008,5339
4542,4863,4901
4597,5029,5093
4722,4780,4895
4812,4971,5425
4968,4971,5096
4991,5331,5379
4998,5074,5412
316,317,835
372,380,550
744,811,1125
818,1098,1150
859,1293,1360
879,983,1058
1445,1447,1509
1463,1619,1621
2090,2575,2596
2378,2380,2487
2562,2582,2584
2845,2859,3231
3516,3536,3541
3660,3663,3787
4015,4434,4508
4056,4120,4398
4138,4150,4417
4163,4641,4658
4184,4286,4288
4538,4543,4901
4561,4581,4586
4659,4763,4838
4873,5068,5188
4884,5045,5302
4928,5129,5155
5021,5409,5488
113,442,450
123,218,565
322,380,626
506,508,899
713,825,1097
1049,1213,1221
1201,1202,1544
1251,1256,1590
1495,1514,1516
1559,1561,2097
1781,2169,2248
2472,2738,2783
2921,3390,3412
2956,2958,3452
3073,3137,3207
3080,3085,3338
3090,3092,3585
3168,3233,3284
3411,3413,3525
3770,3919,4252
3846,4108,4148
4534,4841,4926
4694,4929,4962
5318,5375,5459
510,591,668
623,855,972
991,995,1184
1028,1030,1362
1164,1457,1497
1534,1674,1675
1680,1879,1885
1688,1889,1915
1716,2039,2074
1946,2108,2110
1999,2038,2159
2183,2411,2450
2432,2433,2967
2576,2850,3079
2650,2867,3176
2814,2817,3353
2838,2914,3252
3140,3176,3342
3323,3555,3561
3348,3356,3742
3954,3955,4278
3990,4003,4356
4378,4592,4633
4416,4673,4699
4720,4726,4838
4823,4825,5170
4934,5143,5162
125,127,599
357,362,609
800,812,1144
951,1057,1059
1207,1214,1607
2249,2491,2795
2412,2425,2760
2684,2686,2961
2846,2901,3237
2847,2921,3257
2875,3199,3287
2992,2993,3493
3100,3105,3217
3307,3513,3519
3423,3750,3831
3767,3811,3920
3954,3956,4257
4027,4093,4387
4094,4095,4629
4422,4701,4884
4483,4489,4873
4604,4878,4949
4625,4914,4956
39,471,519
349,351,372
395,875,892
399,444,632
1279,1616,1718
1319,1324,1673
1393,1677,1718
1505,1506,2000
1548,1613,1664
1609,2030,2039
1627,1628,2007
1686,1885,1988
1709,1951,2255
1985,1987,2049
2018,2491,2517
2140,2302,2432
2217,2258,2428
2404,2405,2939
2705,2855,3261
3111,3217,3219
3337,3604,3610
3351,3476,3726
3401,3936,4263
3726,3895,3903
3888,3891,4016
3898,3905,4293
4418,4680,4870
4777,4802,4824
5073,5180,5436
5206,5268,5270
5246,5251,5355
5267,5279,5389
5303,5360,5361
121,160,217
288,418,623
303,317,627
320,370,481
410,847,906
510,512,794
575,749,964
1059,1215,1535
1333,1373,1681
1470,1945,1970
1514,1551,1727
1592,1803,2105
1723,2008,2065
1953,2210,2239
1968,2236,2253
2008,2066,2068
2048,2086,2266
2396,2663,2749
2520,2540,2542
2734,2930,2971
2753,2945,2951
2799,3071,3077
2943,3214,3293
3279,3519,3559
3453,3515,3520
3545,4024,4041
3777,3978,4311
4076,4122,4391
4124,4128,4396
4379,4779,4786
4624,4686,4691
4703,5181,5198
5050,5052,5459
268,327,611
409,681,947
571,737,1121
1730,1735,1786
1851,2385,2509
2244,2474,2577
2263,2548,2728
2562,2620,2735
2807,3115,3133
3764,3835,3917
3843,4038,4141
3844,4046,4052
3917,3922,3970
3979,4315,4378
4026,4031,4343
4049,4110,4114
4769,5209,5268
4947,5189,5304
5089,5403,5471
5262,5282,5284
5,95,490
49,159,520
61,136,531
342,452,635
381,396,496
667,674,1067
673,1207,1345
726,1259,1387
1052,1263,1565
1328,1331,1823
1727,2039,2090
1737,2115,2249
1774,1829,2168
2024,2126,2128
2131,2132,2568
2813,3161,3197
2906,3188,3253
3098,3195,3197
3216,3369,3793
3679,3684,3804
3724,4179,4231
4006,4052,4354
4085,4087,4581
4211,4358,4359
4250,4735,4756
4675,4823,4825
4919,5111,5319
4936,4965,5170
153,204,289
249,252,335
378,861,878
474,476,1012
541,688,1132
774,838,1140
1154,1363,1701
1241,1629,1708
1533,1821,2041
1589,1753,1885
1831,1836,2197
2185,2354,2474
2355,2357,2424
2627,2631,2744
3177,3178,3194
3717,3721,3832
4060,4594,4719
4280,4281,4721
4427,4758,4790
4493,4560,4565
5162,5174,5481
5328,5393,5444
5337,5341,5452
15,652,999
24,25,464
307,582,641
1648,2068,2075
2469,2474,2783
2543,2545,3038
2830,2834,3121
2860,3187,3191
3018,3083,3330
3358,3363,3738
3454,3921,3944
3528,3575,3827
3651,3653,4146
3705,3755,3756
4437,4972,5319
4519,4521,5006
4851,5011,5019
4965,5262,5280
8,385,396
109,128,561
719,724,1064
1024,1032,1034
1132,1559,1565
1456,1957,2101
2014,2058,2261
2184,2345,2602
2440,2974,3099
2449,2514,2761
2872,2923,3234
2963,3227,3230
3135,3200,3260
3361,3365,3685
3494,3540,3831
3502,3564,3569
3507,3510,3794
3631,3735,3736
3874,4193,4229
3906,4286,4400
4166,4171,4275
4348,4768,4775
4354,4529,4591
4406,4662,4703
4504,4844,4881
4519,5011,5058
4989,5108,5413
5107,5172,5437
5305,5310,5428
50,409,419
130,140,300
211,218,570
332,333,529
658,663,1038
666,1201,1544
805,806,1340
951,1387,1446
1075,1138,1226
1126,1127,1481
1646,1647,1986
1808,1813,2112
2029,2048,2050
2144,2146,2421
2189,2362,2481
2541,2633,2710
3089,3354,3626
3251,3401,3678
3744,3745,4202
4260,4391,4392
4402,4690,4731
4667,5146,5163
4814,4964,5048
4850,4999,5448
4966,5269,5416
7,189,486
34,149,206
392,451,453
814,826,1150
831,1106,1141
977,1029,1030
1172,1486,1523
1180,1472,1511
1204,1738,1878
1215,1751,2075
1259,1261,1371
1495,1548,1620
1581,1794,2118
1618,1654,1769
1721,2019,2057
2256,2579,2614
2288,2292,2672
2438,2718,2770
2463,2467,2774
2470,2516,2777
2483,2495,2787
2597,3073,3096
2658,2824,2832
2696,2697,3080
2891,3225,3336
2899,3235,3298
2918,2922,3243
3287,3467,3493
3447,3786,3819
3506,4040,4165
3878,4165,4205
3891,4016,4266
3978,3979,4311
3998,4003,4361
4069,4134,4381
4074,4087,4398
4888,5308,5315
4917,4918,5240
4964,5315,5344
5228,5465,5507
5260,5266,5378
120,128,565
308,586,627
350,354,620
794,798,1131
824,1253,1325
887,1366,1383
1054,1143,1283
1100,1516,1524
1208,1212,1592
1247,1735,1786
1638,1709,1860
1653,1706,1846
1931,2038,2243
1962,1963,2496
2121,2334,2658
2135,2136,2588
2354,2887,3014
2517,3051,3166
2843,3220,3238
2903,2909,3216
2984,3191,3197
3036,3041,3315
3082,3085,3618
3223,3378,3402
3375,3911,4235
3889,3940,4271
4042,4149,4384
4599,4600,5134
4656,4659,4761
4728,4770,4954
4849,5270,5279
5164,5226,5231
167,469,476
425,900,922
598,791,853
603,798,901
637,904,910
660,783,1038
1010,1011,1514
1454,1457,1950
1632,1790,1797
1675,1864,1925
1737,2273,2604
1767,1792,1798
1841,2307,2338
1925,1927,2421
2010,2169,2171
2125,2280,2729
2277,2655,2789
2371,2376,2737
2614,3053,3116
2644,2774,2775
2652,2893,2935
3054,3302,3335
3131,3132,3627
3149,3589,3648
3517,3945,4018
3998,4002,4323
4138,4140,4203
4169,4172,4706
4603,4623,4628
4922,4923,5288
4996,5003,5398
58,69,81
100,200,253
216,352,625
240,245,558
287,288,321
803,1277,1304
819,820,1354
1120,1544,1551
1211,1551,1599
1511,1512,2007
1532,1616,1652
1999,2035,2088
2002,2005,2538
2003,2481,2498
2198,2260,2435
2465,2944,2961
2971,2972,3466
3117,3551,3616
3220,3382,3512
3314,3523,3861
3339,3611,3617
3359,3363,3741
3405,3473,3478
3412,3417,3774
3900,3976,3982
4372,4799,4805
4982,4983,5368
4996,4998,5075
5056,5061,5365
60,68,168
96,702,875
283,842,966
1301,1767,1798
1382,1394,1701
1599,1750,2204
2471,2577,2791
2685,2796,2837
2758,2972,3013
2818,2820,2943
3445,3446,3824
3820,4244,4251
3873,4130,4136
4125,4129,4408
4292,4503,4805
4343,4501,4531
4507,4513,4885
4701,4760,4762
4741,4746,4892
558,559,892
729,796,1116
1067,1111,1220
1188,1194,1566
1269,1336,1656
1278,1279,1611
1764,2147,2191
1975,1976,2470
1994,2429,2494
2108,2203,2270
2481,2482,3016
3267,3429,3450
3829,4018,4136
4154,4592,4650
4593,5127,5252
5314,5385,5386
101,253,593
197,461,483
343,602,635
368,809,874
514,516,857
829,850,855
871,937,1159
1364,1793,1865
1775,1849,2181
1784,1836,2143
2015,2104,2192
2109,2110,2554
2262,2545,2635
2473,2474,2968
2531,3065,3176
2620,2776,2777
2903,2951,3216
2949,3221,3277
3195,3329,3353
3320,3537,3877
3341,3639,3677
3523,3587,3861
3933,4468,4799
4042,4148,4407
4183,4452,4720
4234,4673,4736
4236,4246,4379
4680,4745,4870
5055,5057,5124
5144,5418,5489
5197,5233,5295
328,876,1025
526,681,731
607,813,932
711,717,1097
1322,1324,1816
1654,1829,1891
1677,1718,1888
1702,1990,2031
2262,2541,2599
2270,2274,2650
2271,2348,2354
2316,2321,2756
2393,2397,2715
2766,3028,3068
3362,3363,3748
3377,3433,3766
3889,3939,4267
3986,4268,4333
4915,5125,5165
4965,5286,5320
5060,5406,5429
5080,5142,5147
339,345,635
696,700,973
1075,1077,1348
1284,1306,1311
1554,1850,2092
1707,1949,1955
2077,2102,2124
2262,2541,2724
2542,2859,3078
2960,2972,3304
2981,2985,3262
3154,3294,3295
3475,3733,3854
3743,3857,3976
3763,3949,3994
3976,3981,4285
4135,4396,4425
4191,4627,4686
4198,4319,4320
4940,5157,5218
4999,5003,5280
5094,5114,5119
5154,5159,5454
59,63,169
88,160,523
199,514,593
273,274,834
289,578,623
526,676,730
614,615,991
1176,1433,1620
1521,1591,1644
2349,2416,2736
2402,2820,2902
2585,2696,2697
2637,2641,2752
2756,2944,3183
3013,3014,3508
3079,3119,3240
3201,3358,3414
3669,3729,3796
3769,3921,4190
4001,4003,4492
4272,4513,4555
4361,4544,4662
4463,4840,4858
4469,4470,4861
4720,4733,4838
4777,4805,4916
5093,5139,5415
5171,5278,5483
285,288,418
339,342,452
439,444,564
543,611,720
714,716,1017
1249,1250,1782
1378,1590,1592
1385,1604,1606
1639,1793,2213
1711,1962,1996
2021,2026,2252
2278,2285,2673
2603,2746,2747
2640,2641,3146
2644,2652,2654
2771,2976,3318
2924,3458,3582
3258,3259,3592
3333,3590,3701
3410,3942,4115
4070,4342,4400
4141,4143,4637
4609,4630,4635
4656,4662,4950
4681,4922,4966
4835,4966,5063
238,807,932
323,324,397
658,665,1053
719,725,1101
1114,1284,1305
1315,1731,1814
1557,1561,1672
1807,1813,2185
1876,1878,2372
2100,2552,2606
2483,2487,2746
2820,2942,3269
2939,2951,3293
3065,3070,3339
3125,3236,3237
3388,3392,3796
3587,3732,3733
3645,3757,3758
4056,4121,4390
4124,4126,4227
4195,4248,4320
4473,5009,5292
4622,4627,4941
5294,5331,5507
5317,5342,5364
615,644,843
697,699,1091
1333,1338,1681
1658,1720,1895
1873,1909,1974
2063,2502,2561
2095,2541,2602
2186,2242,2372
2479,2706,2708
2672,2832,2883
2986,2987,3521
3051,3056,3335
3093,3099,3207
3381,3382,3916
3465,3477,3825
3535,3571,3637
3742,3748,4026
3761,3763,4104
3786,3788,4055
4036,4038,4532
4106,4543,4602
4112,4366,4412
4357,4536,4570
4523,4529,4836
4616,4662,4931
4757,5237,5254
4865,5045,5089
4887,5049,5436
311,345,395
454,525,526
635,897,1006
988,1273,1525
1135,1324,1385
1399,1401,1895
1460,1465,1718
1759,1763,2195
2416,2889,2917
2553,2559,2667
2582,2621,2805
2590,2869,3127
2773,2987,3106
2989,3010,3015
3111,3113,3606
3650,3653,4187
3677,4157,4174
4234,4235,4734
4903,5080,5141
5071,5076,5437
326,615,630
347,355,471
470,605,606
710,1242,1415
1020,1151,1152
1030,1247,1556
1959,2061,2250
1967,1969,2463
1979,1983,2240
2257,2524,2530
2406,2453,2723
2532,2537,2784
2838,2915,3220
2863,2906,3188
3538,3540,4034
3731,3799,3893
3926,3931,3978
4407,4649,4764
4885,5054,5174
4960,5252,5291
5240,5286,5498
382,432,640
454,893,956
670,675,1124
803,1110,1164
811,1284,1311
849,861,1163
927,932,1180
1154,1363,1382
1181,1457,1517
1251,1265,1637
1259,1265,1641
1356,1376,1381
1841,2152,2228
2057,2533,2556
2539,2575,2628
2800,3070,3131
2852,3231,3242
2942,2944,3436
2995,3035,3319
3107,3112,3228
3367,3381,3749
3694,4133,4196
3741,3954,4278
3776,3777,4160
3847,4053,4059
3898,3903,4278
4028,4294,4383
4242,4246,4360
4376,4781,4803
5042,5044,5317
5293,5304,5420
33,41,114
265,273,618
431,907,929
521,523,864
614,823,842
933,937,1046
947,953,1069
965,1076,1077
1258,1791,1920
1545,1595,1596
1718,1980,2170
1805,1806,2339
2418,2419,2952
2444,2877,2940
2939,2943,3214
3447,3449,3934
3553,4027,4053
3563,3568,3867
3572,3575,4068
3608,4045,4104
3752,3963,4265
3768,3864,3920
3791,3941,4218
3871,4156,4261
4197,4350,4351
4540,4602,4607
4893,4894,5198
5255,5342,5367
38,43,584
40,41,667
147,694,1011
645,966,1000
1046,1160,1202
1217,1221,1606
1355,1401,1659
1764,2300,2586
2228,2432,2534
2238,2461,2467
2642,2664,2756
2671,2672,3108
2926,2972,3274
3086,3091,3195
3364,3898,4038
3406,3407,3726
3667,3669,3729
3756,3909,3943
3760,3922,3930
3955,4444,4494
4257,4261,4372
4264,4272,4274
4832,4992,5043
4951,5236,5341
5294,5298,5507
34,40,206
143,174,181
265,282,618
546,548,815
746,1028,1093
899,946,1160
1312,1324,1669
1683,1875,1936
1694,1906,1967
2448,2495,2747
2773,2987,2993
2828,2832,3212
2911,2949,3221
3350,3354,3730
3671,3818,3819
4112,4115,4608
4489,4490,5022
4523,4571,4836
4668,4936,4953
4753,4755,4820
4769,4910,4911
5121,5125,5455
1474,1479,1721
1849,2315,2346
2207,2387,2761
2295,2673,2727
2493,2750,2779
2567,2572,2688
2798,3060,3078
2809,2814,3187
3496,3973,3992
3535,3540,3859
3799,3953,4373
3840,4039,4199
3866,4101,4163
3906,4441,4784
3929,4261,4321
4240,4396,4397
5072,5076,5427
268,273,611
325,543,545
336,337,884
446,450,643
452,536,572
477,478,494
1010,1499,1514
1022,1044,1136
1225,1230,1611
1572,1573,1923
1588,1741,2082
1747,1754,2147
1780,2107,2111
1924,2031,2259
2245,2482,2598
2457,2565,2778
2507,2986,3003
2511,2514,2762
2739,2916,3019
2754,2796,2961
2786,3042,3083
3291,3498,3538
3423,3425,3908
3887,4199,4250
3928,3933,4372
4118,4165,4406
4942,5164,5225
5055,5061,5429
51,52,588
640,907,926
857,903,1143
1108,1273,1528
1227,1302,1611
1339,1872,2039
1358,1638,1690
1712,1959,2138
1852,1857,2209
2002,2319,2538
2150,2299,2748
2356,2404,2665
2444,2446,2940
2594,2598,2807
2760,2959,2965
2882,2884,3296
2908,3403,3568
3880,4147,4276
4166,4179,4276
4367,4550,4652
4467,4541,4877
4527,4867,4960
4531,4567,4632
4583,5057,5084
4673,4774,4860
4769,5206,5270
24,28,445
50,54,409
90,185,191
129,727,854
252,277,283
502,563,662
604,806,812
723,725,1208
796,1273,1292
824,1031,1037
930,1405,1430
1017,1021,1132
1082,1095,1237
1098,1169,1320
1436,1437,1971
1815,1821,2189
2711,2861,3185
2935,2937,3428
3294,3336,3501
3322,3544,3605
3515,3561,3819
3574,3575,4075
4249,4251,4787
4645,4711,4947
4675,4936,4965
4793,4864,4908
37,43,455
281,597,621
425,597,598
480,544,545
693,1228,1559
715,1040,1172
772,774,839
830,1042,1048
1062,1187,1244
1368,1373,1667
2197,2410,2530
2240,2523,2564
2427,2429,2535
2431,2909,2926
2862,2869,3252
2947,3012,3277
2967,2970,3254
3145,3150,3268
3550,3596,3857
3642,3698,3758
3952,3957,4314
4195,4214,4216
4639,4641,5135
109,116,524
382,388,640
390,396,641
413,415,560
537,690,739
807,810,1094
832,833,1333
868,869,1403
985,990,1108
1092,1250,1257
2475,3009,3132
2550,2552,3045
2616,2626,2759
2774,2775,3151
2922,3243,3281
3197,3357,3701
3345,3646,3700
3370,3371,3709
3421,3486,3490
3470,3471,4005
3519,3520,4054
3980,4326,4349
4217,4693,4716
4759,4764,4884
4903,5146,5186
4928,5129,5479
5204,5209,5493
19,27,103
29,661,1004
442,444,979
893,992,1175
947,949,1003
1064,1066,1341
1116,1297,1303
1511,1987,2009
1980,2045,2170
2321,2857,3138
2485,2551,2787
2746,2747,3101
2934,2998,3300
2950,3451,3610
2994,3000,3318
3220,3382,3390
3309,3342,3570
3530,3965,4026
3537,3599,3604
3593,3654,3656
3649,3703,3769
3777,3930,3979
3933,4469,4752
3936,3940,4340
4099,4326,4328
4254,4256,4792
4510,4512,4776
4557,4558,5092
4616,4620,4931
4794,5090,5332
4924,5126,5245
34,35,553
453,455,961
489,641,650
1246,1247,1566
1384,1446,1451
1629,1708,1777
1641,1806,1927
1755,2291,2615
1759,1760,2094
1862,2280,2362
1917,2025,2238
2001,2093,2170
2114,2264,2348
2277,2812,3159
2370,2383,2736
2599,2601,2671
3143,3286,3287
3479,3491,3833
3807,3969,3990
3868,4108,4170
3998,4000,4107
4394,4395,4771
4676,4677,5211
4899,5073,5134
4942,5164,5499
5089,5404,5503
94,499,552
101,195,201
234,368,619
873,1130,1159
971,972,1467
1448,1601,1603
1454,1892,1950
1601,1603,1944
1654,1850,1891
2015,2102,2127
2139,2295,2631
2364,2430,2713
2811,2935,3265
3389,3721,3781
4107,4366,4407
4450,4454,4741
4493,4605,4877
4591,4592,5086
4614,4620,4938
4933,5147,5153
4987,4992,5369
5164,5272,5481
203,263,563
221,229,237
236,573,626
475,925,980
646,972,1005
1175,1437,1443
1354,1359,1690
2283,2284,2818
2450,2881,2950
2543,2733,2734
2699,2786,2849
2726,2782,2912
2752,3179,3185
2790,3043,3049
3251,3401,3725
3306,3502,3867
3322,3544,3879
3437,3459,3464
3545,3547,4041
3710,3711,4214
3751,3874,3908
3759,3910,4247
4043,4350,4404
4163,4353,4354
4184,4186,4679
4391,4392,4766
4576,4833,4839
4644,4648,4926
4876,5029,5290
5075,5392,5436
65,66,477
1004,1006,1542
1286,1568,1633
1348,1394,1678
1398,1463,1710
2138,2292,2563
2309,2641,2701
2505,2552,2788
2597,2598,3094
2614,2615,3114
2701,2853,3181
2784,3077,3117
3357,3893,4224
3448,3943,4108
3568,3569,4103
3720,3851,3852
4303,4489,4534
4325,4475,4881
4461,4464,5000
4608,4613,4907
4648,4649,5183
4938,5161,5315
57,680,966
100,101,193
298,546,548
315,590,619
552,710,875
683,1060,1078
754,1218,1250
1124,1303,1549
1302,1623,1661
1544,1546,2082
1547,1556,1664
1699,1954,2070
2121,2335,2641
2316,2320,2720
2507,2509,3003
2810,2869,3190
2907,2909,3394
3207,3363,3636
3587,4063,4088
3609,3849,3879
4061,4066,4393
4062,4066,4363
4156,4157,4657
4303,4461,4534
4429,4480,4811
4485,4597,4909
4825,4980,5429
5112,5118,5460
41,667,805
43,670,1009
257,291,344
344,345,850
437,582,583
898,910,1177
1009,1011,1547
1320,1324,1639
1367,1901,2026
1550,1685,1686
1602,1603,2054
1778,1779,2269
1967,2235,2264
2180,2596,2604
2682,2807,2864
2730,2784,2919
2995,3033,3290
3430,3432,3839
3820,3996,4244
3926,3930,4317
4027,4048,4053
4223,4662,4721
4795,4928,4929
4839,4995,5315
4859,4946,5009
4948,5209,5250
249,254,562
288,417,631
537,738,1071
595,781,1144
899,903,1160
1099,1257,1364
1299,1303,1651
1306,1310,1654
1828,2323,2488
1929,1934,2243
2063,2120,2121
2085,2222,2223
2092,2101,2208
2152,2228,2332
2423,2687,2690
2546,2548,2638
2776,2805,3010
2794,3046,3229
2912,2958,3267
2934,2999,3289
3088,3180,3268
3423,3913,3962
3656,3659,4159
3788,3985,4267
3942,3948,4279
4222,4224,4759
4231,4235,4424
4727,4739,4849
5007,5081,5417
51,57,476
342,414,416
384,446,448
842,847,1161
914,1149,1182
1020,1021,1526
1039,1041,1368
1114,1310,1351
1191,1315,1645
1192,1193,1539
1380,1381,1914
1418,1422,1706
1705,1942,2058
1767,1842,2151
1816,1821,2125
2020,2025,2137
2085,2135,2136
2222,2266,2477
2385,2397,2745
2435,2439,2739
2782,3004,3339
3014,3015,3549
3063,3064,3598
3357,3735,3869
3862,4084,4145
4042,4104,4109
4167,4212,4420
4191,4297,4299
4375,4585,4625
4515,4521,4889
4818,4984,4992
5099,5103,5374
56,520,538
82,487,491
861,862,1396
1199,1204,1254
1341,1387,1675
1659,1899,1939
2122,2183,2282
2169,2171,2505
2280,2356,2362
2306,2311,2358
2317,2319,2711
2689,3110,3119
2811,2936,3186
2933,2937,3255
2940,2944,3259
3044,3048,3316
3605,3609,3849
3715,3716,4220
3795,3945,4369
3908,3913,3962
4097,4101,4383
4112,4547,4612
4229,4666,4730
4285,4521,4562
4447,4452,4829
4703,4705,5198
4795,5245,5300
4916,5104,5343
4970,4975,5026
5204,5216,5493
124,128,448
226,741,759
465,953,968
614,823,1161
1298,1300,1407
1549,1843,2087
1998,2001,2093
2422,2484,2489
2695,2758,2846
2699,2701,3038
2714,2715,3045
2861,3242,3255
2991,3266,3301
3673,3684,3800
4205,4206,4700
4247,4256,4364
4299,4450,4904
4439,4497,4821
4610,4882,4940
4729,4785,4876
5159,5454,5478
5246,5259,5356
45,68,520
487,698,826
677,681,1066
1047,1476,1486
1186,1489,1507
1201,1206,1660
1378,1670,1714
1519,1524,1644
1834,2142,2267
2767,2973,3092
2895,2900,3246
3123,3247,3275
3293,3485,3491
3301,3532,3653
4180,4185,4297
4260,4712,4766
4315,4317,4588
4382,4383,4748
4408,4645,4664
4639,5073,5140
4748,4786,4966
4862,4875,5017
5066,5348,5413
5196,5202,5490
5332,5341,5448
294,297,379
311,313,635
323,404,443
400,458,518
658,672,1038
688,689,1019
744,810,1093
974,1011,1187
994,995,1494
1131,1314,1332
1135,1321,1340
1188,1196,1582
1207,1212,1589
1259,1273,1641
1445,1449,1689
1473,1475,1562
1611,1771,1779
2507,2652,2653
2670,2751,2828
2768,2969,2995
2792,3042,3143
3044,3046,3147
3047,3192,3193
3370,3374,3812
3876,4199,4234
4181,4186,4412
4391,4596,4614
4403,4635,4641
4547,4652,4921
4586,5120,5245
4727,4729,4783
4760,4764,4962
5169,5181,5483
5320,5476,5477
69,685,819
239,247,396
352,798,857
430,709,967
524,526,801
687,761,1097
745,746,1124
755,1072,1116
1189,1239,1567
1304,1838,1962
1459,1498,1619
1569,1570,2014
1712,1962,2063
1845,1848,2113
1852,1856,2123
2360,2706,2729
2530,2531,3065
2597,2742,2743
2608,2610,3145
3190,3348,3406
3257,3418,3425
3395,3420,3426
3482,3900,3982
3665,3776,3777
3793,3988,4108
3967,3981,4345
4283,4397,4516
4404,4697,4737
4432,4437,4919
4754,4791,4967
4914,4915,5274
5070,5075,5392
5185,5251,5487
5250,5409,5411
38,42,572
183,186,272
637,904,1011
771,1305,1429
809,915,1147
928,1020,1108
950,1221,1487
1131,1317,1378
1159,1380,1414
1315,1573,1694
1463,1653,1654
1834,2141,2226
2118,2284,2418
2722,2780,2946
2767,2973,2979
2840,2841,3230
3212,3367,3422
3318,3541,3695
3322,3547,3651
3542,3546,3837
3882,4224,4255
4053,4587,4712
4133,4232,4415
4388,4655,4694
4444,4978,5118
4507,4512,4855
4741,4772,4856
4947,5189,5195
88,95,523
622,844,1179
797,1110,1140
991,1025,1184
1287,1774,2091
1469,1734,2006
1770,1773,2309
1847,1952,2221
2260,2527,2656
2273,2621,2657
2461,2994,3155
2847,2872,2878
2918,2930,3281
2932,2936,3203
2984,3413,3485
3040,3519,3536
3268,3433,3688
3376,3378,3455
3411,3425,3797
3793,3949,3988
3809,3982,4101
4070,4073,4566
4742,4746,4965
4840,5002,5010
4891,5057,5441
73,147,471
123,154,161
145,147,487
334,823,848
634,886,947
989,1429,1488
1042,1103,1202
1061,1063,1404
1403,1415,1707
1686,1882,2247
2006,2008,2098
2199,2373,2770
2242,2464,2525
2325,2393,2398
2774,2986,3047
2844,3379,3714
2887,2901,3265
3009,3011,3118
3019,3453,3520
3225,3336,3377
3283,3463,3566
3626,3628,3718
3887,4195,4340
3945,4013,4018
4389,4422,4650
4572,4578,4920
4943,5175,5181
5000,5336,5390
5340,5404,5405
693,1079,1166
906,953,1162
926,931,1035
1245,1313,1318
1568,1663,1730
1581,1738,1794
1607,1651,1760
1665,1851,1969
1891,2158,2161
2282,2626,2668
2355,2369,2729
2431,2698,2701
2491,2558,2795
2497,2533,2595
2602,2604,3139
2686,2841,2891
2692,2694,3030
2983,3047,3321
3167,3171,3284
3219,3375,3711
3256,3670,3678
3428,3433,3732
3665,4140,4162
3697,3725,3836
3771,3931,3939
4375,4561,4580
4483,4524,4590
4817,4977,5321
5154,5167,5478
443,879,943
577,756,790
1029,1181,1190
1118,1119,1467
1138,1331,1393
1184,1475,1652
1391,1498,1703
1540,1696,1697
1563,1565,2077
1658,1659,2007
2174,2175,2505
2299,2303,2735
2331,2333,2445
2486,2648,2650
2665,2901,2942
2719,2877,2984
2812,2816,3264
2875,2877,3359
2883,3211,3334
3003,3049,3314
3243,3311,3420
3407,3409,3890
3450,3463,3816
3916,3921,4300
3994,4458,4490
4005,4017,4365
4051,4353,4406
4205,4316,4317
4277,4437,4781
4530,4533,4640
4532,4578,4887
4847,4891,5000
4912,5339,5345
5048,5097,5352
5215,5363,5365
9,10,456
131,134,227
449,889,948
997,1025,1136
1150,1360,1479
1177,1444,1551
1272,1615,1645
1363,1428,1693
1377,1484,1717
1856,2123,2209
1898,2178,2230
1988,2141,2143
2288,2345,2672
2433,2967,3092
2684,2755,2837
2751,2934,3300
2846,2850,3237
2898,2900,3280
3023,3035,3327
3074,3512,3570
3134,3138,3347
3174,3470,3712
3862,4087,4191
3916,3923,4318
4266,4435,4443
4310,4459,4792
4343,4505,4610
4409,4651,4671
4437,4811,4879
76,377,388
498,664,798
729,797,1105
734,1267,1394
1189,1194,1567
1269,1292,1297
1330,1331,1831
1887,1890,2174
2263,2552,2640
2347,2361,2725
2556,2559,3093
2786,3018,3330
2845,2852,3242
3461,3772,3848
4663,5196,5345
4763,5199,5263
4962,5241,5424
58,69,246
303,308,586
586,587,941
938,1415,1432
1362,1408,1663
1369,1435,1703
1467,1472,1720
1624,1723,1800
1647,1836,1876
1923,1927,2234
1932,2198,2243
1933,2407,2433
1956,1969,2250
2168,2319,2367
2244,2471,2791
2459,2754,2778
2704,2705,3146
2795,3057,3166
2830,2835,3284
2856,2860,3260
3146,3150,3343
3503,3505,3999
3518,3798,3850
4126,4188,4190
4171,4275,4276
4718,5195,5212
4908,5090,5334
4972,4977,5459
5040,5090,5405
5122,5229,5464
151,160,576
195,255,559
215,216,294
392,482,507
393,396,933
398,400,575
445,450,568
994,1065,1066
1080,1465,1496
1351,1824,1851
1584,1725,1816
1660,2084,2091
1714,2033,2069
1998,2005,2170
2240,2457,2518
2491,2557,2779
2572,2688,2689
2696,2798,2846
2857,3185,3251
3340,3607,3626
3439,3776,3878
3644,3746,3748
3844,4046,4165
4063,4128,4393
4078,4554,4579
4201,4232,4316
4205,4377,4378
4534,5001,5024
4745,5223,5240
5005,5007,5082
45,49,159
290,597,638
480,928,988
632,882,983
750,755,1072
821,823,888
934,978,1181
1585,1821,1862
1672,2099,2105
1809,1832,1837
2540,2586,2798
2800,3067,3086
2821,2825,3268
3521,3526,3853
4001,4313,4422
4082,4094,4401
4096,4108,4405
4217,4362,4363
4518,4520,4782
4699,4735,4788
5005,5012,5402
304,336,386
321,367,435
676,678,755
1119,1296,1399
1128,1310,1554
1191,1316,1566
1193,1194,1577
1319,1331,1673
1692,1723,1916
1743,1744,2278
1915,1953,2210
1959,2063,2138
2150,2299,2632
2197,2376,2410
3524,3957,4020
3543,3589,3854
3710,4195,4216
3770,3919,4368
3777,3925,3978
3789,3868,3937
3824,4003,4249
4152,4199,4404
4248,4313,4364
4518,4519,4851
4526,4808,4873
4688,4690,5184
4757,4809,4810
40,43,671
48,54,526
196,223,229
415,470,560
693,1229,1512
711,713,825
750,763,1116
1024,1475,1533
1149,1182,1410
1267,1281,1645
1614,1767,2177
2092,2093,2164
2616,2618,2675
2700,2850,3116
2704,2803,2880
2792,3039,3100
3399,3401,3937
3551,3658,3863
3566,3728,3730
4082,4086,4377
5200,5472,5503
176,315,585
304,309,386
492,651,727
641,913,933
802,864,869
1088,1189,1285
1134,1135,1494
1154,1366,1427
1341,1345,1675
1564,2015,2073
1965,1969,2248
2097,2098,2114
2401,2466,2753
2819,2823,3201
3230,3379,3828
3483,3754,3833
3727,3894,3938
3791,3941,4265
4018,4552,4676
4139,4186,4400
4373,4565,4571
4388,4389,4760
5239,5278,5399
5243,5399,5401
5260,5273,5378
217,513,519
253,491,497
636,893,919
880,1152,1183
1135,1345,1385
1197,1575,1709
1233,1619,1706
1343,1817,1844
1467,1512,1720
1675,1885,1925
1703,1935,1941
1979,2026,2240
2040,2052,2195
2269,2274,2647
2382,2703,2741
2721,2886,3007
2805,3126,3160
3499,4032,4199
3902,4246,4288
3944,3949,4303
4135,4609,4635
4565,5099,5223
4713,4726,4827
4866,4868,5135
5043,5371,5494
5134,5138,5418
5187,5446,5487
5246,5252,5356
60,106,168
291,292,849
402,837,904
522,523,974
599,791,999
927,972,1180
977,978,1474
1139,1331,1539
1572,1574,2071
1728,1734,2106
2020,2026,2138
2132,2292,2343
2640,3088,3148
2703,2705,2996
2759,3159,3166
2919,2965,3271
3551,3657,3871
3576,3581,3855
3869,4111,4415
3877,4144,4251
3878,4143,4205
3893,3894,4277
4116,4119,4221
4333,4528,4648
4372,4557,4799
4527,4866,4899
4549,4550,5040
4583,4847,4850
4601,4606,4933
4785,4786,5288
4812,5053,5095
5035,5360,5492
5115,5222,5460
222,228,604
254,562,613
300,301,856
417,528,530
590,634,794
606,805,908
842,854,1161
874,1375,1530
1182,1461,1644
1190,1249,1570
1328,1594,1683
2324,2376,2683
2569,2625,2716
2759,2951,3159
2883,3368,3725
2988,2993,3287
3015,3549,3672
3192,3194,3691
3196,3354,3629
3677,4153,4176
3752,3912,3963
3955,4279,4367
4041,4087,4375
4048,4094,4378
4364,4789,4796
4822,4828,5106
4919,5319,5326
4946,5178,5490
5043,5370,5451
93,650,1016
206,672,743
373,419,540
414,419,636
451,485,644
642,925,1015
751,756,1117
1087,1088,1467
1414,1415,1915
1425,1472,1708
1466,1479,1576
1590,1671,1748
1703,1935,2052
1781,2316,2643
1967,2443,2468
2076,2078,2135
2580,2583,2707
2914,2916,3404
3107,3119,3229
3194,3344,3428
3588,3856,3873
3987,4327,4420
4223,4366,4367
4360,4536,4784
4891,5057,5078
5032,5037,5394
5047,5049,5117
5085,5087,5193
52,56,575
59,68,531
178,493,585
179,543,611
617,854,895
1120,1296,1544
1584,1585,2042
1764,2299,2634
1792,1797,2154
1916,1962,2231
1934,1935,2469
1981,2415,2482
1983,1984,2518
2133,2187,2291
2347,2352,2695
2389,2855,2886
2455,2491,2557
2867,3188,3283
3175,3621,3682
3527,4061,4186
3809,3982,3989
4035,4097,4102
4084,4192,4401
4103,4108,4407
4162,4479,4698
4234,4374,4375
4452,4455,4991
4524,4591,4905
4825,4983,5102
4977,5351,5419
5101,5166,5453
45,56,538
479,481,1017
725,726,1259
940,942,998
1292,1296,1647
1335,1442,1680
1381,1914,2075
1768,1773,2212
2205,2391,2397
2748,3174,3181
2997,3105,3318
3022,3556,3678
3253,3448,3568
3366,3901,4244
3376,3383,3778
3503,3977,4004
3757,3759,4146
3786,3819,3934
3890,3895,3946
4305,4306,4734
4318,4321,4546
4386,4582,4643
4568,4571,5063
4684,5218,5331
4706,4708,4798
4735,4754,4756
4828,4986,5326
4870,5019,5242
205,209,459
454,455,954
643,932,1020
653,654,1037
675,1057,1162
810,1094,1147
904,1438,1551
913,934,936
983,1040,1041
1206,1741,2084
1523,1959,2023
1715,1977,1983
1852,1864,2209
1911,2186,2221
2054,2091,2267
2127,2556,2566
2134,2136,2477
2303,2680,2698
2454,2459,2754
2644,3099,3151
3513,4047,4172
3682,3684,4219
4347,4509,4896
4380,4579,4585
4476,4481,4916
5040,5045,5405
5169,5172,5438
781,801,806
1288,1289,1783
1347,1350,1634
1688,1892,1994
1889,1950,1954
2031,2186,2187
3055,3056,3550
3114,3155,3336
3133,3138,3260
3953,4020,4025
3957,3958,4491
4135,4283,4285
4321,4468,4912
4483,4526,4808
4939,5160,5194
48,55,125
59,81,531
62,69,136
730,732,996
863,867,1126
958,1079,1080
1470,1634,1635
1489,1508,1510
1523,1666,1667
1696,1725,1930
1750,1755,2204
1762,2296,2432
3047,3315,3344
3349,3354,3727
3595,3743,3745
3756,3989,4028
3955,4280,4412
4057,4059,4553
4154,4157,4650
4337,4498,4505
4447,4461,4829
4646,4808,4810
4803,5104,5317
5003,5380,5398
5113,5151,5426
5335,5393,5394
337,884,1001
421,452,536
486,655,833
508,661,1120
652,656,979
696,700,1100
736,741,1045
962,966,1185
1134,1176,1341
1226,1281,1617
1610,1764,2046
1611,1771,1899
2036,2039,2539
2043,2167,2195
3197,3357,3684
3605,3607,3669
3636,3903,4173
3724,3732,3734
3818,3880,4055
3886,4189,4336
3999,4003,4351
4311,4471,4479
4413,4670,4781
4438,4445,4833
4575,4637,4642
4615,4651,4717
4637,4641,4923
4656,4669,4950
4707,4752,4960
4897,5076,5110
131,138,546
146,488,553
325,819,836
559,713,1133
761,1230,1252
1262,1263,1589
2021,2064,2252
2124,2125,2582
2207,2390,2492
2378,2382,2703
2605,2610,2728
2750,2751,3108
2794,3046,3107
2802,3144,3175
3117,3554,3612
3167,3176,3284
3469,3939,3960
3732,3894,4015
3751,3752,4188
4074,4080,4398
4401,4628,4634
4573,4609,4674
4631,4692,4696
4652,4906,4952
112,260,577
126,682,730
440,476,642
1082,1091,1313
1178,1440,1630
1516,1797,2053
1631,1776,2077
1707,1949,2064
2326,2328,2748
2899,3386,3706
4406,4638,4656
4425,4722,4895
4499,4501,4611
4818,4984,5118
4918,5107,5467
4961,5233,5367
4982,5326,5368
165,166,249
186,272,589
433,435,500
434,438,647
469,763,1007
545,699,769
632,946,983
639,911,917
1473,1486,1587
1596,1749,2173
1616,1718,1766
1700,1917,2257
2042,2081,2265
2093,2164,2208
2758,2947,3307
2815,3348,3533
2858,2859,3349
3128,3166,3346
3133,3144,3260
3541,4074,4235
3882,4165,4255
4844,4846,5121
78,82,433
156,299,576
304,306,330
519,675,1011
524,595,677
629,896,938
761,763,1252
1095,1317,1357
1236,1241,1676
1402,1936,2058
1459,1465,1620
1517,1569,1570
1910,2345,2406
2099,2397,2637
2112,2271,2347
2295,2830,3169
2296,2303,2698
2463,2509,2774
2482,3016,3138
2683,2838,3252
2841,2844,3380
3122,3161,3345
3159,3491,3696
3469,3470,3960
3556,3561,3865
3728,3823,3890
3848,4049,4399
4264,4265,4771
4383,4575,4636
4614,4617,4725
5025,5137,5449
5116,5426,5482
5169,5174,5483
5207,5475,5504
76,81,377
659,663,1041
735,741,1109
781,846,1133
901,903,1397
1729,1780,2111
2065,2070,2188
2215,2404,2465
2225,2267,2484
2264,2555,2732
2309,2310,2701
2349,2417,2725
2368,2863,3028
2581,2615,2732
3496,3498,3992
3605,3617,3879
3630,4108,4125
3781,3928,4372
3843,4035,4405
4036,4513,4532
4168,4258,4276
4365,4551,4557
4446,4981,5324
4450,4451,4789
4469,4801,4861
4585,4586,5120
5227,5291,5356
193,200,593
227,573,604
247,814,939
410,844,911
814,816,881
872,875,1368
942,998,1058
1020,1084,1085
1063,1249,1294
1590,1592,1874
1694,1695,2071
1749,1868,2173
2080,2081,2582
2287,2301,2669
3118,3239,3240
3317,3533,3595
3403,3449,3793
3472,3476,3743
3671,3787,3788
3705,3706,4208
3880,4172,4211
3988,3989,4483
4035,4142,4380
4972,4976,5299
16,27,40
224,225,303
335,616,633
680,681,1070
817,1094,1168
1206,1586,1700
1569,1721,1730
1810,1812,2076
2007,2012,2260
2073,2075,2581
2157,2358,2691
3047,3523,3548
3984,4050,4333
4074,4077,4185
4236,4241,4379
4418,4680,4698
4517,4583,4901
4629,4631,4738
4643,4647,4906
4804,5255,5313
5219,5266,5480
448,450,985
536,537,920
630,883,889
891,903,1175
1501,1506,1652
1529,1670,1671
1562,1584,1676
1787,2275,2326
1872,1885,2220
1879,2412,2579
2076,2081,2219
2165,2319,2389
2239,2460,2494
2264,2559,2644
2385,2390,2745
2709,2711,3045
3505,3506,4040
3841,4038,4072
4201,4206,4352
4651,4718,4955
4934,5167,5207
4958,5245,5285
4980,5056,5062
5327,5336,5444
28,498,513
57,679,1014
120,123,218
128,129,727
361,605,647
449,511,512
885,932,1168
1083,1085,1376
1332,1335,1442
1385,1864,1881
1939,2373,2440
2057,2058,2554
2192,2586,2613
2408,2411,2903
2533,2554,2556
2671,2794,2828
2687,2731,2840
2818,2832,3198
2837,2893,3226
3179,3181,3717
3431,3765,3876
3566,3568,4062
3746,3748,4139
3947,4269,4421
4263,4564,4777
4502,4503,4829
4589,4695,4927
5058,5059,5391
3,73,145
334,336,843
377,699,918
821,825,1102
836,840,1151
1027,1238,1366
1159,1414,1530
1475,1562,1587
1572,1731,2185
1637,1798,1920
2071,2075,2264
2219,2411,2619
2540,2545,2798
2776,2777,3122
2935,3354,3428
3266,3267,3606
3336,3659,3694
3888,3896,4282
3977,4044,4349
4009,4479,4500
4040,4044,4353
4540,4647,4901
4647,4906,4947
4892,5286,5313
4911,5097,5158
389,392,482
482,504,596
555,705,772
1041,1254,1578
1106,1162,1292
1183,1472,1560
1262,1264,1676
1484,1917,1984
1773,2309,2592
1800,1805,2165
1954,1955,2455
2031,2137,2139
2216,2621,2643
2227,2433,2439
2534,2537,3030
2933,2979,3255
3009,3021,3323
3156,3166,3299
3882,4161,4344
3909,4029,4289
4117,4122,4411
4283,4285,4630
4406,4641,4703
4408,4669,4710
4660,5136,5161
4714,4758,4961
4850,5004,5336
5013,5399,5486
5015,5088,5347
98,117,557
397,400,458
411,528,529
610,820,826
1300,1362,1367
1340,1352,1684
2120,2252,2279
2952,2957,3270
3249,3251,3585
3287,3533,3572
3340,3632,3671
3366,3746,3860
3423,3751,3874
3860,4080,4184
4071,4346,4381
4381,4578,4612
4594,4606,4930
4864,4963,5040
4960,5227,5356
4987,4989,5109
4998,5075,5380
5059,5395,5458
77,78,457
155,160,298
179,699,720
456,461,599
1382,1384,1492
1701,1928,2046
2031,2464,2531
2333,2445,2717
2334,2335,2658
2372,2418,2727
2462,2474,2781
2669,2833,2841
2800,3067,3196
3040,3516,3541
3189,3190,3634
3247,3248,3627
3421,3531,3801
3530,3961,4030
3739,3827,3899
3785,3935,4341
4202,4206,4425
4359,4533,4930
4482,4485,4598
4553,4599,4875
4554,4618,4920
4583,4890,4944
4642,5176,5298
4680,4700,4702
4766,4801,4963
4842,4967,5024
4995,5373,5427
356,364,476
375,444,475
501,658,714
703,746,1028
808,854,1138
1480,1486,1598
2095,2153,2154
2288,2293,2342
2528,2962,3029
2701,2848,3292
2851,3385,3519
2925,2930,3285
2958,2959,3492
3109,3165,3256
3256,3409,3670
3368,3373,3422
3387,3461,3797
3827,4010,4112
4034,4038,4371
4084,4146,4151
4332,4490,4497
4356,4537,4697
4551,5085,5209
4580,4582,4689
4865,5015,5039
4991,4992,5379
5015,5089,5421
473,544,588
669,788,1093
1492,1608,1609
2228,2229,2600
2237,2474,2515
2408,2832,2903
2421,2467,2755
2426,2960,3085
2591,2738,2739
2630,3119,3134
2722,2723,3059
2896,2901,3205
3200,3332,3359
3202,3263,3362
3311,3540,3580
3328,3565,3584
3336,3593,3780
3461,3930,3952
3501,3505,3835
3648,3653,3874
3757,3862,3911
4187,4192,4308
4326,4359,4474
4509,4576,4896
4556,4823,4909
4688,5122,5189
4843,5001,5074
4987,5001,5369
417,419,912
923,1401,1418
1067,1070,1299
1287,1626,1659
1312,1314,1379
1361,1373,1693
1483,1752,2020
1615,1617,1888
2051,2052,2547
2533,2595,2791
3724,3725,4231
3799,4024,4064
4101,4102,4636
4161,4220,4222
4229,4669,4728
4492,4497,4854
4549,5015,5046
4699,4739,4860
4800,4864,4865
4900,5076,5324
66,67,479
83,549,628
213,259,343
395,871,897
398,400,420
1288,1783,1948
1298,1310,1661
1320,1366,1639
1370,1582,1588
1441,1878,1937
1526,1561,1723
2066,2070,2263
2304,2839,3174
2503,3036,3185
2620,3102,3124
3211,3334,3368
3248,3399,3447
3274,3470,3511
3279,3453,3514
3676,3957,4213
4104,4108,4386
4110,4115,4388
4400,4617,4678
4583,4585,5079
4740,4743,4867
4959,5231,5237
5039,5041,5151
5044,5384,5421
143,236,585
184,190,271
684,1220,1506
1052,1212,1263
1581,1795,2101
1778,2269,2446
1862,2283,2356
2207,2387,2413
2697,2845,2898
2960,2965,3304
3026,3282,3341
3325,3562,3678
3326,3582,3623
3471,4005,4129
3858,4081,4235
3890,3949,4270
4019,4023,4294
4106,4108,4602
4709,4974,5246
4755,4820,4880
166,307,613
1076,1178,1226
2035,2054,2056
2151,2311,2439
2167,2168,2547
2808,2816,3202
3102,3160,3275
3328,3568,3630
3595,4069,4095
3613,3675,3871
4117,4153,4215
4135,4613,4630
4926,5122,5183
5078,5080,5187
5238,5241,5333
5288,5292,5506
121,128,217
381,388,496
685,687,762
788,1209,1288
1019,1021,1557
1197,1571,1639
2138,2563,2573
2346,2879,3007
2744,2923,3169
3052,3056,3329
3308,3509,3535
3359,3364,3414
3534,3540,3858
3536,3582,3851
3603,3604,4138
3774,3927,4337
3974,4507,4634
4528,4529,5023
4846,5001,5051
4927,5133,5252
5099,5101,5166
280,282,801
449,450,948
453,741,961
606,802,863
806,1340,1465
866,1300,1367
993,995,1501
1012,1021,1128
1140,1339,1345
1709,1955,2018
1858,2392,2516
1960,2163,2165
2195,2584,2592
2231,2460,2500
2318,2809,2986
3053,3154,3240
3351,3475,3805
3730,3894,3947
3759,3915,4251
4296,4529,4568
4383,4578,4681
4696,4697,5197
16,27,219
189,503,589
513,567,671
1283,1331,1596
1384,1492,1701
2112,2274,2395
2279,2283,2661
2316,2320,2593
2365,2367,2647
2485,2505,2510
2514,2762,2795
2588,2592,2806
2765,2766,3134
2772,2803,2996
2877,2878,3411
2881,2991,3261
2937,2938,3472
3259,3413,3833
3476,3743,3829
3845,3846,4214
4291,4414,4448
5337,5338,5354
11,461,497
360,429,639
627,869,984
1698,1921,1927
1833,1940,2196
2084,2376,2622
2237,2453,2515
2668,2826,3166
2982,2986,3283
3160,3316,3317
3710,3762,3763
3835,4021,4384
3892,3896,4219
3935,3960,3966
4225,4227,4305
4255,4705,4760
4524,4590,4873
4890,4891,5232
4945,5182,5188
4957,5224,5230
5150,5422,5480
5199,5301,5490
77,83,485
168,533,642
191,772,896
246,247,814
275,283,291
296,354,603
591,777,838
1110,1111,1452
1183,1468,1648
1420,1422,1916
1513,1518,1640
1579,1667,1739
1586,1588,1979
1813,1814,2347
1909,1975,2243
2109,2261,2270
2162,2171,2393
2644,3095,3153
2660,2792,2819
2902,3435,3561
3345,3642,3660
3545,3834,3876
3714,4010,4252
4117,4157,4411
4123,4656,4805
4159,4199,4320
4391,4599,4660
4538,4540,4647
4702,4705,5238
4771,4805,4964
4940,5157,5497
5325,5375,5376
72,75,109
93,95,650
441,511,564
608,809,835
634,953,989
645,946,1000
1354,1356,1421
1453,1474,1476
1730,1734,2110
1802,1803,2129
2017,2126,2127
2088,2153,2204
2327,2648,2743
2635,3081,3142
2802,3085,3175
2921,2923,3412
3242,3251,3473
3438,3440,3702
3474,3494,3499
3572,3739,3741
3938,4429,4606
4024,4025,4559
4054,4056,4121
4424,4715,4741
5267,5273,5389
240,255,610
472,476,588
527,530,759
765,777,1125
846,1137,1161
865,930,1173
996,1006,1139
1280,1626,1649
1343,1607,1610
1430,1964,2081
1636,1789,2050
1776,1780,2053
1791,1793,1905
2003,2478,2503
2194,2369,2431
2220,2419,2425
2286,2821,3164
2500,2976,3001
2953,2991,3266
3001,3534,3695
3170,3305,3306
3223,3378,3792
3359,3417,3741
3385,3390,3771
3657,3810,3811
3819,4059,4099
3826,3827,4181
4001,4470,4492
4052,4053,4587
4285,4443,4562
5277,5430,5431
24,29,580
223,228,595
813,1347,1472
848,1382,1506
970,972,1507
1096,1249,1510
1790,2322,2495
1896,1961,2230
1933,2411,2428
2041,2072,2156
2740,2916,3164
2763,2955,3016
2911,2951,3277
3003,3007,3314
3817,3996,4030
3833,4025,4143
4421,4693,4827
4472,4851,4862
4904,5083,5329
3,82,491
25,26,508
751,787,852
1066,1271,1541
1186,1493,1545
1332,1337,1650
1378,1857,1874
1674,1675,2034
1686,1882,1943
2175,2329,2437
2351,2837,3161
2571,2726,2727
3612,3659,3864
3652,3768,3769
3679,3690,3804
3867,4109,4115
4361,4544,4550
4473,4858,4894
5005,5019,5391
5322,5323,5382
361,363,864
701,1089,1168
803,805,1299
854,855,1389
1004,1296,1542
1061,1146,1244
1290,1296,1656
1407,1666,1707
1441,1594,1596
1706,1938,1956
1717,1984,2091
2165,2315,2339
2324,2329,2683
2818,2825,3213
2926,2930,3274
3165,3649,3670
3376,3390,3760
3753,3807,3911
3983,3989,4296
4061,4065,4342
4902,4961,5142
4948,5185,5493
5,12,490
32,40,115
244,709,773
295,300,378
417,854,912
518,672,943
623,855,861
816,836,841
1582,1588,1866
1768,1772,2047
2234,2235,2611
2237,2449,2783
2363,2369,2676
2683,2841,2914
2914,3378,3410
3715,4165,4220
4173,4177,4286
4213,4224,4340
4397,4634,4675
4597,4874,4948
5016,5020,5420
5247,5292,5500
217,729,757
313,394,619
484,485,991
523,678,702
596,784,1023
600,799,959
1244,1296,1603
1676,2081,2103
1723,2008,2188
2458,2750,2794
2512,2559,2789
2697,2899,3166
3060,3123,3337
3134,3171,3347
3208,3361,3702
3403,3444,3510
3481,3546,3833
3565,3630,3873
3866,4122,4163
3916,3930,4300
4140,4205,4330
4533,4639,4930
4541,5007,5038
4871,5021,5298
5114,5160,5451
198,660,742
650,654,1030
877,917,1171
1123,1300,1361
1406,1408,1902
1473,1477,1586
1570,1786,2106
1644,2062,2070
1756,1763,2158
1765,1772,2162
2119,2121,2448
2236,2237,2582
2711,2856,3296
2913,3020,3276
3107,3113,3229
3111,3266,3267
3149,3150,3648
3180,3311,3312
3315,3344,3543
4226,4261,4423
4264,4719,4771
4290,4371,4448
5150,5362,5368
505,663,782
626,861,923
761,1072,1148
843,889,1154
853,854,1348
1202,1546,1588
1298,1302,1623
1351,1829,1846
1511,1627,1628
1568,1570,1902
1684,1886,2005
2128,2281,2740
2331,2336,2670
2708,2859,2907
2778,3001,3007
3018,3084,3325
3083,3239,3241
3148,3150,3685
3271,3463,3503
3346,3649,3796
3451,3491,3817
3654,3695,3876
3720,3721,4226
3838,4027,4047
3887,4195,4213
3954,3956,4372
4197,4634,4692
4510,4512,4919
4554,4574,4579
32,114,509
933,939,1047
1678,1867,1887
1748,1752,2132
1922,1927,2241
2024,2460,2519
2703,2771,2880
2785,3022,3138
2945,3479,3603
3103,3106,3640
3188,3190,3522
3753,3759,3992
3795,3945,4012
4139,4143,4400
4873,5029,5068
4911,5094,5112
5178,5198,5203
5190,5195,5468
202,209,290
519,670,1007
1514,1518,1727
1641,1806,1813
1812,2155,2185
1947,2206,2247
1985,1997,2259
2015,2071,2073
2307,2381,2717
2479,2738,2800
2603,3039,3103
2755,2944,3005
3093,3095,3182
3211,3212,3648
3228,3324,3380
3452,3498,3807
3538,4017,4034
3572,3826,3872
3613,3677,3747
3937,3939,4331
4033,4038,4381
4057,4322,4331
4133,4194,4196
4315,4378,4466
4340,4756,4764
4757,4758,5254
4930,5140,5259
5116,5373,5379
231,234,369
290,535,537
314,770,828
357,371,639
377,380,918
467,476,584
541,688,1017
721,786,790
731,1222,1270
973,975,1040
1074,1257,1301
1100,1257,1516
1131,1314,1680
1319,1321,1386
1423,1956,2105
1470,1948,1965
1625,1775,2181
1663,1840,1901
1664,2089,2096
2333,2400,2405
2393,2439,2715
2399,2411,2753
2875,3359,3721
3184,3635,3693
3783,3785,4076
4293,4347,4451
4400,4617,4957
4601,4613,4933
4688,4841,4843
4737,5174,5232
75,178,487
93,655,706
414,455,636
563,721,1117
653,1001,1037
1227,1301,1637
1578,1744,1878
1885,1886,2420
1919,2214,2238
1946,1948,2442
1992,2039,2244
2054,2058,2267
2500,2979,2996
2743,2920,3313
2827,2834,3227
2828,2885,3212
2984,2986,3480
3013,3491,3508
3058,3062,3305
3184,3639,3691
3357,3892,4239
3377,3381,3766
3434,3967,4094
3475,3477,3968
3626,3639,3736
3671,4147,4169
3693,3695,4201
3933,4319,4406
4055,4059,4359
4378,4567,4927
4507,4521,4885
4609,4675,4943
4771,4775,4964
4877,5038,5045
4887,5076,5116
4894,5064,5445
5073,5179,5470
5151,5426,5461
126,524,595
236,538,541
395,558,559
587,770,872
665,1038,1053
751,791,1117
838,1317,1334
859,1296,1355
912,917,1164
1178,1440,1458
1267,1269,1337
1399,1836,1895
1750,1754,2041
1804,2144,2181
1840,1947,2201
2204,2629,2636
2326,2328,2632
2455,2493,2750
2526,2530,2782
2880,2885,3245
3068,3502,3569
3188,3283,3350
3360,3483,3738
3481,3545,3844
4110,4157,4388
4249,4543,4787
4762,4764,5299
4899,5076,5179
4950,5203,5345
4981,4986,5440
730,731,1060
1056,1209,1633
1077,1279,1546
1200,1323,1578
1466,1468,1558
1554,1556,2092
1621,1773,2052
1697,1909,2243
1714,1966,2149
1964,1968,2236
2173,2329,2368
2175,2325,2749
2661,2874,3198
2745,2931,2937
2833,3367,3505
2864,2869,3223
2971,3238,3241
3274,3444,3825
3279,3456,3559
3302,3346,3557
3673,3678,3800
3881,4157,4217
4020,4024,4339
4057,4485,4558
4247,4248,4313
4965,5266,5320
5157,5219,5224
616,645,850
993,1281,1501
1073,1074,1520
1078,1114,1229
1110,1164,1299
1177,1444,1450
1353,1887,2012
1369,1390,1395
1966,2067,2253
2124,2265,2356
2247,2489,2604
2546,2559,2656
2605,2615,2728
2793,3050,3161
2964,3273,3304
2967,2972,3307
3151,3185,3344
3492,3495,3602
3665,4143,4160
4568,4992,5063
5337,5345,5452
298,300,815
333,407,409
634,889,989
718,1251,1380
793,833,1141
928,986,988
1814,2347,2474
2063,2064,2561
2130,2211,2288
2147,2150,2379
2351,2685,2796
2656,2814,3089
2678,3103,3113
2802,3081,3264
3017,3063,3303
3245,3425,3469
3586,3648,3650
3765,3766,4194
4314,4497,4541
4754,4758,4967
23,29,466
330,336,633
365,396,437
900,965,1090
1189,1240,1571
1324,1325,1859
1510,1512,2047
1540,1541,2042
2158,2194,2309
2347,2353,2725
2420,2432,2764
2435,2481,2739
2766,2962,3327
3088,3146,3148
3544,3606,3611
4098,4163,4410
4153,4215,4411
4176,4179,4713
4344,4762,4770
4521,4522,5055
4657,4693,4755
4737,4739,5232
4821,5034,5358
5131,5398,5401
5213,5274,5276
224,225,627
808,812,1138
1045,1200,1275
1154,1387,1427
1497,1608,1610
1501,1535,1652
1529,1966,2030
1713,1970,2081
2891,2893,3377
3733,3854,3968
3836,4024,4263
3925,3927,4002
4264,4715,4773
4650,4655,4928
4659,4721,4723
4737,4848,4850
5282,5321,5505
357,360,429
562,563,899
1309,1624,1723
1410,1457,1688
1501,1532,1616
1719,1991,1997
2187,2349,2736
2506,2609,2689
2593,2595,2660
2635,2693,2694
2734,2904,3285
2805,3106,3160
2854,2859,3248
2890,2892,3156
3010,3014,3317
3096,3363,3633
3324,3617,3657
3503,3981,3999
3736,3894,4169
3947,3949,4430
4030,4031,4531
4194,4235,4416
4204,4529,4740
4260,4261,4766
4424,4715,4892
4426,4729,4747
4530,4543,4896
4541,4852,4928
4696,5197,5341
4853,4962,5032
5123,5430,5484
5136,5156,5161
5253,5266,5367
5322,5331,5440
47,125,520
386,388,885
389,404,507
1091,1236,1676
1751,2091,2139
1802,1804,2077
1872,1878,2220
1904,2111,2117
2289,2409,2669
2515,2663,2665
2953,2958,3301
3248,3349,3445
3868,4129,4170
4119,4223,4298
4250,4251,4754
4355,4529,4744
4653,4910,4939
5063,5069,5376
5264,5366,5368
104,664,714
294,299,582
1156,1157,1502
1217,1222,1270
1347,1359,1687
1364,1366,1860
1393,1871,1888
1405,1471,1707
1525,1530,1648
1550,2039,2054
1742,1743,2128
2155,2157,2428
2507,2983,3008
3175,3233,3234
3184,3192,3194
3318,3541,3547
3629,3632,4166
3991,4027,4092
659,664,714
942,962,964
1287,1627,1720
1450,1451,1985
1603,1761,1834
1846,1850,2194
1960,2439,2456
2441,2443,2508
2784,3014,3117
2962,3024,3029
3137,3138,3634
3495,3557,3562
3661,3666,3812
3774,3930,4001
3942,3945,4058
4678,4683,4957
5027,5349,5501
35,142,148
85,106,552
123,217,576
407,450,634
760,822,827
856,861,1165
1077,1278,1611
1085,1265,1309
1103,1261,1657
1389,1391,1498
1517,1518,2014
1576,2009,2019
1720,1990,2051
1724,2015,2041
1731,1855,2185
1764,2148,2244
1897,2162,2171
2178,2179,2512
2304,2687,2731
2395,2811,2894
2618,2675,2759
2675,2676,3128
2690,2844,3126
2693,2694,3140
2975,2979,3279
3090,3565,3590
3218,3372,3643
3245,3395,3419
3622,3939,4158
3661,3695,3812
4228,4230,4765
4270,4434,4487
4316,4317,4700
4337,4498,4620
4371,4554,4572
4970,5029,5350
19,26,501
53,54,530
153,209,577
226,228,759
416,419,919
517,622,671
697,1025,1091
908,1145,1187
989,1130,1131
1340,1345,1684
1345,1346,1880
1487,1492,1608
1610,1759,2092
1645,1814,1821
1690,1900,1906
1750,1751,2089
1766,1770,2157
1956,1959,2061
2074,2075,2574
2203,2380,2441
2486,2920,2987
2496,2509,2790
2555,2611,2613
2609,3046,3110
2823,2826,3362
2865,2933,2938
2927,3032,3301
2947,2968,2973
3537,3645,3858
3638,3798,3799
3823,4066,4106
3860,4077,4138
4078,4370,4414
4254,4550,4792
4572,4577,4890
4962,5241,5299
5330,5382,5383
20,139,198
148,149,703
359,412,622
645,942,960
863,875,1167
1294,1602,1727
1603,1758,2172
1624,1625,2066
1765,1767,1842
2277,2651,2719
2277,2813,3144
2519,2523,2780
2832,2833,3367
3341,3613,3633
3774,3927,3951
3797,3958,3965
4160,4206,4418
4327,4328,4707
4378,4571,4633
4443,4446,4982
4502,4504,4916
4790,5279,5294
4954,5206,5267
17,18,103
65,71,432
98,101,254
230,238,388
323,324,518
389,396,507
613,827,946
635,897,903
800,805,1144
1070,1219,1552
1076,1077,1460
1172,1422,1523
1361,1365,1642
1637,1798,1805
1666,1667,2021
1679,2079,2086
1698,1921,2075
1841,2310,2332
1954,2455,2610
2164,2263,2340
2539,2545,2700
2585,2757,2758
2653,2774,2888
2678,2832,3103
2735,3124,3132
2881,2946,2950
3078,3084,3249
3157,3182,3204
3379,3384,3828
3408,3739,3792
3572,4007,4072
3686,3690,3883
3876,4136,4234
4477,4805,4871
4499,4513,4881
5106,5111,5423
5113,5149,5214
5220,5240,5242
67,481,541
179,180,720
276,282,621
893,954,956
1005,1489,1510
1169,1411,1715
1440,1503,1717
1452,1457,1704
1567,1778,1906
1978,1980,2043
2538,2544,2709
2835,3213,3267
2842,3376,3512
2928,3193,3285
3084,3249,3250
3143,3200,3201
3223,3381,3454
3427,3433,3805
3551,3612,3616
3598,3602,3845
3627,3632,3880
4096,4100,4362
4131,4134,4382
4415,4677,4786
4484,4489,4843
4559,4564,4913
4561,4625,4924
4660,5139,5156
4868,5067,5331
5271,5377,5379
5301,5371,5424
324,443,518
723,1051,1174
879,981,1170
1026,1195,1373
1275,1277,1344
1309,1310,1800
1336,1809,1837
1482,1538,1598
1588,1746,2070
2160,2545,2576
2251,2502,2536
2252,2499,2560
2473,2695,2697
2780,2997,3337
2918,2923,3281
3585,3632,3868
4009,4010,4500
4112,4279,4281
4152,4157,4404
4342,4343,4679
4352,4521,4773
4400,4620,4724
4665,4669,4948
5172,5438,5483
5269,5323,5389
352,354,857
499,587,659
633,890,896
647,959,1010
705,817,1129
887,1155,1184
933,946,1047
1057,1162,1211
1160,1443,1484
1440,1460,1462
1440,1505,1630
1566,1735,1913
1757,1762,1810
1901,1903,1968
2121,2278,2334
2126,2128,2519
2145,2256,2297
2176,2590,2598
2425,2426,2960
2460,2461,2994
2490,2537,2768
2990,3262,3320
3664,3989,4200
3769,4190,4199
3785,3939,4009
3822,3823,4174
4214,4218,4427
4414,4669,4769
4530,4536,4896
4849,5001,5270
215,300,352
344,503,505
557,718,725
738,739,1071
1007,1008,1073
1828,1829,2323
1966,2069,2149
2132,2342,2669
2190,2244,2379
2401,2465,2764
2538,2541,2633
2622,2623,2682
2659,2747,2819
2745,2931,3049
2798,3063,3125
3076,3077,3577
3237,3438,3771
3488,3909,3988
3819,3993,4054
4039,4572,4739
4309,4730,4739
30,41,228
383,384,445
417,851,916
908,910,1404
1201,1205,1525
1293,1399,1690
1309,1779,1800
1445,1457,1719
2234,2443,2781
2310,2313,2849
2367,2854,3171
2422,2529,2764
2792,3106,3143
2915,3232,3276
2973,3507,3632
3037,3073,3135
3216,3369,3403
3308,3509,3859
3910,3914,4352
3971,4462,4510
4312,4388,4492
4319,4406,4469
5067,5407,5500
78,82,560
89,90,183
587,833,872
1157,1373,1435
1312,1316,1583
1736,2106,2122
1891,2193,2246
1921,2454,2615
2265,2566,2620
2286,2666,2780
2402,2823,2896
2547,2592,2800
2672,2882,3209
2732,3126,3153
3037,3077,3331
3040,3243,3245
3263,3491,3530
3450,3453,3560
3720,3784,3785
4170,4334,4335
4313,4422,4492
4408,4648,4710
4554,4619,4909
153,160,577
391,455,484
690,691,1225
851,958,1163
1136,1324,1563
1224,1608,1704
1545,1682,1683
1577,1737,2081
2442,2488,2743
2546,2552,2656
3340,3610,3671
4009,4323,4391
4023,4294,4373
4316,4418,4466
4487,4975,5026
4658,4662,4946
92,94,472
398,426,460
574,744,765
1063,1221,1294
1269,1337,1645
1578,1744,1752
1931,2037,2251
2003,2005,2498
2016,2019,2553
2137,2242,2291
2268,2271,2396
2997,3104,3337
3079,3115,3168
3146,3181,3343
3288,3714,3721
3398,3889,4066
3553,3554,4048
3910,3914,4201
3928,3932,4207
4026,4073,4343
4452,4453,4987
4809,4961,4970
4926,5188,5228
153,207,521
301,856,978
457,461,596
523,709,754
595,784,845
731,1064,1135
919,958,1079
1147,1353,1472
1228,1232,1507
1403,1408,1707
1570,1734,1787
1825,1826,2087
2215,2401,2764
2801,3077,3137
2863,2904,2970
2919,2923,3271
3073,3135,3331
3121,3152,3236
3183,3484,3697
3393,3928,4259
3881,4179,4217
3978,3980,4360
4103,4115,4407
4423,4708,4888
4474,4529,4868
4583,5061,5079
5192,5359,5361
5269,5288,5290
5275,5294,5296
186,214,220
437,917,934
700,1027,1031
941,946,1172
1170,1423,1565
1617,1818,2151
1849,2319,2340
1876,2186,2242
2112,2113,2463
2172,2330,2337
2778,3001,3155
2908,2909,3403
3232,3234,3570
3710,3845,3846
3995,4312,4356
4028,4295,4426
4148,4385,4427
4495,4820,4952
4693,4755,4951
4810,4968,5026
4840,5002,5132
23,24,462
211,216,353
250,252,621
1399,1658,1720
1431,1434,1682
1659,1833,2230
1830,1843,2196
2266,2573,2625
2428,2474,2758
2478,2544,2785
2837,2842,2890
3493,3498,3841
4202,4241,4425
4695,4932,4951
4759,4761,4831
4816,5249,5259
4829,4993,5001
168,687,718
506,620,662
601,798,832
798,799,1332
821,826,1153
949,1003,1069
1028,1123,1190
1099,1253,1319
1162,1387,1491
1438,1443,1717
1873,1913,2221
1972,2019,2249
2157,2310,2359
2539,2579,2700
3030,3035,3308
3137,3617,3634
3657,4091,4156
3677,3678,4174
3699,3701,4236
3740,3872,3899
3928,3929,4259
4099,4536,4595
4369,4558,4676
4555,4974,5048
4568,4989,5068
4854,5007,5031
4988,4993,5042
5025,5138,5412
79,485,551
408,428,430
644,935,1112
738,740,1002
769,1235,1266
883,1416,1565
1069,1490,1499
1151,1380,1420
1328,1749,1828
1335,1441,1705
1776,1777,2103
2206,2207,2561
2305,2319,2691
2757,2758,3080
2836,2841,3220
3137,3613,3636
3274,3449,3511
3429,3497,3805
3439,3441,3926
3882,4161,4219
4229,4370,4371
4630,4676,4937
4806,4975,4983
4858,4894,5009
5092,5104,5449
49,158,552
279,359,364
523,681,754
754,756,1244
796,1053,1059
1000,1482,1504
1093,1249,1288
1147,1353,1359
1999,2005,2160
2134,2223,2363
2194,2390,2431
2211,2418,2458
2450,2722,2780
2454,2457,2565
2688,2784,2840
2803,3150,3180
2980,3514,3639
3495,3601,3865
3532,4033,4193
4229,4291,4292
4279,4281,4608
4618,5097,5114
4709,4712,5246
4753,4758,4880
4809,4810,5254
5128,5132,5458
5297,5349,5350
137,536,638
498,664,672
544,643,720
548,699,747
583,760,821
754,1221,1244
1029,1030,1474
1142,1143,1508
1612,1614,1950
1621,1768,2212
1625,1775,1799
1667,1847,1873
1807,1812,2155
1809,1877,2185
2409,2681,2737
2523,2524,3058
2534,2692,2694
2804,3099,3184
2981,2993,3313
3191,3197,3480
3201,3414,3738
3522,3568,3823
3630,3632,4125
3737,3892,4236
3869,4115,4178
3910,3915,4364
4281,4495,4801
4604,5037,5100
4724,4882,4883
4871,5021,5345
5239,5245,5400
206,515,646
587,767,793
644,935,961
747,1234,1551
776,1043,1129
800,804,1113
951,1384,1451
1005,1142,1143
1062,1063,1514
1085,1235,1259
1176,1499,1534
1202,1203,1588
1496,1770,1999
1761,1762,2296
1918,2397,2414
1988,2425,2484
2029,2085,2176
2107,2274,2318
2125,2280,2355
2234,2443,2462
2627,2636,2744
3036,3049,3330
3283,3460,3853
3393,3778,3814
3404,3409,3763
3853,4067,4186
4120,4596,4621
4354,4524,4545
4501,4611,4881
4626,4917,4941
4689,4929,4959
4918,5111,5173
4971,5095,5425
5191,5257,5479
5275,5328,5400
234,369,607
319,326,615
495,629,653
540,925,956
575,964,972
853,1331,1348
1032,1034,1531
1040,1041,1481
1123,1300,1693
1157,1369,1703
1351,1618,1621
1566,1735,1743
1591,1714,1748
1596,1829,1868
1811,2145,2256
2746,2792,2988
3012,3278,3323
3027,3286,3327
3083,3558,3583
3332,3582,3683
3378,3455,3760
3496,3969,3997
3614,4049,4114
3853,4067,4073
4244,4246,4782
4536,4537,5070
4952,5199,5260
5155,5191,5257
1424,1426,1527
1520,1524,1722
1542,1551,1660
1549,1551,2087
2013,2019,2127
2465,2467,2961
2500,2703,2705
2679,2830,3284
2725,2894,2901
2889,2957,3265
3222,3347,3404
3816,3997,4157
3919,3923,4355
4219,4224,4344
4445,4818,4833
4795,4853,4854
17,28,513
54,55,676
870,917,1148
2480,2742,2785
2484,2488,2766
2764,2966,2972
3215,3216,3668
3362,3706,3748
3601,3603,4097
4051,4529,4546
4093,4567,4593
4120,4599,4616
4373,4565,4683
4421,4697,4757
4580,4584,4893
5082,5403,5441
5300,5304,5502
32,115,485
701,1236,1563
1044,1045,1502
1194,1197,1733
1494,1499,1716
1529,1591,1592
1776,1780,2180
1786,1787,2106
1795,1797,2279
1817,1884,2189
1875,1982,2220
1971,1983,2255
1981,2418,2477
2018,2495,2512
2051,2198,2199
2139,2290,2744
2254,2573,2609
2431,2432,2926
3862,4150,4191
3869,4136,4178
3924,4307,4351
3955,4439,4801
3966,4499,4627
4126,4227,4413
4386,4648,4688
4390,4600,4606
5031,5033,5145
182,191,200
526,731,1001
688,693,1132
706,708,1128
827,1361,1486
1377,1485,1698
1396,1398,1464
1647,1809,1830
1795,2119,2207
1852,1854,1919
2348,2353,2652
2614,2754,2755
2952,2958,3300
3025,3091,3327
3259,3417,3524
3284,3463,3709
3413,3525,3797
3623,4098,4123
3780,4165,4196
3975,3980,4326
4081,4614,4775
4482,4488,4819
4493,4604,4913
4527,5018,5065
4631,4737,4951
4698,4712,4870
4901,5084,5090
4944,5171,5491
5100,5146,5419
5248,5340,5428
5264,5422,5423
5295,5360,5420
26,29,662
425,426,920
431,432,927
570,624,759
979,984,1104
1179,1451,1457
1539,1871,2076
1740,1816,1822
1791,1805,2177
1859,1864,2213
2298,2374,2712
2387,2492,2761
2637,2645,2752
3156,3161,3299
3174,3176,3712
3192,3351,3805
3192,3354,3475
3403,3446,3728
3475,3734,3884
3808,4228,4235
3814,3989,4051
4457,4513,4846
4546,4550,4894
4620,4621,5154
4857,5010,5059
5064,5131,5445
5141,5143,5208
590,591,948
648,656,1042
651,728,734
829,895,1163
994,1436,1494
1174,1429,1529
1175,1437,1546
1352,1353,1887
1416,1422,1710
1876,2353,2372
1901,1906,2233
2028,2033,2254
2040,2046,2195
2117,2277,2604
2129,2293,2301
2203,2446,2486
2423,2730,2784
2803,3088,3145
2875,3364,3414
2962,3069,3304
3296,3701,3723
3532,3533,4033
3585,3589,3868
3728,3730,4062
3946,3948,4252
3963,4448,4805
4064,4338,4409
4148,4585,4644
4324,4423,4500
4624,4731,4959
4776,4778,4835
4893,4946,5086
5051,5384,5455
5094,5159,5449
5226,5230,5482
5227,5289,5499
366,371,624
405,419,529
811,812,1306
1226,1231,1278
1256,1590,1637
1384,1491,1719
1523,1580,1581
1964,1969,2253
2119,2207,2279
2160,2310,2576
2300,2636,2690
2635,2636,3140
2819,2877,3201
2882,2883,3209
2969,3075,3307
3154,3596,3654
3238,3241,3466
3305,3347,3564
3384,3767,3811
3516,3580,3858
3964,4304,4341
4013,4017,4335
4289,4453,4461
4322,4331,4553
4573,4613,4921
4706,4712,4816
5059,5396,5498
553,709,748
666,1202,1530
670,674,1112
685,690,1071
1119,1293,1690
1190,1194,1570
1322,1740,1822
1734,1737,2273
1895,1899,2199
2246,2502,2543
2271,2395,2725
2321,2702,2715
2337,2338,2871
2383,2384,2918
2386,2432,2734
2511,2513,2612
2634,2636,3172
2758,2951,3013
3127,3138,3256
3170,3171,3674
3308,3575,3614
3409,3410,3942
3461,3927,3958
3892,3896,4344
4058,4338,4390
4386,4582,4947
4494,4495,4818
4956,5213,5400
5344,5474,5475
267,313,394
282,283,842
511,512,948
571,763,803
768,1033,1125
866,1122,1181
1125,1311,1317
1626,1659,1774
2013,2015,2102
2203,2383,2486
2797,3064,3171
2831,3171,3219
3482,3743,3857
3485,4019,4143
3924,4460,4746
4028,4449,4528
4128,4396,4413
4166,4168,4258
4189,4208,4210
4272,4431,4885
4629,4641,4943
4643,4648,4947
4797,4798,4814
4932,4963,5156
5070,5073,5180
36,40,401
102,106,436
155,156,610
194,196,222
329,337,461
479,777,1017
601,832,953
708,1039,1092
1040,1172,1199
1215,1750,2089
1437,1971,2086
1458,1472,1630
1881,1885,2215
1897,2325,2398
2469,2471,2578
2499,2603,2678
2553,2555,2642
2664,2805,2896
2743,2923,3026
2977,3242,3251
2997,3059,3064
3175,3625,3680
3215,3346,3443
3257,3418,3540
3451,3456,3817
3509,3570,3574
3573,3830,3859
3599,3646,3860
3856,3885,4090
4105,4171,4407
4167,4172,4420
4290,4292,4574
4321,4473,4801
4404,4634,4737
4496,4830,4877
4511,4845,4956
5149,5214,5461
213,261,566
231,235,554
1419,1523,1598
1592,1802,2129
1943,1955,2247
2518,2520,2583
2738,2800,2975
2974,2976,3041
3180,3181,3686
3411,3416,3750
3789,3791,4125
3834,3835,4194
3927,4002,4311
4232,4316,4352
4272,4434,4555
4336,4750,4758
4369,4558,4564
4569,4841,4897
4633,4917,4958
5180,5442,5485
5198,5202,5486
6,12,188
163,180,581
239,247,255
429,489,556
671,672,1059
1077,1230,1279
1378,1380,1874
1769,1770,2161
1776,1781,2216
2292,2293,2827
2585,2586,3080
2895,2909,3269
3170,3222,3223
3312,3343,3536
4051,4052,4546
4295,4426,4523
4690,4691,5225
4875,5025,5449
4969,5015,5088
126,525,636
267,315,590
368,371,870
515,516,968
611,612,986
707,1029,1181
769,770,1260
1148,1349,1375
1229,1230,1621
1265,1266,1799
1336,1593,1599
1602,1727,1784
1694,1903,1922
1857,1858,2392
2541,2635,2724
2577,2579,3072
2789,3031,3051
3559,3561,4055
3837,3878,4048
3934,3989,4328
4572,4575,4682
4716,4983,5253
4917,4958,5128
5016,5020,5293
5285,5457,5458
598,812,853
620,903,944
822,826,1123
1148,1352,1454
1237,1239,1631
1282,1815,1941
1647,1809,2196
2085,2086,2588
2676,2829,2863
3002,3014,3321
3051,3053,3152
3197,3352,3839
3323,3555,3672
3324,3551,3871
3352,3357,3839
3454,3761,3846
3618,3625,3790
3657,4094,4152
3708,3773,3824
4412,4659,4838
4503,4988,5345
4578,4579,5112
4738,4859,4860
4839,4995,5331
4972,4973,5319
137,691,738
147,149,694
175,176,601
334,492,493
852,1118,1163
1079,1081,1418
1801,1910,2197
1930,1934,2237
1937,1983,2223
2276,2646,2662
2374,2841,2864
2423,2901,2919
3469,3783,3851
3939,3941,4477
3994,4461,4484
4582,4644,4649
4637,4683,4923
4669,4670,5204
4782,4786,4900
4823,4937,5056
4925,4967,5184
87,95,553
707,1190,1556
762,1083,1121
884,888,1156
901,1338,1397
1020,1472,1526
1089,1168,1237
1118,1180,1355
1250,1782,1955
1291,1331,1657
1357,1785,1858
1635,1785,2209
1649,1822,1829
2315,2388,2647
2797,3064,3070
2864,2916,3223
3251,3396,3836
3348,3363,3726
3349,3395,3468
3459,3463,3811
3496,3806,3862
3593,3692,3875
3895,4428,4613
3927,3952,3958
3943,3949,4333
4178,4275,4277
4411,4696,4801
4416,4676,4774
4544,5078,5202
4552,4556,4823
4937,5153,5215
5085,5097,5445
5087,5148,5152
95,96,702
193,199,514
349,351,550
897,1431,1546
1195,1728,1913
1429,1430,1964
1522,1805,2059
2128,2286,2626
2498,2502,2786
2528,2681,2683
2679,2835,3171
2713,2869,2908
3294,3295,3654
3326,3558,3870
3414,3416,3717
3931,4465,4599
4158,4165,4330
4257,4258,4274
4303,4458,4482
4471,5005,5139
4703,5178,5203
4925,4926,5294
5033,5144,5453
319,327,630
547,548,927
788,1212,1283
1005,1006,1508
1212,1215,1751
1313,1359,1635
1354,1366,1690
1370,1801,1870
1489,1545,1636
1811,2144,2215
1832,1836,2187
2441,2445,2722
3285,3471,3477
3383,3760,3778
3480,3526,3799
3584,3589,3873
3862,4084,4419
4247,4251,4364
4446,4826,4940
4484,4536,4843
4806,4975,5153
5100,5104,5419
5129,5234,5479
5143,5163,5168
121,123,151
503,505,850
676,683,1078
770,771,1305
918,932,1090
920,966,1178
936,939,1473
1227,1252,1258
1254,1255,1578
1391,1497,1711
1505,1983,2000
1971,1973,2072
2055,2120,2180
2247,2489,2495
2632,2633,2704
3261,3426,3433
3692,3776,3812
4306,4461,4511
4394,4627,4667
5149,5170,5175
249,263,613
677,733,1066
678,754,1092
1795,2120,2252
2199,2439,2479
2209,2398,2404
2673,2679,2912
2740,3164,3171
3259,3413,3479
3321,3548,3666
3361,3365,3808
3439,3931,3978
3608,3845,3887
3616,4117,4261
3729,3730,4174
3749,3913,3921
4294,4383,4523
4351,4517,4538
4371,4578,4618
4456,4470,4840
4552,4554,4619
4591,4858,4861
4657,4695,4932
4763,4906,4907
4979,5037,5361
5080,5187,5441
5198,5245,5486
57,528,624
142,209,516
505,741,782
584,763,1009
938,1411,1437
1245,1357,1669
1416,1419,1521
1531,1565,1724
1606,1811,2081
1811,2302,2350
1859,1863,2134
1860,1906,2179
2179,2333,2399
2212,2397,2639
2299,2303,2580
2526,2573,2782
2590,2592,3127
2737,2916,2950
2873,2940,2945
3127,3132,3256
3484,3485,4019
3846,4042,4407
3913,4447,4585
4140,4160,4162
23,29,450
495,497,892
788,791,1283
898,903,1177
938,1098,1099
1435,1583,1585
1591,1592,2028
1699,1920,1954
1952,2119,2121
2194,2364,2385
2280,2402,2729
2413,2418,2761
2515,2776,2805
2835,3217,3322
2950,2951,3451
3414,3416,3832
3444,3511,3825
3501,3547,3835
3535,3575,3859
3598,3600,3663
3633,3646,3747
3670,3949,4207
3715,3773,3774
3897,4432,4779
4117,4155,4392
4314,4467,4491
4416,4739,4774
4636,4641,4945
4698,4701,4793
5196,5209,5490
318,328,485
849,852,1118
1327,1392,1657
1386,1677,1701
1406,1840,1907
1458,1465,1630
1483,1486,2020
1608,1610,1992
2110,2327,2636
2206,2252,2448
2281,2285,2605
2414,2460,2751
2723,2951,2990
3053,3114,3116
3154,3155,3654
3633,3639,3747
3918,3995,4300
3932,4311,4322
3970,3972,4379
3992,3996,4347
4088,4622,4746
4535,4852,4896
4869,4948,5017
509,673,681
602,646,857
823,887,1161
1167,1409,1524
1219,1223,1655
1325,1859,1983
1374,1379,1674
1412,1415,1908
1648,1813,2068
1823,1871,2136
2260,2530,2591
2509,2510,3044
2749,2938,3056
3686,3721,3883
3717,3725,3832
3863,4095,4101
3864,4091,4411
3878,4140,4330
4325,4505,4549
4355,4744,4752
4371,4554,4920
4515,4517,4584
4938,5161,5167
5006,5010,5397
194,200,280
295,297,319
867,1126,1167
891,893,992
1148,1349,1699
1199,1203,1581
1809,1876,2196
2006,2019,2116
2125,2283,2402
2199,2376,2479
2336,2670,2717
2434,2436,2501
2506,2568,2570
2770,2980,2986
2868,3199,3252
3156,3158,3215
3356,3726,3742
3743,3745,4090
4056,4076,4081
4188,4193,4414
4191,4346,4347
4525,4526,4787
4596,4616,4621
4673,4772,4955
4819,4821,5148
5323,5382,5440
2,12,80
59,70,542
352,795,862
594,636,801
779,781,846
944,1102,1103
1032,1033,1383
1203,1204,1738
1318,1852,1976
1526,1530,1723
1700,1917,1978
1782,1788,2119
1827,1829,2314
2214,2256,2421
2511,2516,2795
2567,2573,2689
2826,3202,3263
2942,3204,3345
3076,3577,3721
3160,3161,3662
3395,3468,3727
3400,3727,3731
3557,3561,3843
3604,4138,4251
3888,3903,4266
4084,4191,4419
4138,4143,4417
4461,4462,4996
4639,4866,4868
122,190,492
158,522,647
217,566,622
759,763,1111
759,805,1111
1398,1464,1705
1469,1472,2006
1951,2018,2255
2060,2064,2262
2308,2312,2716
2389,2704,2803
2497,2535,2772
2617,2645,2756
2804,3095,3272
2985,3262,3313
3079,3118,3239
3688,3973,4225
4061,4063,4128
4421,4719,4757
4455,4837,4942
4487,4970,5336
4825,4980,5055
4931,4932,5306
57,527,571
400,460,575
548,649,745
555,777,817
699,701,1237
780,784,1099
1012,1016,1128
1111,1303,1343
1169,1411,1431
1728,1731,1856
2049,2109,2176
2248,2488,2550
2310,2311,2845
2340,2345,2705
2743,2986,3026
2929,2930,3420
3392,3771,3782
3579,3683,3758
3762,3887,3944
4099,4358,4420
4200,4212,4355
4515,4520,4866
4731,4837,4839
4792,4796,4908
5049,5072,5077
124,448,455
177,180,474
516,672,788
545,725,769
641,939,977
1153,1367,1486
1211,1212,1599
1327,1393,1687
1543,1602,1660
1620,2005,2036
1702,1924,2259
1718,1983,2045
1720,1987,2116
1849,2164,2263
2080,2236,2237
2156,2157,2540
2646,2815,2823
2687,2690,2919
3116,3390,3619
3276,3457,3617
3319,3540,3574
3634,3639,3881
3851,3852,4226
4384,4586,4592
4419,4691,4697
4465,4467,4542
4857,5058,5391
4861,5008,5452
5148,5195,5447
109,117,561
830,833,1326
914,917,1410
949,968,970
1372,1873,2033
1426,1529,1609
1453,1517,1587
1606,1810,2140
1714,1969,2069
1842,2163,2201
1918,2130,2132
2153,2262,2332
3210,3291,3368
3218,3643,3653
3337,3604,3711
3521,3523,3588
3683,3740,3741
4096,4101,4405
4237,4262,4284
4762,5045,5299
4787,4796,4904
4868,4969,5065
4962,5304,5335
5177,5223,5463
5211,5223,5495
327,328,876
483,485,997
650,655,706
1143,1335,1396
1184,1535,1564
1226,1230,1617
1564,1572,1574
1741,1746,2200
1744,2278,2418
1788,2119,2172
1824,1891,2205
1974,2222,2255
2050,2052,2587
2100,2231,2232
2415,2477,2482
3226,3430,3760
3296,3484,3723
3438,3440,3820
3811,3977,3998
3951,3953,4065
4029,4301,4357
4111,4177,4399
4299,4455,4791
4304,4306,4581
4679,4683,4940
4722,4778,4838
5047,5053,5425
162,171,180
707,709,1190
712,717,1074
877,882,1171
906,910,1162
1032,1194,1315
1243,1284,1350
1334,1380,1671
1537,1565,1676
1649,1822,1941
2008,2098,2116
2339,2345,2721
2341,2406,2410
2408,2829,2908
2581,2586,2732
2739,2913,3310
2742,2743,3094
3104,3206,3208
3363,3366,3902
3569,4103,4224
4306,4510,4840
4527,4529,5014
4570,5071,5230
4857,5059,5326
4931,5136,5478
4981,4985,5428
12,15,653
53,476,530
192,201,209
537,685,738
568,733,988
888,1156,1173
1480,1482,1538
1678,1892,1933
1739,1797,2121
1833,1939,2230
1960,1962,2456
2013,2026,2127
2016,2283,2553
2291,2631,2679
2617,2621,2756
3004,3112,3321
3206,3320,3362
3388,3393,3832
3755,3756,4208
4162,4165,4698
4277,4432,4919
4541,4543,5032
4545,4557,4905
4611,4886,4921
4677,5211,5326
5000,5001,5390
5108,5374,5463
5136,5201,5470
71,689,972
408,465,556
484,939,991
521,606,704
758,770,1121
1129,1318,1436
1164,1394,1497
1335,1397,1402
1558,1574,1672
1673,1865,1871
1740,1863,2118
1876,2349,2377
1946,2380,2447
2154,2337,2381
2183,2341,2371
2249,2491,2511
2853,3389,3672
2977,3254,3328
3232,3308,3412
3269,3442,3561
3598,3603,3877
3679,3681,3751
4047,4052,4387
4120,4122,4616
4288,4446,4770
4306,4456,4510
4575,4681,4945
4576,4886,4942
4649,5183,5304
4911,5094,5460
4955,5217,5326
4958,5223,5285
5049,5117,5425
378,573,574
567,729,750
1164,1391,1711
1316,1583,1669
1666,1712,1908
1680,1879,2039
1700,1920,2024
2045,2156,2157
2060,2096,2262
2165,2315,2721
2301,2302,2836
2323,2366,2648
2371,2407,2472
2560,2562,2618
2622,2631,2740
2784,3011,3037
2963,3437,3464
3216,3372,3488
3540,3541,4074
3667,3678,3796
4154,4589,4654
4211,4212,4707
4268,4363,4430
4380,4579,4739
4399,4620,4654
4587,4592,4927
4615,4620,4939
4972,4976,5424
241,243,265
551,696,997
591,774,792
608,609,980
676,690,1060
880,1359,1376
1918,2210,2254
2624,2916,3162
2727,2889,2910
2786,3021,3083
2879,2884,3224
2921,3232,3308
3125,3297,3298
3371,3372,3759
3431,3917,4241
3479,3483,3754
3542,3554,3861
3641,3684,3872
4393,4607,4726
4831,4954,4988
5107,5173,5467
5289,5349,5416
164,170,571
339,354,635
400,422,424
433,444,560
753,860,1116
1254,1256,1672
1375,1415,1699
1639,1864,1904
1855,1857,2348
1904,2337,2400
1975,2123,2125
2286,2662,2723
2332,2337,2694
3811,4003,4043
3991,4029,4301
3997,4530,4697
4054,4058,4338
4078,4080,4574
4378,4567,4587
4672,4676,4949
5122,5228,5487
277,282,614
497,657,984
636,893,1080
639,911,1016
853,1137,1178
1197,1732,2079
1375,1411,1477
1555,1688,1689
1708,1945,1964
1936,1948,2245
1996,1997,2497
2123,2125,2470
2829,2903,2908
3461,3773,3882
3691,3695,3884
3917,3921,4306
4078,4557,4574
4252,4261,4368
4339,4497,4604
4512,4855,4885
4848,4850,5232
46,49,552
97,107,273
168,532,608
294,309,625
507,663,936
1010,1062,1063
1010,1145,1146
1845,1850,2205
2511,2523,2795
2947,3013,3307
3081,3140,3142
3334,3586,3647
3812,3981,4233
4346,4347,4686
4481,4862,4875
4508,4513,4812
4595,4641,4899
4706,4719,4816
4753,4764,4880
4769,4770,5268
4898,4899,5247
5081,5392,5468
271,590,634
530,679,1012
534,690,761
647,955,973
662,1006,1048
1049,1213,1345
1191,1268,1274
1343,1650,1704
1406,1662,1721
1643,1805,1910
1872,1877,2190
2010,2012,2505
2047,2052,2176
2187,2376,2416
2713,2908,3028
2805,3102,3275
3052,3099,3329
3763,3921,3994
3990,3993,4100
4406,4638,4950
4552,4564,4909
4845,4846,5274
106,107,711
305,309,606
554,628,773
703,744,810
1338,1339,1872
1724,2015,2192
2168,2367,2631
2533,2597,2667
2639,2641,3177
3131,3247,3248
3201,3363,3415
3407,3729,3881
4178,4179,4672
4190,4193,4727
4266,4435,4613
4774,4914,4915
5138,5418,5470
104,106,659
467,471,584
516,749,788
566,622,752
634,886,1069
1190,1195,1246
1363,1383,1388
1614,1770,1841
1773,2308,2639
2178,2249,2400
2697,2850,2899
3435,3440,3786
3671,4150,4167
3850,4060,4066
3876,4133,4320
3894,3895,4428
4040,4045,4384
4072,4073,4573
4155,4392,4411
4780,5262,5284
4790,4842,4843
5260,5262,5318
792,798,1140
850,896,1157
1012,1013,1084
1420,1692,1723
1725,2046,2080
2549,2814,3086
2763,3021,3061
2940,2986,3259
3098,3099,3592
3306,3502,3563
3317,3529,3549
3478,4012,4136
3798,3869,4020
3897,4275,4409
4057,4489,4553
4347,4536,4576
4470,4473,5009
4636,4638,4704
4735,4790,4880
4920,5119,5125
5241,5335,5424
46,49,85
630,883,1025
864,910,1146
866,868,1362
876,889,1170
887,889,1383
985,995,1108
1435,1913,1930
1915,1951,2017
2357,2379,2384
2490,2495,2768
2534,2972,3030
2570,2841,3107
2677,2782,2831
2983,3048,3313
3425,3426,3959
3589,3590,4124
3623,3625,4118
3807,3996,4036
4021,4086,4373
4270,4428,4486
4301,4303,4644
4314,4467,4877
4467,4542,4851
4598,4878,4930
5281,5315,5432
140,735,861
372,379,549
562,620,786
578,579,927
583,763,866
790,1291,1450
804,1113,1144
869,1403,1524
935,1022,1047
1072,1148,1252
1207,1221,1589
1349,1454,1699
1370,1373,1866
1704,1931,2251
1815,1820,2166
2357,2424,2729
3082,3399,3618
3158,3215,3299
3334,3653,3689
3388,3392,3667
3615,3852,3871
3745,3903,4022
3821,4004,4010
3921,3924,4460
4036,4509,4537
4573,4578,4921
4804,4805,5311
5332,5333,5404
229,800,925
391,392,421
668,725,1052
1024,1479,1531
1172,1419,1598
1869,2141,2197
2062,2064,2599
2278,2292,2658
2357,2423,2741
2416,2418,2912
2571,2573,3066
2623,2682,2740
2788,3025,3333
2801,3099,3137
3042,3043,3576
3253,3409,3448
3300,3499,3659
3479,3484,3833
3787,3788,4167
3799,3957,4064
3897,4433,4764
3968,4017,4272
4370,4414,4574
4560,4564,4879
4744,5069,5280
4813,4934,5048
5074,5381,5466
6,7,120
66,71,592
195,200,559
378,380,878
597,638,808
617,829,849
882,883,1416
1048,1206,1546
1502,1506,1725
2147,2191,2300
2366,2648,2713
2456,2460,2771
2783,3015,3021
3200,3201,3641
3424,3764,3801
3770,3924,4256
3936,3940,4213
4255,4313,4314
4345,4514,4521
4381,4612,4733
4424,4719,4804
4519,4856,4958
4646,4648,5142
5155,5193,5450
5248,5306,5308
5317,5321,5456
158,160,704
188,651,734
198,503,617
351,374,377
383,450,480
657,1035,1169
668,672,1052
774,839,1129
1185,1486,1540
1291,1327,1392
1297,1830,1997
1417,1457,1711
1435,1696,1725
1533,1535,2041
1758,1835,2140
1818,1819,2151
1922,1926,2217
2359,2696,2798
2617,2642,2664
2657,2812,3156
2661,2875,3181
2794,3049,3149
3422,3424,3836
3689,3751,3752
3779,3781,4118
3864,4157,4197
3970,3971,4300
4228,4513,4765
4774,5213,5276
5163,5167,5474
85,90,245
674,1049,1067
967,978,1096
1438,1450,1717
1498,1619,1620
1659,1836,1939
1786,1788,2092
1818,1820,2082
2034,2075,2256
2201,2384,2502
2442,2446,2743
2729,2902,3021
2817,3195,3329
2876,3210,3257
3107,3109,3163
3162,3171,3280
3170,3655,3676
3326,3561,3623
3367,3374,3767
3390,3393,3929
3444,3510,3793
4036,4293,4299
4049,4154,4399
4414,4666,4727
4422,4764,4795
4678,4690,4957
4952,5202,5303
5173,5395,5397
269,273,402
472,481,588
531,691,699
631,916,1021
922,1239,1458
1401,1402,1936
2144,2215,2297
2161,2308,2637
3117,3119,3612
3267,3429,3816
3385,3399,3771
3454,3456,3944
3508,3512,3838
3523,3588,3853
3529,3594,3841
3705,4193,4208
3795,3949,4057
3919,3923,4200
4021,4041,4046
4098,4118,4123
4617,4679,4684
4680,4743,4957
4756,5037,5293
4875,5097,5137
4928,5132,5234
4977,5355,5489
5031,5036,5370
5162,5167,5481
5316,5318,5375
245,558,610
358,363,431
449,590,591
534,687,1097
802,908,1167
952,1068,1069
1109,1282,1289
1263,1591,1714
1718,1980,1998
2080,2562,2584
2146,2350,2680
2165,2345,2389
2691,2851,2859
2867,3350,3716
2956,3266,3322
3178,3194,3292
3354,3355,3888
3538,4014,4039
3727,3938,4066
4035,4141,4405
4200,4206,4355
4302,4427,4484
4591,4893,4946
4666,4769,4849
4808,4903,4970
5127,5132,5467
879,941,943
1151,1356,1374
1187,1495,1513
1747,1749,1869
1753,2287,2425
1758,1784,1790
2089,2091,2627
2221,2452,2573
2408,2674,2763
2416,2673,2679
2504,2516,2793
2625,2762,2763
2857,2859,3251
2863,2869,3253
3104,3537,3604
3310,3520,3639
3496,3753,3759
3635,3691,3693
3647,3652,3768
3805,3974,3981
3807,3973,4036
3829,4018,4024
4594,4599,4930
4779,5111,5316
4928,5195,5234
65,66,592
240,243,326
503,617,736
694,749,1088
830,1102,1160
1095,1245,1312
1164,1391,1417
1635,1789,1897
1653,1654,1958
2023,2026,2560
2248,2485,2793
2398,2932,3056
2488,2489,3023
2693,2802,2872
2803,3088,3268
2810,2814,3190
2855,2880,2886
2946,2993,3263
3030,3077,3308
3502,3609,3844
3633,3637,3746
3971,3973,4457
4222,4505,4759
4319,4321,4658
4821,5035,5341
4824,4965,5056
4876,5290,5298
5048,5053,5352
5095,5354,5504
5238,5252,5410
341,342,373
391,396,484
561,726,733
895,1373,1390
1023,1025,1537
1228,1233,1672
1290,1293,1400
1536,1538,1595
1671,1878,1918
1922,1934,2241
2103,2404,2617
2416,2893,2912
2419,2952,3119
2516,2517,3051
2798,3060,3250
2883,3373,3422
3186,3355,3363
3320,3537,3598
3488,3912,3983
3934,3939,4328
3969,3992,3997
4146,4150,4402
4213,4218,4340
4451,4452,4839
4621,5154,5315
4693,4757,4827
4768,4770,5305
4895,5284,5292
4912,5097,5339
4951,5202,5236
5042,5043,5369
222,237,604
265,270,403
367,435,631
977,1453,1476
1182,1465,1555
1497,1934,1992
1504,1506,2040
1750,1754,2192
1783,1789,2173
1945,2010,2253
3121,3126,3272
3371,3711,3759
3953,4065,4337
4032,4037,4350
4099,4101,4595
4438,4440,4563
4476,4477,4803
4708,4800,4888
4831,4832,5268
4834,4836,5177
5164,5271,5499
185,246,555
591,774,1140
1119,1293,1354
1123,1366,1406
1127,1310,1412
1186,1512,1545
1247,1569,1721
1336,1338,1832
1640,2056,2064
1677,1678,2000
1694,1927,1967
1709,1976,2018
1827,2314,2631
1978,1982,2225
2402,2664,2805
2553,2566,2667
3190,3407,3716
3401,3789,3868
3553,3775,3777
4097,4143,4383
4140,4203,4417
4239,4241,4776
4244,4536,4782
4320,4470,4736
4954,5206,5389
5220,5285,5410
5299,5301,5371
31,32,114
378,858,883
458,515,599
568,988,995
666,1042,1103
702,717,1092
955,1008,1080
2130,2132,2414
2390,2391,2925
2585,3063,3080
2871,2885,3257
2932,2937,3289
3011,3118,3323
3130,3409,3667
3192,3193,3543
3204,3345,3436
3255,3477,3517
3310,3520,3526
3437,3504,3809
3619,3655,3708
4015,4431,4514
4065,4342,4393
4363,4606,4646
4511,4844,4915
4548,4813,4905
4633,5107,5133
4727,4732,4848
4865,5019,5089
5157,5265,5478
25,466,508
241,246,325
344,829,855
492,733,775
512,672,723
525,526,954
548,747,1011
550,922,932
654,655,1188
702,705,818
1214,1589,1607
1628,1729,1825
1631,1781,2058
1710,1963,2105
1830,1836,2196
1845,1847,1953
2278,2280,2403
2450,2885,2946
2596,2598,3133
2613,2615,3121
2717,2878,2885
2780,3000,3104
3120,3123,3247
3170,3659,3674
3536,3540,3851
3777,3979,4246
3885,4206,4240
3889,3935,4008
4223,4280,4281
4478,4479,4969
4856,4857,5240
4891,5061,5123
5067,5406,5439
43,671,995
100,106,253
145,146,467
270,403,618
375,376,439
549,551,885
586,632,828
976,978,1513
1242,1248,1579
1775,1848,2107
1782,1797,2172
1791,1797,2177
1831,1871,2197
1915,1955,2239
2308,2313,2752
2486,2923,2982
2686,2891,3161
2698,2734,2849
2921,3387,3418
3249,3328,3397
3507,3519,3847
4275,4409,4433
4486,4488,4792
4503,4993,5042
4773,5061,5281
4827,5256,5266
14,486,502
378,539,541
418,539,540
496,929,939
598,787,807
608,812,914
701,1237,1518
872,1126,1172
1727,2058,2090
1859,1871,2213
2045,2523,2540
2223,2415,2785
3778,3814,3929
3947,4268,4363
4225,4235,4348
4397,4613,4675
4425,4726,4780
4483,4529,4873
4652,5087,5152
338,346,354
748,1243,1408
838,840,1334
940,946,1058
1655,2044,2052
1787,2108,2203
2069,2210,2211
2177,2338,2460
2180,2337,2596
2632,2641,2748
3199,3201,3528
3299,3491,3699
3821,4004,4122
3884,4235,4264
3941,4476,4803
4431,4508,4514
4671,4673,4772
5050,5052,5316
5215,5476,5505
5241,5333,5410
5305,5307,5385
786,833,1103
787,853,1147
864,868,1146
1146,1342,1403
1271,1762,1810
1603,1789,1834
1897,2329,2393
3120,3132,3275
3547,3548,4082
3614,3849,3882
4120,4392,4423
4335,4557,4597
4854,5010,5081
4990,4994,5432
5071,5107,5172
5176,5180,5442
5274,5279,5496
136,138,580
207,521,577
559,713,779
669,789,1049
828,875,1127
835,840,1159
1210,1214,1652
1251,1253,1365
1377,1439,1444
1396,1408,1705
1468,1558,1576
1500,1506,1655
1667,1913,1952
1734,1735,2268
2272,2273,2619
2302,2836,2972
2708,2809,2905
2995,3031,3097
3183,3185,3697
3369,3443,3448
3454,3918,3950
3601,4035,4102
3700,3744,3745
3908,3912,4292
4298,4723,4733
4417,4684,4791
4715,4802,4827
5261,5266,5492
274,834,995
905,907,969
1221,1222,1756
1228,1229,1559
1241,1776,2103
1354,1358,1638
1572,1731,1807
1688,1689,2060
2137,2139,2526
2379,2425,2731
2657,2817,3161
2855,2928,3187
2948,3215,3346
3102,3122,3124
3630,3794,3795
4396,4425,4630
4618,4910,4954
4643,4655,4947
4841,4926,5024
226,527,530
563,725,830
661,662,1004
924,1089,1090
1043,1157,1276
1069,1221,1490
1170,1423,1429
1217,1273,1606
1399,1833,1900
1577,1737,2064
1810,1811,2140
1942,2476,2598
2013,2017,2126
2391,2925,3049
2458,2460,2954
2839,2843,3275
3241,3388,3832
3273,3274,3578
3297,3338,3508
4191,4193,4686
4587,4599,4927
4687,4751,4816
4725,4837,4838
5293,5298,5420
87,143,235
108,118,282
266,316,450
585,771,889
618,841,847
1105,1274,1394
1326,1331,1643
1481,1486,1712
1585,1740,1815
1896,1960,2238
2335,2337,2819
2651,2719,2813
3048,3316,3333
3177,3181,3292
3461,3463,3952
3838,4052,4093
3927,4001,4337
3962,3964,4237
4385,4427,4644
4475,4500,4506
4625,4627,5121
4881,5046,5167
5031,5045,5417
196,280,604
497,657,1001
850,854,1157
940,945,1057
1305,1307,1413
2265,2562,2735
2554,2559,2801
2891,3382,3430
2989,3054,3301
3254,3255,3585
3305,3306,3674
3438,3439,3771
3640,3646,3758
3767,3770,3999
4641,4642,5176
4656,4661,4935
4745,4746,5240
4812,4974,5095
4902,4903,5254
4943,5175,5292
5041,5151,5421
73,145,487
132,134,581
216,296,301
306,387,627
632,879,1058
636,896,994
815,861,1119
929,932,1466
1279,1615,1678
1293,1400,1656
1405,1470,1713
1417,1455,1692
1646,1702,1832
1671,1857,1918
1732,1737,2219
1738,1745,2133
2094,2390,2632
2560,2566,2678
2643,2944,3157
3206,3208,3599
3462,3783,3821
3509,3614,3859
3647,3649,3703
3868,4105,4413
3985,3987,4267
3994,4302,4427
4163,4319,4321
4175,4264,4352
4239,4571,4776
4252,4256,4368
4339,4493,4913
4681,4683,5177
4949,5195,5258
5128,5174,5458
213,219,601
349,354,425
428,432,646
596,1001,1023
1139,1539,1546
1160,1380,1484
1831,1867,1932
2024,2457,2524
2299,2304,2748
2796,3056,3154
3083,3561,3578
3286,3332,3528
3349,3400,3731
3756,3912,4028
3924,4308,4404
3947,4435,4486
4012,4014,4079
4131,4136,4415
4200,4203,4327
4360,4784,4791
4440,4563,4818
4967,5275,5420
5023,5029,5413
211,228,600
232,237,598
560,976,984
611,816,834
659,717,1041
723,1208,1565
779,783,1054
853,1327,1353
930,1408,1425
1166,1401,1463
1315,1734,1808
1621,1773,2101
1635,1857,1897
1793,1905,2177
1890,2174,2227
2095,2545,2600
2112,2271,2725
2587,2589,2649
2719,2873,3293
3127,3129,3189
3164,3456,3702
3331,3582,3616
3435,3437,3504
3487,3553,3847
3699,4031,4236
3921,3922,4456
3924,4459,4794
4106,4362,4421
4399,4654,4770
4479,4481,5017
4860,5010,5276
5234,5469,5502
595,781,800
644,939,1024
672,673,1207
1090,1462,1472
1495,1550,1640
1534,1535,2034
1774,1779,2168
2174,2248,2393
2640,2704,2705
2896,2944,3205
3255,3405,3829
3436,3441,3745
3694,4136,4194
4281,4494,4818
4396,4397,4742
4776,4781,4919
4853,4854,5300
4926,5125,5228
5088,5353,5445
5124,5433,5464
5134,5139,5470
727,732,1075
747,1086,1119
1036,1469,1479
1079,1166,1229
1146,1345,1448
1171,1456,1561
1255,1580,1712
1718,2005,2045
1803,1805,2288
1859,1861,1926
1910,2182,2240
1914,1920,2238
1988,2422,2489
2473,2947,2973
2555,2642,2667
2620,2621,3122
2695,2697,2968
3208,3366,3706
3664,3666,4200
4145,4150,4419
4436,4806,4822
4491,4496,4830
4792,4801,4908
4821,4978,5034
5072,5118,5427
5251,5355,5356
29,662,990
42,509,527
372,376,473
644,995,1024
715,717,1199
732,1075,1105
1945,1965,1970
1964,1966,2067
1965,2012,2248
2077,2105,2216
2082,2086,2200
2167,2260,2314
2246,2478,2496
2343,2670,2751
2496,2499,2601
2955,3017,3022
3301,3498,3532
3854,3855,4231
4216,4497,4753
4278,4444,4452
4494,4496,4912
4568,4834,4923
4604,4606,5100
4610,5045,5106
3,81,487
37,38,584
71,688,1019
214,219,591
729,752,757
758,762,1083
865,885,890
912,959,1164
1127,1307,1681
1277,1299,1304
1360,1894,2019
1389,1392,1658
1474,1518,1721
1587,1743,2016
1610,1764,2096
1663,1906,1946
1712,1959,2020
1914,1919,2214
2223,2418,2521
2548,2638,2656
2549,2552,3086
3153,3155,3661
3246,3279,3394
3445,3446,3707
3544,3651,3879
3571,3638,3875
3673,3675,3740
3747,4176,4186
3858,4081,4087
4013,4059,4335
4590,4874,4927
4604,5033,5105
4673,4734,4736
4845,4956,4997
4939,5194,5310
4950,5203,5209
99,106,534
256,821,946
403,517,518
541,693,1021
579,819,859
973,978,1100
1260,1310,1625
1936,1940,2202
2328,2659,2712
2365,2366,2744
2634,2930,3172
2655,2657,3052
2691,2851,2979
2807,3119,3170
2871,2876,3210
3121,3155,3272
3223,3409,3454
3280,3704,3711
3297,3298,3620
3343,3628,3808
3396,3401,3836
3469,3784,3883
3600,3663,3877
3783,3851,3960
3847,4053,4172
4553,4557,4875
4629,4634,4943
4686,4690,4942
4708,4766,4768
5006,5011,5058
5344,5352,5354
1,7,189
348,351,423
501,663,715
528,530,912
1078,1081,1306
1130,1131,1488
1162,1384,1445
1182,1461,1519
1237,1565,1631
1547,1548,1613
1702,1927,2031
2011,2115,2116
2946,2951,3263
2962,3068,3327
2971,3449,3466
3010,3056,3317
3396,3400,3673
3404,3456,3763
3474,3539,3829
3524,3798,3869
3579,3681,3870
3772,3848,3952
3854,4063,4082
4019,4024,4373
4022,4024,4516
4145,4157,4419
4383,4641,4681
4889,5062,5181
7,188,565
266,273,316
408,463,529
620,837,898
698,1189,1366
918,921,1013
947,959,1069
1294,1761,1784
1348,1352,1678
1411,1432,1437
1545,2033,2048
1552,1561,1668
1853,1899,2175
2024,2182,2183
2117,2277,2621
2259,2531,2636
2307,2382,2691
2338,2871,3000
2407,2473,2767
2469,2472,2738
2676,2909,2948
2736,2917,3077
2881,2990,3277
3083,3273,3274
3303,3495,3865
3382,3916,4052
3402,3409,3792
3607,3669,3879
3696,3706,3839
3874,4129,4229
3918,3944,3950
4255,4388,4389
4623,4669,4934
4789,5083,5327
4826,4940,4982
4915,5101,5120
4955,5217,5223
5342,5364,5456
17,40,498
465,466,968
519,670,1124
1716,1976,2074
1724,2075,2104
1904,1906,2400
2731,2923,2963
2782,3007,3111
2802,3081,3139
2910,2915,3232
3083,3085,3578
3128,3132,3346
3143,3144,3641
3190,3354,3407
3267,3456,3496
3794,3868,4013
3873,4130,4241
4245,4382,4383
4711,4815,4816
5214,5462,5495
402,506,508
636,959,994
1026,1195,1203
1052,1207,1262
1127,1373,1412
1417,1453,1515
1564,2019,2071
1600,1762,1770
1612,1688,1792
1691,1896,1914
1706,1941,2003
1840,1946,2233
1994,2432,2490
2150,2304,2636
2392,2396,2663
2845,2850,3231
3013,3297,3338
3019,3278,3340
3061,3498,3557
3129,3189,3256
3295,3484,3545
3621,3715,3804
3655,3674,3676
3906,4282,4343
4428,4434,4806
4763,4820,4821
33,117,512
72,81,179
303,306,387
825,1102,1153
1787,2109,2261
1958,2005,2246
2254,2506,2567
2427,2430,2714
2667,3096,3106
2716,3130,3138
2806,3132,3165
3058,3060,3123
3059,3063,3320
3115,3170,3260
3172,3181,3288
3186,3355,3533
3237,3439,3706
4159,4198,4319
4196,4470,4699
4342,4400,4566
4474,4478,4525
4886,4942,5072
4976,5346,5362
61,137,466
564,725,982
794,840,1131
943,1212,1480
1080,1230,1496
1986,1990,2242
1994,2152,2154
2774,2983,3321
3011,3117,3331
3145,3155,3268
3165,3166,3668
3216,3449,3488
3370,3374,3661
3463,3464,3998
4577,4890,4920
46,54,158
193,209,593
406,412,465
738,740,1120
872,1307,1372
889,890,1424
1064,1135,1217
1166,1398,1416
1267,1272,1615
1342,1449,1684
1710,1963,1969
1791,1796,2130
1987,2007,2009
2171,2316,2756
2218,2407,2767
2280,2403,2658
2343,2345,2828
2627,2628,2693
2644,2645,3151
2819,2824,2874
2839,2840,3174
2918,2920,3027
3487,3552,3817
3593,3694,3780
3742,3803,3902
3804,3965,4222
3843,4035,4096
3961,4070,4357
4491,4505,4877
60,63,98
202,204,607
513,519,752
682,1216,1352
757,1290,1457
1097,1258,1380
1112,1506,1533
1719,1991,2096
1797,1798,2331
1854,1874,1879
2639,2937,3177
3141,3211,3264
3248,3445,3727
3260,3417,3676
3361,3362,3704
3877,4144,4150
4075,4080,4399
4328,4525,4807
4601,4605,4882
4651,4717,4939
4675,5153,5170
4812,4814,5311
4822,4883,4982
5143,5208,5473
64,380,416
137,535,598
613,827,833
988,990,1525
1017,1018,1034
1206,1742,2070
1277,1343,1661
1601,1686,1784
1771,2305,2439
1855,2114,2264
1866,1913,2183
1902,1906,2203
2038,2159,2160
2216,2404,2643
2312,2691,2702
2358,2360,2740
2676,2829,3253
2905,2906,3284
3045,3092,3328
3525,3802,3853
3565,3585,3590
3571,3592,3597
3591,3593,3692
3926,3981,4317
3963,4290,4371
4282,4288,4566
4324,4325,4766
4407,4649,4655
4757,4902,4903
4800,5252,5306
4836,5069,5108
31,42,527
373,415,468
678,704,710
737,759,764
892,939,1169
944,1377,1444
1008,1073,1124
1192,1196,1644
1351,1352,1846
1355,1359,1659
1517,1662,1663
1976,1977,2511
2476,2480,2742
2589,2649,2716
2762,2806,3017
2768,2972,3074
2774,3007,3047
2869,2870,3402
2929,3395,3426
3005,3224,3226
3067,3129,3339
3452,3456,3807
3482,3744,3885
3488,3491,3983
3764,3766,4041
4019,4031,4373
4487,4809,4961
4720,4725,4837
5120,5125,5464
260,562,620
365,371,437
405,412,529
406,408,556
413,419,470
480,932,986
976,1257,1513
1412,1579,1581
1706,1962,2003
1798,2331,2460
1820,2166,2189
1994,2229,2262
2074,2513,2576
2613,2901,3121
2807,3138,3170
3180,3628,3688
3432,3775,3805
3685,3695,3808
3880,4147,4166
4007,4068,4072
4154,4312,4314
4353,4406,4546
4374,4375,4734
4507,4509,4577
4699,4738,4859
4706,4711,4815
4751,4898,4899
5005,5010,5391
5041,5106,5110
5086,5090,5434
156,242,247
769,1083,1151
1058,1483,1493
1253,1365,1637
1892,1893,2427
1984,2518,2631
2027,2029,2083
2090,2142,2143
2092,2096,2208
2191,2357,2378
2492,2659,2661
3180,3244,3245
3338,3603,3665
3422,3424,3697
3545,4021,4046
3918,3994,4332
4580,4592,4924
4856,4958,5006
4872,5030,5195
4924,5126,5132
5144,5351,5357
5280,5292,5435
154,219,567
186,271,600
766,770,1114
948,990,1174
1592,1752,1803
1593,1647,1751
1683,1941,1981
1880,1892,2224
1894,1896,1961
2261,2533,2553
2306,2310,2697
2662,2723,2822
2777,2989,3009
2820,2943,3198
2984,3258,3329
3273,3326,3466
3623,3779,3781
3907,3921,4289
3909,3983,3988
4079,4374,4398
4176,4443,4713
4178,4338,4339
4219,4230,4344
4255,4701,4762
4384,4586,4705
4465,4472,4862
4468,4472,4876
5185,5205,5210
44,55,237
91,95,430
348,354,637
424,426,960
492,654,775
1027,1194,1238
1104,1265,1522
1125,1311,1429
1242,1245,1358
1270,1272,1679
1362,1366,1663
1482,1540,1655
1593,1599,1832
1598,1752,2023
1638,1639,1972
1704,1997,2037
1832,1878,2187
2112,2353,2395
2751,2937,2998
2835,3370,3709
2844,3227,3271
3671,3672,4167
4116,4121,4395
4425,4722,4740
119,129,291
287,371,417
314,586,632
581,764,770
583,760,1153
1162,1384,1719
1390,1394,1697
1484,1642,1643
1529,1969,2028
1726,2052,2085
1887,1899,2227
2085,2573,2588
2241,2468,2586
2747,2993,3032
3717,3718,3734
3923,4300,4318
3942,3957,4332
4597,4599,5093
4799,4801,5337
5071,5109,5381
111,112,577
467,468,533
720,725,1085
815,819,1119
1793,1860,1865
1862,2123,2237
2154,2307,2331
2196,2377,2537
2243,2475,2481
2521,2523,3017
2736,2917,2923
2806,3113,3165
2935,3193,3314
2948,3372,3443
3458,3460,3567
3591,3596,3875
3597,4131,4246
3612,3617,3864
3715,4161,4222
3772,3774,4110
4086,4377,4401
4603,4668,4933
4785,4922,4923
4903,5083,5186
5034,5036,5337
5225,5237,5499
5309,5450,5451
809,914,1159
1135,1321,1684
1939,2376,2435
2074,2145,2146
2083,2142,2200
2132,2343,2645
2255,2517,2523
2712,2870,2877
2763,2958,3061
2785,3022,3028
3050,3584,3701
3078,3092,3250
3314,3315,3691
3413,3524,3833
3591,3603,3875
3712,3721,3828
4191,4624,4691
4386,4585,4688
4817,4972,5459
5154,5157,5265
5239,5275,5328
5253,5259,5367
5314,5454,5455
18,104,481
20,26,198
183,200,589
696,701,1136
807,812,1147
1531,1535,1724
1880,1884,2193
1967,2446,2463
2000,2046,2258
2252,2502,2603
2261,2537,2597
2538,2545,2710
2771,3000,3040
2780,3063,3104
2866,2867,3186
3072,3119,3324
3110,3381,3647
3212,3423,3725
4205,4683,4700
4426,4733,4785
4579,5112,5279
4900,5324,5331
4964,5259,5344
5117,5430,5460
144,149,424
233,237,368
332,336,449
410,517,519
886,989,1069
1453,1515,1711
1497,1931,1996
1683,1878,1981
1952,1955,2448
1956,1961,2235
2228,2429,2455
2413,2453,2761
2550,2709,2711
2649,2650,3094
2796,3119,3154
2904,2971,3285
3131,3610,3627
3157,3161,3296
3160,3642,3664
3236,3237,3620
3418,3951,4080
3511,3989,4006
3580,3783,3785
4092,4358,4403
4644,4690,4926
5211,5214,5462
5241,5300,5302
12,13,648
298,753,820
1055,1186,1283
1205,1578,1593
1313,1317,1635
1796,2130,2177
1855,2113,2234
1887,1892,2227
2487,2746,2787
2546,2551,2655
2652,2811,3265
2657,2817,3144
2913,2975,2980
3824,4249,4256
4054,4066,4390
4064,4066,4560
4278,4444,4578
4500,4505,4865
4751,5230,5247
4926,5122,5487
5226,5273,5482
5238,5245,5410
17,21,199
77,78,596
213,263,601
334,615,644
459,461,996
714,715,1038
898,902,1145
1000,1486,1502
1048,1201,1542
1412,1847,1912
1821,1822,2355
1930,1976,2237
2078,2135,2219
2609,2610,3108
2734,2904,2925
2804,3155,3184
3242,3255,3397
3379,3383,3660
3517,3519,4013
4014,4034,4039
4051,4318,4321
4087,4088,4622
4137,4671,4786
4141,4382,4426
4339,4564,4604
4534,4536,5024
4785,5273,5288
5191,5258,5495
225,362,604
269,270,637
284,292,432
293,301,309
386,868,885
606,802,1167
756,757,1290
900,920,922
965,1443,1460
968,972,1186
1090,1239,1462
1213,1747,1885
2128,2286,2610
2230,2440,2559
2434,2438,2718
2437,2439,2933
2569,2623,2689
2679,2835,3155
2707,2708,3087
2717,2878,3000
2771,2979,3040
2866,2868,3172
3093,3106,3207
3217,3322,3371
3234,3387,3411
3265,3434,3554
3363,3364,3898
3391,3925,4059
3442,3975,4101
3608,4042,4109
4072,4573,4733
4077,4139,4144
4259,4557,4797
4334,4335,4665
4350,4351,4692
4650,4697,4928
4658,4705,4946
4834,4923,5063
4952,5266,5303
5311,5345,5504
3,75,178
226,570,624
253,713,785
457,485,596
626,882,923
758,763,1121
1056,1212,1328
2244,2537,2577
2492,2930,2988
2515,2993,3010
2543,3018,3043
2601,2671,2724
2898,2899,3231
3285,3471,3589
3426,3959,4087
3509,3615,3847
3546,3837,3861
3694,3834,3835
3788,3987,4251
4012,4024,4369
4848,4944,5000
4930,5140,5146
5034,5036,5452
5129,5190,5194
5265,5377,5378
80,649,826
556,970,978
960,963,1087
1086,1119,1234
1410,1415,1688
1545,1546,2048
1754,2129,2147
1781,2162,2175
2318,2319,2809
2532,2579,2784
2839,2844,3288
3043,3576,3725
3605,3610,3879
3614,4052,4110
3781,3933,4261
4122,4123,4656
4129,4130,4664
4234,4305,4306
4250,4739,4754
4442,4443,4828
4667,5143,5168
4688,4925,4967
5281,5312,5396
31,40,509
314,767,832
509,673,805
704,709,1063
773,777,1095
926,939,1036
1094,1095,1425
1420,1896,1921
1881,1927,2215
1895,1941,2199
1926,2217,2241
1944,1948,2226
2106,2275,2283
2496,2501,2775
2593,2604,2720
2630,2765,2766
2651,2657,2940
2766,2965,3068
2771,2772,3146
3626,3631,3735
3628,3686,3688
3815,4204,4212
4025,4559,4683
5009,5341,5401
5039,5045,5421
5127,5139,5467
5158,5450,5494
5185,5250,5493
147,547,640
204,289,577
220,792,959
314,317,828
332,412,449
539,541,878
638,900,1090
886,948,950
1056,1209,1243
1102,1103,1439
1247,1249,1730
1642,1643,1979
1891,1892,2386
1981,2134,2136
2211,2394,2412
2421,2425,2755
2434,2439,2770
2470,2474,2777
3474,3538,3840
3947,4430,4796
4798,4814,4912
4875,5029,5137
4964,5255,5281
259,343,601
440,444,642
508,666,990
660,736,742
975,1040,1100
1144,1346,1352
1693,1907,2026
1779,1781,2317
1799,1805,2181
2006,2011,2115
2394,2459,2749
2550,3025,3050
2810,2815,2866
2910,2913,3020
3299,3699,3706
3507,3512,3847
3760,3922,4052
3866,4098,4116
3872,4186,4223
3901,3906,4360
3988,4483,4648
4442,4786,4828
4524,4546,4551
4832,5042,5369
4842,4843,5294
4997,5053,5386
5039,5053,5421
5267,5269,5323
5312,5396,5432
66,70,556
257,259,285
445,455,568
670,674,961
739,1226,1546
1003,1062,1120
1158,1381,1387
1240,1567,1571
1592,1747,1802
2117,2272,2616
2380,2486,2773
2444,2873,2945
2788,3049,3090
3306,3505,3608
3338,3600,3618
4150,4151,4685
4310,4459,4908
4441,4445,4888
4563,4834,4913
4685,4697,4959
4731,4733,5226
4909,5098,5104
4981,4982,5324
5023,5069,5413
5248,5338,5356
206,209,743
460,616,617
880,1356,1381
1087,1180,1234
1198,1200,1323
1271,1604,1675
1332,1345,1680
1477,1586,1587
1478,1955,1972
1560,1624,1625
1679,1871,2079
1722,2001,2184
1855,2274,2348
1873,1878,2221
2183,2341,2737
2246,2481,2543
2299,2300,2634
2395,2814,2888
2436,2500,2778
2829,2949,3209
3002,3006,3297
3103,3372,3640
3264,3425,3682
3538,3830,3874
3545,3764,3766
3845,3887,4104
3871,4122,4156
3881,4153,4287
3949,3950,4482
3987,4478,4525
4130,4664,4781
4225,4230,4348
4330,4702,4712
4441,4445,4765
4478,4969,5146
4566,4613,4883
4718,4719,5212
4757,5233,5256
4790,4791,5294
4804,5259,5311
4903,5080,5473
182,191,345
250,252,276
325,612,643
356,364,371
436,438,973
1187,1495,1640
1388,1922,2046
1454,1889,1954
1466,1471,1575
1564,1565,2071
1571,1577,1860
1782,1789,2172
1868,2292,2363
2308,2309,2639
2718,2789,2940
2801,3073,3207
2818,2823,3198
2942,3203,3317
3224,3295,3377
3628,3720,3808
3651,3806,3807
3938,3939,4429
4054,4059,4390
4093,4377,4418
4343,4501,4897
4385,4386,4754
5086,5132,5434
5239,5279,5400
5258,5355,5357
135,426,453
145,146,584
170,171,758
611,816,1158
1220,1221,1610
1385,1387,1881
1398,1418,1423
2227,2433,2552
2241,2468,2474
2267,2579,2630
2269,2320,2651
2273,2274,2657
2981,2986,3313
3011,3072,3076
3570,3575,3848
3599,3603,3860
3732,3973,4015
3759,3910,4364
3908,3965,4292
4351,4521,4583
4446,4822,4883
4487,4489,4970
4533,4595,4600
4612,5113,5273
4692,4739,4944
4730,4733,5267
4830,4832,5114
4928,4929,5300
5024,5029,5383
79,81,551
824,1098,1169
951,953,1446
1189,1235,1308
1200,1276,1282
1290,1303,1656
1632,1790,1955
1644,1805,2062
1749,1823,1828
2202,2261,2442
2387,2448,2452
3197,3352,3696
3602,3845,3877
4124,4136,4413
4259,4261,4797
4275,4277,4672
4423,4712,4800
4756,4758,5293
5022,5037,5412
5,13,92
540,690,956
688,692,967
823,843,848
1210,1214,1501
1210,1215,1664
1427,1695,1724
1542,1546,1660
2097,2105,2212
2665,2820,2895
2837,2841,3226
3360,3482,3809
3531,3806,3841
3835,4045,4085
3892,3893,4239
3900,4022,4349
3941,4477,4758
4145,4149,4389
4292,4447,4502
4787,4791,4904
52,53,474
626,858,876
640,910,971
742,1275,1401
967,969,1029
1481,1524,1712
2692,2768,2872
2743,2920,2981
2910,2916,3276
2955,3061,3325
2971,3444,3471
3224,3226,3501
3227,3271,3380
3437,3503,3821
3508,3554,3838
3549,3551,3658
3732,3734,4231
3745,3900,3975
3919,3924,4368
4401,4628,4746
4415,4677,4683
4465,4479,4851
4945,5182,5298
4990,4994,5281
0,13,263
10,15,599
84,96,106
85,94,499
159,532,576
329,337,345
405,411,528
437,489,490
569,742,749
614,847,887
621,848,854
643,928,1108
784,785,1319
931,1035,1036
1242,1249,1632
1497,1499,1992
1756,1758,1835
2189,2362,2369
2663,2777,2896
2690,2844,3176
2763,2955,3325
2897,2919,2924
3081,3175,3264
3143,3579,3643
3548,4082,4206
3944,3996,4303
3984,4006,4011
4040,4042,4149
4173,4179,4287
4567,4633,4927
4999,5003,5435
470,955,976
489,490,934
921,1013,1090
1171,1422,1456
1484,1486,1979
1534,1973,2036
1730,1789,2110
1841,1843,2332
2154,2310,2381
2640,3092,3146
2799,3071,3176
2932,2934,2999
3375,3757,3862
3395,3469,3801
3544,3652,3861
3558,3623,3870
3685,3687,3765
3766,3970,4300
4050,4334,4387
4078,4290,4292
4398,4621,4775
4731,5167,5226
5205,5252,5488
83,697,978
222,225,362
258,263,587
318,328,336
957,1110,1111
1233,1618,1654
1234,1239,1628
1261,1326,1330
1459,1495,1548
1468,1560,1648
1700,1983,2024
1891,2364,2391
2215,2401,2420
2343,2671,2794
2515,2989,3015
2574,2615,2796
3044,3056,3333
3344,3639,3724
3748,3901,4360
3977,3999,4004
3991,4031,4357
4272,4273,4623
4427,4735,4880
4531,4536,4897
4597,5025,5098
4660,4863,4865
4671,4683,4955
4800,4931,4932
4961,5233,5253
38,42,421
307,309,822
1342,1448,1707
1697,1934,1975
1957,1995,2232
2191,2361,2423
2686,2836,2890
2787,3029,3035
2911,2916,3277
3031,3098,3335
3055,3203,3205
3377,3382,3430
3380,3716,3770
3419,3433,3801
3431,3922,3970
3600,3665,3790
3648,3690,3874
3915,4297,4402
4365,4551,4669
4395,4424,4623
4432,4436,4884
4681,5115,5182
4774,5216,5274
5257,5366,5367
119,129,139
508,661,1002
678,755,1060
707,1195,1246
849,854,1163
999,1001,1536
1594,1596,1937
1606,1756,1810
2249,2495,2558
2412,2417,2730
2727,2889,3276
2750,2794,2954
2829,2948,3253
2890,2891,3220
2920,3026,3313
3213,3267,3371
3320,3540,3644
3874,4126,4187
3920,4256,4310
3930,3933,4469
4064,4493,4565
4343,4571,4610
4530,4535,4852
4871,5016,5317
5220,5283,5497
103,105,477
224,228,361
816,881,1150
845,847,1341
964,1289,1500
1074,1230,1301
1271,1757,2081
1374,1377,1485
1587,2016,2026
1685,1727,1944
1686,1948,1988
1787,1789,2270
1822,2355,2481
1836,1837,2370
2113,2234,2348
2246,2478,2790
2381,2850,2872
2462,2466,2757
2715,2865,3289
3159,3161,3696
3219,3370,3707
3353,3354,3737
3421,3530,3817
3475,3891,3974
3735,3737,4132
3802,3860,4026
3875,4137,4246
4527,5014,5331
4740,4746,4895
4910,4954,5114
80,81,649
369,612,631
475,476,980
551,701,1025
655,1188,1373
1014,1016,1552
1172,1419,1480
1242,1257,1632
1363,1427,1701
1491,1927,1986
1716,1973,1999
1994,1997,2490
2207,2453,2492
2327,2649,2801
3303,3495,3556
3465,3467,3573
4104,4150,4386
4276,4434,4709
4335,4485,4909
4387,4593,4599
4433,4781,4817
4700,4746,4958
4765,4770,4888
4833,4887,4991
620,840,944
696,697,1023
739,1231,1278
834,839,1134
951,1106,1107
1065,1176,1217
1169,1436,1478
1382,1387,1701
1555,2005,2060
1848,2113,2205
1891,2369,2386
1948,1949,2483
2175,2397,2437
2542,2545,3078
2564,2722,2723
2798,3085,3125
2862,2865,2978
2963,3441,3459
3068,3505,3564
3316,3317,3662
3512,3513,4047
3976,4024,4285
4014,4079,4369
4280,4412,4439
4292,4452,4503
4765,4775,4888
4820,4952,4979
5280,5283,5407
17,26,498
563,791,830
642,921,1104
661,665,1108
955,974,976
1127,1307,1333
1174,1493,1529
1186,1489,1636
1346,1880,2005
2181,2346,2467
2256,2513,2539
2358,2360,2622
2436,2501,2770
2513,2612,2795
2518,2522,2765
2562,2618,2678
3065,3077,3339
3594,3842,3875
3654,3659,3876
3655,3708,3780
3720,4168,4228
3985,3986,4364
4190,4461,4727
4477,4479,4871
4667,4669,5163
4828,4981,5440
5184,5230,5466
172,181,336
279,411,621
580,1004,1011
728,733,1032
930,1089,1091
1106,1107,1446
1379,1674,1698
1420,1899,1916
1476,1479,2013
1489,1543,1609
1970,2504,2621
2587,2592,2716
2635,2768,2769
2690,2839,3288
2849,3181,3241
3007,3008,3542
3062,3305,3337
3284,3709,3716
3415,3740,3872
3630,3789,3791
3763,3918,3942
3823,4000,4393
3863,4095,4212
4048,4052,4378
4335,4485,4552
4773,4775,5281
4888,5053,5308
4909,5098,5216
4953,5210,5321
436,717,973
439,441,511
702,708,1039
845,1324,1341
866,1028,1030
870,875,1148
1684,1886,1892
1739,1744,1794
1847,1953,2205
2022,2080,2195
2149,2301,2570
2263,2548,2605
2267,2598,2630
2327,2810,3176
2635,3085,3140
2724,2885,3142
2856,2860,3133
3016,3028,3325
3187,3354,3398
3439,3926,4246
3644,3646,4139
3835,4024,4085
4005,4008,4273
4045,4046,4580
4466,4521,4857
4481,5016,5343
4839,4990,5444
4867,4960,5014
5033,5100,5105
5141,5145,5422
5173,5457,5498
5261,5304,5492
244,542,551
422,426,645
492,494,991
737,804,1109
960,972,1115
1138,1327,1347
1366,1367,1901
1371,1646,1681
1803,2130,2211
2279,2337,2661
2313,2698,2734
2339,2341,2451
2368,2369,2863
3219,3375,3695
3251,3396,3697
3295,3481,3500
3336,3596,3694
3346,3672,3705
3396,3397,3723
3726,3895,4073
3971,4304,4375
4022,4443,4516
4116,4122,4410
4281,4438,4494
250,255,334
1071,1231,1359
1113,1114,1418
1151,1359,1420
1912,2413,2573
2106,2275,2453
2210,2211,2568
2335,2819,3181
2584,2586,3120
3230,3384,3716
3415,3417,3899
3683,4122,4181
3712,3716,3828
3758,3912,4183
3864,4091,4117
3941,4322,4335
4106,4268,4270
4896,5077,5083
5157,5264,5497
735,749,1109
977,1122,1123
1372,1373,1873
1741,1745,2065
1883,2361,2379
2131,2254,2288
2477,2481,2763
3263,3421,3451
3397,3399,3791
3621,3680,3682
3700,3856,3857
3730,3947,4256
3740,3741,4181
4414,4666,4849
4427,4739,4790
4514,5047,5174
4618,5094,5119
9,10,599
341,345,454
512,667,722
803,1067,1070
1918,1920,2414
2057,2202,2203
2149,2570,2579
2728,2893,3148
2782,3070,3111
2856,2857,3183
2960,2964,3273
3056,3057,3591
3142,3425,3679
3369,3489,3749
3745,3981,4022
4069,4090,4095
4136,4137,4671
4288,4441,4900
4340,4497,4756
4405,4642,4648
4819,4907,4979
4905,5091,5209
244,246,773
530,684,1016
840,841,1374
876,881,1155
989,990,1488
997,1001,1136
1152,1183,1376
1390,1436,1697
1434,1682,1715
1785,1897,2209
1925,2144,2146
2289,2408,2713
2305,2310,2691
2527,2589,2799
2669,2833,2965
2771,2976,2994
2848,2852,3127
3018,3038,3043
3074,3232,3234
3175,3176,3680
3347,3678,3710
3380,3381,3770
3430,3431,3760
3702,3706,3820
3724,4175,4233
4043,4045,4539
4119,4181,4183
4304,4375,4457
4790,5275,5296
4861,5013,5341
4956,5279,5314
4963,5248,5305
5009,5010,5401
5134,5146,5470
83,542,555
621,848,966
886,987,1173
1116,1297,1457
1141,1338,1372
1268,1273,1572
1427,1429,1923
1534,1976,2034
1777,1779,2171
1951,2017,2239
1975,2453,2470
2133,2139,2372
2274,2275,2808
2339,2344,2684
2450,2453,2946
2491,2512,2517
2723,2881,3277
2938,3472,3596
3314,3547,3587
3965,3966,4499
3978,3980,4242
4005,4010,4365
4043,4517,4544
4173,4175,4262
4447,4454,4847
4459,4463,4740
222,227,573
297,322,328
351,423,637
420,423,547
464,756,1002
543,545,836
1060,1222,1230
1279,1771,1818
1872,1875,1982
2027,2039,2149
2182,2240,2406
3231,3391,3519
3436,3484,3745
3574,4075,4230
3626,3632,3736
3723,3725,4237
3766,3921,3971
3832,4017,4259
3901,3902,4244
4182,4202,4204
4665,4712,4948
4857,5005,5058
5014,5069,5408
5201,5475,5490
5208,5476,5493
115,510,591
751,789,1061
1130,1174,1334
1449,1689,1719
1726,2029,2047
1981,1983,2477
2232,2263,2456
2272,2276,2724
2363,2411,2676
3093,3097,3206
3355,3888,4073
3526,3527,4061
3987,4326,4359
4184,4617,4684
4356,4537,4543
4447,4449,4569
4867,4868,5247
4868,5065,5347
4941,5168,5286
4985,5358,5373
5028,5359,5412
5085,5088,5353
5193,5450,5479
168,170,712
437,438,934
556,709,970
715,1039,1127
1168,1405,1713
1229,1561,1621
1328,1752,1823
1370,1805,1866
1550,2035,2056
2068,2353,2605
2201,2384,2390
2272,2276,2599
2519,2566,2780
2729,2902,2909
2755,2965,3005
2886,3419,3547
2911,2947,3012
3006,3297,3321
3407,3895,3946
3668,3706,3886
3979,4316,4418
4400,4683,4724
4439,4444,4494
4562,4980,5062
4913,5105,5223
63,169,531
249,255,613
649,695,768
1068,1070,1452
1088,1239,1287
1215,1597,1702
1270,1271,1600
1636,2050,2058
2267,2575,2593
2449,2470,2475
2761,2958,2992
3732,3733,4083
4022,4283,4397
4049,4155,4387
4102,4636,4758
4148,4301,4303
4329,4331,4665
4339,4493,4559
4448,4505,4832
4473,4859,4946
4610,5041,5110
4636,4640,4902
4999,5004,5448
5282,5286,5505
77,83,438
110,117,545
161,750,917
406,408,427
830,1261,1330
884,886,987
1109,1282,1401
1160,1377,1438
1420,1623,1625
1433,1534,1620
1702,1924,1985
1743,1746,2282
1925,2401,2426
2104,2112,2114
2171,2316,2617
2256,2516,2614
2367,2369,2854
2567,2569,2623
2580,2592,2735
2809,2859,3187
3339,3611,3716
4715,4804,4892
4742,4781,4965
4859,4861,5198
5014,5019,5408
5244,5409,5410
31,35,207
323,327,443
534,717,761
728,777,1032
829,894,1141
885,889,1168
900,963,1177
1036,1194,1469
1255,1579,1667
1775,1800,1806
1914,1927,2238
1933,1934,2428
1952,2390,2448
1959,2021,2023
2082,2091,2200
2259,2531,2537
2521,2955,3022
2528,2765,2807
2561,2566,2792
2974,2986,3310
3145,3147,3225
3157,3185,3296
3250,3622,3632
3435,3449,3809
3500,3505,3844
3543,3547,3854
3798,3799,4132
3842,3843,4208
4008,4273,4365
4177,4286,4287
4457,4461,4846
4487,4808,4903
4692,4697,4944
4710,4712,5205
4807,4974,5018
4931,5160,5200
5056,5104,5365
5113,5118,5461
104,659,1021
290,791,808
304,306,633
691,1225,1359
694,699,1088
823,888,1153
1301,1613,1722
1321,1385,1684
1613,1722,1792
1861,1926,2213
2136,2289,2323
2253,2510,2621
2313,2699,2786
2500,2772,2803
2784,3011,3331
2825,3198,3213
2921,3233,3342
2927,3033,3285
3032,3286,3332
3032,3467,3532
3061,3214,3216
3143,3582,3641
3329,3575,3638
3348,3354,3726
3350,3355,3406
3487,3508,3513
3607,3671,3736
4000,4107,4361
4066,4067,4601
4153,4174,4176
4604,4811,4817
4625,5104,5121
4638,4703,4950
4671,4676,4955
5050,5051,5380
117,118,719
206,514,603
212,219,262
390,438,641
1633,1789,1828
1758,1834,2172
1835,2152,2196
1841,2153,2262
2004,2169,2170
2287,2292,2669
2760,2959,3119
2762,2763,3128
2939,2944,3293
3281,3464,3582
3378,3454,3792
3911,4251,4299
4736,5010,5239
4952,5199,5378
5171,5277,5491
5218,5222,5465
5305,5315,5428
198,200,736
333,449,529
402,840,899
490,706,1026
913,977,1047
1138,1352,1393
1432,1479,1709
1454,1689,1722
2014,2019,2261
2084,2086,2622
2085,2569,2590
2128,2281,2622
2313,2848,3179
2392,2394,2459
2422,2528,2787
2538,2552,2710
2844,3228,3324
2989,3055,3323
3865,4102,4218
4047,4049,4155
4080,4081,4614
4277,4437,4764
4430,4434,4810
4723,4726,5260
4906,4907,5261
120,139,565
194,196,604
243,268,274
299,582,625
470,959,974
472,473,544
1210,1211,1549
1224,1607,1651
1522,1524,2059
1585,1740,2189
1838,1842,2163
1903,1923,1928
1975,2236,2265
2118,2284,2292
2141,2226,2324
2181,2346,2353
2281,2286,2740
2611,2615,2804
2719,2873,2939
2850,2853,3389
3101,3106,3332
3682,3965,4219
3874,4126,4309
4004,4538,4662
4068,4115,4367
4070,4501,4570
4127,4606,4623
4180,4193,4298
4214,4251,4427
4468,4469,4799
4812,4971,5047
4828,4986,5310
5007,5082,5391
5078,5083,5441
234,312,316
244,554,628
286,345,617
600,799,805
695,768,1027
926,932,1036
2358,2359,2691
2558,2559,3052
2605,2607,2685
2661,2823,2875
2927,2988,2992
3162,3163,3222
3375,3910,4249
3460,3522,3527
3580,3582,4076
3762,3763,4214
3770,3924,4206
4096,4098,4164
4203,4327,4355
4309,4461,4730
4561,4626,4913
4936,4937,5282
4986,5366,5480
5047,5061,5425
5169,5171,5278
5272,5388,5389
307,760,827
624,854,957
709,710,1242
760,867,1121
977,1457,1474
1038,1204,1212
1057,1059,1446
1077,1225,1278
1145,1187,1404
1303,1304,1838
1455,1692,1711
1583,1697,1816
1668,1850,2094
1747,1752,2129
1868,2135,2266
2029,2083,2149
2264,2615,2644
2286,2822,3150
2371,2409,2681
2525,2529,2769
2647,2858,2986
3151,3155,3344
3172,3173,3244
3823,4003,4106
3991,3996,4357
4001,4467,4498
4170,4645,4670
4437,4815,4949
4464,4848,4944
4475,4549,4881
4602,4606,4903
4691,5225,5336
4795,5241,5302
168,690,712
526,730,1060
535,598,686
719,721,831
851,912,916
1009,1303,1547
1463,1465,1958
1517,1997,2014
1801,1911,2181
1803,2131,2254
2226,2422,2787
2359,2846,3166
2553,2557,2666
2700,3085,3116
2710,3082,3092
2893,2894,3427
3367,3372,3749
3511,3778,3781
3514,3526,3850
4160,4165,4418
4368,4550,4794
4724,5157,5224
4744,4746,5280
4843,4998,5412
5340,5471,5472
269,270,348
462,471,580
496,654,929
662,663,1048
986,1021,1183
1126,1172,1368
1599,1755,2091
1670,1714,1874
1831,1869,2141
1966,2028,2030
2069,2131,2132
3137,3189,3190
3282,3341,3522
3333,3590,3596
3618,3621,3713
3619,3658,3779
3628,3718,3736
3859,4114,4230
4085,4304,4306
4498,5031,5160
4516,4521,4825
4633,4634,5128
4905,5091,5097
4968,4974,5346
5238,5244,5409
5316,5321,5459
338,346,466
516,669,1093
667,681,1049
965,1440,1462
1161,1388,1394
1682,1683,2048
1732,1733,2079
1874,1878,2211
2069,2070,2568
2087,2091,2204
2577,2730,2731
2689,2841,3110
2710,2859,3082
2854,2858,2905
2905,2906,3167
3032,3035,3528
3372,3375,3911
3633,3635,3722
3650,3921,4187
3651,3757,3759
3925,3939,4311
3998,4010,4361
4112,4550,4608
4751,5227,5249
4855,4918,5006
5042,5044,5456
5079,5125,5431
4,93,476
174,180,574
192,201,354
271,510,512
330,345,633
348,353,605
1104,1522,1530
1146,1408,1448
1305,1317,1665
1385,1861,1886
1491,1646,1647
1618,1621,1846
1642,1700,1866
1819,2156,2258
1887,1889,1995
1888,1892,2218
2456,2502,2771
2476,2478,2544
2929,3244,3343
3036,3042,3330
3738,3904,4038
3791,3936,4376
3851,4056,4398
3979,3981,4466
4826,4828,5219
4996,5010,5380
5093,5097,5415
373,380,540
892,896,1169
1577,1732,2076
1628,1827,2091
1738,1743,2118
2399,2403,2674
2595,2660,2720
2599,2610,2724
2885,2886,3419
2888,2937,3192
2931,3465,3589
2932,2944,3289
3086,3088,3178
3401,3937,4218
3529,3550,3555
3773,3774,4220
4000,4062,4067
4413,4670,4676
4423,4708,4765
4441,4446,4900
4701,4793,4870
4728,4733,4954
334,826,843
431,547,548
519,675,995
694,698,745
1007,1011,1124
1251,1257,1637
1252,1303,1614
1310,1311,1845
1337,1650,1680
1461,1520,1522
2095,2096,2600
2350,2351,2680
2445,2722,2773
2591,2592,3087
2942,3360,3442
3332,3646,3683
3596,3597,4131
3749,3913,4045
3776,3878,3926
3861,4088,4094
4000,4106,4393
4156,4657,4801
4494,4496,4797
4627,4628,5162
4880,5037,5296
136,138,462
162,171,327
321,371,631
443,500,501
523,678,1092
681,684,1220
774,794,799
821,833,1153
835,873,1130
1368,1415,1667
1534,1605,1606
1588,1741,2200
1682,1726,1937
1985,1990,2259
2061,2131,2184
2102,2124,2216
2158,2161,2386
2439,2440,2974
2845,2847,2922
3477,3478,4012
3963,4453,4502
3983,4031,4296
4002,4323,4361
4291,4292,4728
4335,4489,4597
4433,4434,4817
4664,4676,4953
4683,4684,5218
4772,4856,4892
4841,4843,5184
5008,5012,5416
5079,5083,5431
5219,5223,5480
290,291,808
578,640,815
685,699,1071
824,1257,1320
1071,1231,1239
1133,1325,1443
1555,2001,2062
1749,1869,2129
2103,2105,2617
2250,2503,2509
2258,2520,2538
2564,3000,3059
2597,3077,3094
2705,2885,2929
2996,3042,3311
3226,3381,3431
3534,3537,3645
3712,3713,3784
3993,4100,4356
4095,4629,4752
4105,4170,4413
4124,4129,4413
4559,4561,4626
4729,4783,4849
4886,4887,5226
4949,5191,5495
