78,436,491
93,94,486
121,126,158
137,425,452
196,200,280
199,206,603
266,274,448
378,380,858
409,463,556
512,519,644
532,608,687
543,699,720
599,790,1002
609,921,982
718,982,1159
834,848,1112
931,1031,1098
957,1393,1410
1171,1179,1552
1171,1420,1455
1356,1374,1387
1413,1590,1591
1441,1442,1680
1448,1651,1663
1640,1795,2055
1684,1893,2002
1745,1911,2025
1841,2313,2335
1944,1946,2379
1961,1963,2234
2054,2056,2088
2074,2237,2244
2087,2094,2201
2104,2558,2574
2113,2114,2234
2167,2314,2631
2168,2318,2366
2191,2215,2356
2200,2377,2627
2229,2429,2494
2276,2445,2557
2438,2444,2789
2546,2556,2808
2577,3013,3030
2611,2642,2667
2616,2617,2753
2681,2965,3024
2731,2902,2964
2809,2845,3514
2862,2863,3327
2934,2938,3294
2969,2973,3312
3025,3028,3090
3200,3582,3641
3301,3499,3650
3367,3381,3422
3431,3920,4240
3488,3915,3987
3539,3764,3765
3636,3693,3722
3751,3752,4126
3768,4091,4156
3846,4109,4149
3870,4121,4127
3975,3980,3987
4051,4325,4474
4222,4253,4330
4336,4487,4749
4353,4354,4638
4438,4452,4494
4498,5046,5161
4508,4553,4970
4653,4905,4921
4666,4768,4845
4861,4963,5247
4888,4892,5047
5001,5004,5388
5027,5066,5186
5078,5091,5490
5228,5431,5443
5327,5334,5441
5427,5439,5463
7,120,139
142,147,671
265,283,961
393,453,482
443,444,586
518,601,613
543,544,643
560,625,627
572,965,992
690,693,1078
757,1304,1456
760,825,1102
834,848,1501
977,978,1122
1024,1478,1494
1071,1090,1147
1196,1246,1582
1217,1272,1679
1232,1559,1636
1251,1259,1914
1357,1787,1855
1382,1389,2040
1464,1705,1710
1638,1793,1865
1643,1806,1911
1729,1735,2441
1733,1736,2079
1788,2106,2208
1798,1865,1905
1815,1820,1827
1861,1882,1989
1905,2122,2126
1919,1925,2074
2006,2011,2117
2078,2136,2266
2177,2181,2238
2193,2194,2478
2312,2430,2544
2346,2725,3002
2349,2375,2692
2381,2661,2849
2396,2665,2777
2466,2468,2798
2511,2518,2740
2519,2566,2997
2554,2556,2595
2632,2633,2705
2666,3000,3059
2810,2815,2868
2822,3165,3334
2872,2875,3241
2897,2902,3273
2942,3366,3439
3002,3006,3013
3044,3057,3299
3123,3124,3340
3199,3201,3467
3201,3366,3720
3386,3393,4208
3592,3639,4111
3722,3724,3812
3778,3928,4259
3794,3795,4105
3797,3804,3859
3838,3848,3864
3943,3986,4363
3983,4029,4289
4194,4197,4397
4227,4304,4374
4267,4428,4607
4333,4349,4405
4348,4398,4399
4352,4745,4772
4450,4454,4715
4528,4569,4829
4547,4550,4608
4562,4563,4889
4647,4763,4907
4816,4870,4969
4857,5013,5325
4933,5113,5263
5005,5012,5415
5194,5217,5257
5280,5290,5413
5370,5450,5494
66,69,542
93,429,437
115,117,510
136,140,546
192,199,206
226,739,761
280,282,781
465,466,949
541,643,927
556,710,973
561,734,848
759,764,804
832,873,1125
899,904,945
923,925,1398
1057,1211,1535
1107,1274,1337
1160,1172,1376
1191,1194,1268
1252,1299,1766
1426,1528,1605
1435,1436,1909
1463,1464,1705
1792,1795,2161
1815,1828,2476
1844,1907,1947
1897,1898,2172
2001,2345,2599
2014,2054,2532
2526,2528,2755
2574,2576,2612
2704,2771,2772
2868,3201,3287
2884,2999,3147
2941,2960,2972
2942,3237,3362
3031,3054,3302
3096,3364,3643
3105,3318,3337
3174,3292,3465
3356,3525,3637
3640,3650,3749
3642,3660,3672
3726,3896,4070
3726,3904,4072
3771,3938,4060
3882,4222,4253
3910,3915,4235
3995,4149,4248
4014,4035,4142
4078,4113,4414
4205,4406,4637
4325,4354,4474
4492,4495,5009
4514,4892,4941
4638,4641,4703
4694,4697,5129
4756,4872,4947
4793,4863,4932
4804,4805,5255
4841,4925,4967
4975,5147,5367
4989,5064,5130
5004,5498,5502
5074,5075,5380
5081,5328,5502
5108,5111,5374
5143,5146,5207
5186,5394,5419
5387,5430,5484
5455,5466,5482
272,454,595
337,483,589
452,454,635
650,709,1246
711,719,1158
764,1125,1170
981,1050,1130
1094,1249,1313
1119,1143,1292
1272,1617,1678
1323,1325,1596
1369,1372,1682
1396,1403,1640
1519,1525,1799
1591,1714,1802
1647,1811,1834
1669,1856,1975
1775,1825,1848
1808,1811,2117
1865,2219,2255
1890,2173,2205
1903,2462,2586
2014,2018,2490
2043,2051,2168
2261,2267,2532
2332,2338,2382
2341,2452,2726
2370,2384,2791
2407,2429,2535
2409,2522,2623
2602,2886,3148
2635,3083,3101
2669,2680,2960
2713,2906,3026
2765,3119,3134
2772,2979,2996
3136,3264,3411
3160,3161,3642
3262,3263,3537
3387,3413,3525
3419,3424,3835
3421,3426,3806
3499,4040,4196
3506,3546,3833
3531,3807,3862
3785,3966,4008
3826,4122,4181
3947,4209,4217
4148,4351,4363
4208,4246,4729
4507,4512,4519
4673,4738,4859
4817,5303,5320
4974,4977,5351
5038,5145,5453
5049,5075,5392
5147,5208,5481
5189,5424,5479
5351,5355,5489
112,153,160
179,668,701
276,285,960
310,337,387
425,603,626
786,788,1208
788,998,1005
802,865,931
836,881,1150
845,1299,1322
901,903,1335
967,976,1242
993,1109,1115
1059,1514,1534
1342,1451,1689
1374,1388,1652
1578,1747,1879
1738,1753,2220
1761,1764,2299
1800,1848,2107
1914,1919,1925
2118,2138,2221
2123,2125,2449
2289,2364,2430
2356,2404,2820
2480,2482,2743
2518,2522,2528
2577,3013,3074
2595,2596,2792
2664,2776,2777
2767,2770,3086
2779,2994,3148
2837,2840,3345
2842,3231,3507
2858,2860,3197
2895,2908,3556
2949,2950,3223
3189,3282,3283
3233,3308,3309
3235,3237,3297
3260,3418,3679
3295,3459,3482
3410,3800,3867
3501,3506,3546
3528,3570,3814
3534,3548,4201
3556,3569,3800
3616,3675,3747
3642,3646,3700
3872,3882,4118
3958,4222,4399
3986,4267,4364
4081,4401,4741
4228,4345,4352
4283,4609,4635
4327,4478,4525
4349,4355,4403
4349,4528,4642
4391,4597,4618
4402,4625,4688
4453,4849,4920
4665,4667,4903
4720,4730,4829
4806,4827,4933
5012,5130,5244
158,684,707
183,201,891
222,227,626
308,310,632
329,335,460
330,346,599
402,404,837
797,799,1111
907,928,1018
934,938,1410
1010,1164,1181
1071,1080,1090
1089,1091,1094
1156,1482,1504
1216,1231,1687
1354,1367,1587
1382,1386,1718
1437,1532,1620
1456,1710,2097
1555,1706,1712
1603,1762,1835
1641,1645,1922
1685,2035,2056
1762,2311,2433
1793,2399,2523
1800,1806,1848
1804,2145,2214
1833,1942,2202
1851,2398,2510
1919,1921,2215
1947,1949,2207
1968,2233,2241
1980,2044,2167
2021,2060,2246
2450,2451,2737
2554,2594,2784
2608,2725,2732
2635,2636,2693
2698,2909,2926
2797,3062,3068
3094,3134,3324
3141,3142,3212
3204,3205,3316
3383,3664,3828
3401,3624,3868
3490,3997,4151
3515,3557,3807
3560,3562,3881
3623,3819,3851
3735,4111,4137
3774,3931,4002
4019,4023,4028
4127,4339,4375
4132,4179,4651
4176,4444,4723
4232,4317,4418
4404,4633,4650
4476,4477,4758
4541,4543,4853
4598,4604,4949
4607,4806,4827
4678,4691,4904
4693,4697,4714
4728,4766,5205
4800,5250,5309
4806,4807,4933
4826,4940,4981
4828,4954,4966
4845,4914,4915
4852,5129,5194
4865,5046,5088
5074,5350,5390
5091,5339,5490
5227,5230,5291
38,145,146
71,971,986
78,482,504
199,516,603
251,253,712
271,272,589
374,377,423
427,429,437
472,479,765
511,668,1025
554,865,890
752,754,1217
1148,1164,1348
1279,1505,1532
1437,1477,1699
1445,1456,1668
1471,1571,1638
1483,1753,2030
1671,1683,1700
1674,1675,1973
1739,1796,2212
1745,1794,2133
1832,1837,1877
1852,1859,2255
1991,2536,2634
2336,2671,2750
2387,2953,3113
2409,2528,2683
2508,2515,2620
2603,2780,2996
2695,2696,2758
2900,2907,3279
2957,2959,3271
3084,3325,3330
3096,3198,3218
3128,3130,3163
3129,3130,3341
3146,3149,3585
3201,3362,3720
3271,3412,3439
3428,3473,3730
3910,3914,4175
3933,4420,4423
3953,4067,4342
4001,4003,4313
4078,4079,4369
4078,4080,4370
4247,4252,4538
4357,4373,4417
4382,4575,4642
4430,4489,5026
4448,4504,4916
4458,4537,4852
4463,4464,4895
4569,4570,4843
4609,4632,4898
4649,4670,4711
4658,4705,5178
4929,5129,5194
4988,4993,5044
5015,5091,5353
5024,5030,5075
5155,5161,5428
19,20,100
119,127,137
192,208,355
331,387,627
434,437,624
459,593,635
505,537,662
541,640,643
731,1070,1502
824,1045,1199
1008,1010,1100
1061,1145,1187
1116,1121,1417
1406,1614,1639
1719,1957,2094
1803,2061,2254
1858,2103,2253
1993,2013,2026
2112,2114,2555
2133,2186,2242
2138,2149,2287
2144,2401,2426
2155,2306,2626
2248,2489,2551
2338,2886,3001
2491,3051,3166
2630,2631,3115
2684,2754,2796
2839,2866,2868
2882,3367,3505
2922,3231,3257
2938,2999,3300
3236,3391,3438
3395,3445,3468
3418,3966,4081
3464,3714,3871
3483,3488,3843
3521,3525,3860
3528,3532,3573
3567,3569,3872
3574,3637,3875
3692,3777,3878
3960,3963,4331
4079,4081,4416
4280,4412,4494
4453,4579,4849
4863,5015,5046
4866,4868,4898
4871,4961,4964
4997,5000,5505
5041,5071,5076
5142,5147,5187
5212,5217,5257
5214,5215,5483
5222,5330,5466
5291,5466,5488
2,58,239
8,13,393
55,691,813
122,129,189
134,140,573
172,178,188
402,838,901
520,691,813
529,684,952
563,723,788
665,714,1053
747,749,1087
806,1353,1462
811,812,1078
871,874,1046
1052,1215,1564
1143,1336,1399
1168,1180,1404
1202,1508,1714
1231,1232,1635
1277,1346,1653
1360,1469,1567
1398,1416,1429
1560,1714,1965
1602,1603,1685
1602,1727,1758
1729,1734,1825
1763,1884,2038
1772,1890,2004
1819,2045,2072
1909,1929,1941
1924,1928,2148
2023,2293,2570
2032,2150,2244
2040,2041,2189
2092,2097,2385
2169,2248,2316
2255,2524,2624
2366,2647,2744
2367,2583,2591
2385,2392,2793
2584,2716,2863
2704,2705,3088
2749,2939,3057
2781,2783,3120
2878,3261,3318
2882,2886,3224
2897,2918,2930
2931,3033,3301
3196,3250,3349
3296,3482,3722
3375,4234,4250
3419,3434,4082
3750,3908,4265
3772,4049,4114
3825,4008,4127
3919,4253,4324
3997,4544,4696
4018,4130,4376
4022,4446,4519
4282,4288,4501
4288,4445,4768
4555,4798,4804
4563,4818,4889
4598,4872,4909
4689,4795,4928
4728,4767,4953
4955,5218,5324
5012,5058,5402
5129,5191,5257
5190,5235,5467
5403,5404,5471
5409,5414,5415
11,460,941
206,209,515
213,249,518
289,579,640
364,411,621
377,423,637
405,411,530
422,458,518
574,598,743
588,771,1017
660,785,1054
776,895,1045
1029,1190,1556
1065,1176,1270
1109,1288,1402
1122,1457,1474
1187,1474,1497
1287,1777,2090
1341,1343,1585
1383,1388,1428
1403,1414,1644
1503,1505,1717
1528,1641,1698
1529,1967,2031
1607,1608,1651
1858,2399,2517
2043,2045,2257
2112,2146,2273
2150,2585,2635
2158,2161,2193
2201,2204,2208
2210,2211,2506
2275,2328,2634
2289,2323,2329
2311,2433,2542
2325,2440,2718
2387,2391,2750
2422,3023,3144
2445,2564,2723
2484,2529,2764
2506,2572,2688
2571,2573,3004
2583,2710,2797
2658,2825,2956
2688,3011,3076
2712,2871,3034
2716,3129,3137
2813,3160,3641
2838,2841,2864
2975,3017,3267
3006,3298,3338
3026,3027,3313
3129,3130,3190
3183,3293,3299
3235,3491,3508
3267,3457,3497
3359,3414,3721
3408,3415,3572
3412,3415,3929
3618,3629,3727
3649,3667,3678
3658,3778,3813
3682,3713,3790
3755,4189,4210
3906,4177,4184
3972,4317,4378
4100,4356,4390
4112,4113,4381
4130,4263,4369
4144,4691,4789
4177,4184,4288
4263,4373,4379
4388,4593,4695
4487,4526,4646
4900,4955,4957
4906,4952,5087
5009,5306,5500
5028,5030,5447
5251,5258,5357
5319,5453,5495
5441,5448,5491
222,238,550
538,539,574
557,726,841
739,741,1075
775,776,1026
852,971,1119
855,1109,1115
1028,1300,1367
1043,1203,1276
1213,1214,1610
1433,1498,1619
1478,1479,1638
1603,1790,1835
1604,1757,2081
1851,2209,2253
2061,2069,2132
2130,2132,2394
2183,2343,2363
2214,2401,2426
2302,2700,2764
2683,2715,2739
2706,2707,2800
2797,3071,3169
2835,3105,3111
2887,2895,3549
2894,2917,2957
3020,3022,3341
3050,3597,3699
3088,3092,3180
3168,3240,3260
3180,3181,3628
3249,3397,3678
3370,3371,3695
3394,3449,3985
3671,3672,4147
3698,3705,3756
3772,4052,4110
3899,3902,4423
4015,4017,4431
4018,4263,4413
4133,4159,4165
4302,4303,4735
4319,4353,4354
4428,4444,5113
4674,4675,4943
4783,4784,4967
4981,4982,5310
5192,5405,5423
5275,5279,5294
5293,5302,5417
5309,5310,5450
5342,5367,5432
178,181,492
244,245,589
297,377,549
424,556,703
458,460,518
491,653,984
514,602,646
687,764,1083
796,1244,1271
860,862,1123
887,1364,1385
888,1000,1157
894,895,1141
1131,1318,1379
1198,1207,1872
1213,1339,1490
1294,1295,1600
1300,1363,1428
1306,1352,1824
1374,1388,2041
1579,1850,1908
1601,1686,1758
1868,1869,2129
1872,1877,2244
1893,2151,2170
2035,2039,2090
2048,2051,2242
2073,2189,2195
2118,2285,2416
2194,2218,2363
2195,2368,2587
2291,2594,3114
2331,2336,2343
2409,2410,2683
2499,2602,2671
2519,2521,2751
2613,2735,2895
2649,2742,2743
2660,2819,3181
2694,2697,2731
2837,2844,3345
2988,3030,3274
3160,3182,3205
3252,3408,3572
3274,3447,3469
3284,3708,3715
3355,3738,4033
3420,3468,3727
3489,3763,3846
3549,3556,3796
3583,3624,3865
3687,3766,3876
3731,3798,3869
3734,3894,3968
3740,3904,3954
3813,4101,4118
3841,4071,4191
3895,4067,4176
3982,4004,4044
4335,4558,4598
4403,4632,4639
4480,4756,4916
4640,4903,4961
4673,4676,4774
4734,4737,5170
5073,5076,5179
5410,5464,5467
259,289,578
344,345,503
431,908,930
468,469,534
508,665,1004
555,591,611
630,631,1017
630,881,887
691,1238,1360
692,693,1132
855,1096,1165
1068,1110,1111
1091,1240,1563
1146,1162,1341
1206,1477,1700
1225,1232,1635
1412,1643,1800
1454,1891,1952
1601,1602,1686
1784,1787,2300
1804,1806,2215
1841,2088,2095
2022,2043,2167
2109,2202,2203
2110,2143,2150
2110,2273,2635
2159,2161,2193
2219,2253,2255
2268,2269,2773
2375,2680,2712
2385,2388,2774
2412,2420,3079
2457,3058,3171
2462,2466,2473
2463,2465,2940
2499,2560,2573
2505,2547,2766
2702,2865,2938
2735,3123,3131
2769,3085,3140
2968,2973,3012
3148,3178,3196
3160,3320,3338
3194,3639,3691
3230,3342,3620
3242,3396,3723
3258,3329,3413
3355,3476,3805
3408,3410,3741
3464,3825,3870
3468,3475,3854
3473,3478,3518
3629,3747,3888
3779,3928,4259
3909,4030,4301
4091,4094,4197
4190,4227,4413
4276,4435,4713
4299,4774,4790
4304,4305,4416
4337,4340,4344
4353,4641,4658
4368,4549,4793
4394,4604,4625
4449,4452,4523
4574,4616,4875
4604,4821,4825
4654,4888,4938
4660,4695,4800
4776,4784,5071
4797,4798,4812
4852,5007,5038
4891,4903,4926
4926,4948,4960
5312,5313,5397
87,131,856
184,220,272
208,750,911
254,563,620
505,664,783
513,729,757
525,677,1001
553,556,625
818,938,1099
874,1374,1528
923,925,1079
926,936,1026
1167,1407,1523
1367,1428,1701
1378,1380,1590
1402,1442,1680
1613,1767,1798
1646,1647,1924
1748,1753,1804
1766,1773,2588
1780,2056,2216
1785,1900,2178
1809,1879,2190
1851,1963,2212
1867,1890,2174
1928,2475,2584
1929,1932,1939
2021,2064,2499
2134,2415,2482
2142,2298,2330
2153,2541,2602
2236,2237,2562
2364,2368,2714
2479,2480,2736
2527,2548,2638
2671,2833,2882
2840,2843,3275
2853,3671,3720
2914,2916,3222
2967,2970,3328
2985,2987,3263
3228,3270,3271
3315,3344,3523
3328,3340,3564
3369,3943,4108
3495,3498,3557
3593,3930,4159
3763,3795,3819
3848,3849,4161
3899,3902,4766
3931,4330,4387
3966,4081,4228
4033,4061,4720
4082,4095,4740
4154,4591,4608
4331,4757,4804
4405,4649,4756
4454,4464,4583
4506,4888,4938
4516,4519,4982
4530,4538,4951
4539,4541,4857
4563,4674,4778
4891,5032,5059
4893,4946,5064
5103,5108,5463
5474,5482,5494
50,55,373
92,474,499
107,561,618
215,301,353
245,552,589
386,866,887
420,421,569
437,438,582
443,880,944
645,920,944
652,1331,1536
929,1018,1108
992,993,1077
1038,1213,1339
1210,1215,1535
1214,1215,1664
1282,1304,1344
1294,1329,1448
1306,1348,1596
1353,1690,2006
1411,1434,1682
1445,1456,2092
1469,1528,1558
1569,1993,2016
1598,1609,1747
1884,1886,2246
1924,1927,2031
1960,2414,2437
2006,2013,2106
2145,2146,2214
2274,2277,2812
2302,2851,2973
2303,2584,2634
2306,2309,2806
2368,2870,3029
2375,2381,2768
2395,2396,2725
2401,2468,2757
2465,2942,2963
2529,2692,2693
2709,2856,3183
2799,3076,3174
2821,2826,3150
2857,2860,3260
2928,2931,3314
2959,3304,3619
3098,3317,3528
3117,3118,3331
3241,3343,3627
3337,3602,3608
3338,3604,3663
3348,3358,4033
3382,3432,3839
3407,3409,3729
3626,3633,3726
3693,3815,3975
3757,3910,4249
3818,3993,4060
3855,4063,4088
3890,3946,4256
3896,4065,4177
4109,4149,4384
4159,4187,4300
4215,4216,4281
4274,4424,4431
4553,4555,4970
4612,4635,4674
4624,4628,4848
4735,5037,5293
4768,5054,5313
4875,4911,4931
4927,5130,5137
4934,5121,5144
5014,5018,5066
88,121,126
100,194,250
203,258,720
289,292,640
321,356,474
321,357,588
646,951,971
698,1195,1367
731,733,1065
844,950,1068
880,882,1356
1005,1467,1491
1081,1232,1559
1136,1322,1562
1210,1214,1475
1213,1490,1680
1325,1657,1978
1347,1360,1576
1370,1371,1657
1595,1752,1823
1745,2139,2187
1808,1853,2270
1863,1974,2078
1959,2292,2560
1977,2524,2624
2056,2338,2599
2057,2058,2109
2166,2168,2198
2181,2344,2465
2220,2221,2567
2236,2562,2584
2252,2500,2564
2362,2863,3022
2527,2531,2649
2544,2711,2788
2764,2967,3082
2801,3074,3098
2925,2928,3314
3080,3126,3600
3192,3357,3377
3194,3635,3693
3275,3448,3670
3336,3597,3692
3390,3393,3778
3392,3670,3832
3404,3407,3920
3524,3745,3899
3606,3648,3854
3944,3995,4300
4175,4179,4264
4270,4277,4760
4276,4330,4429
4295,4426,4449
4333,4487,4526
4360,4537,4787
4361,4365,4410
4405,4643,4756
4548,4551,4934
4616,4658,4899
4665,4711,4947
4745,4746,4917
4766,4768,4798
4768,4881,4938
4830,4988,5345
4833,4991,5315
4896,4901,4951
4956,5215,5277
5066,5329,5347
4,9,440
27,28,567
204,208,578
206,548,671
208,464,637
248,254,402
407,446,628
489,913,936
509,520,604
583,764,867
595,806,846
633,891,999
659,662,1526
660,1275,1401
669,744,810
679,706,708
789,790,1146
1095,1247,1315
1150,1367,1476
1347,1354,1576
1357,1787,1808
1435,1436,1583
1614,1651,1766
1766,1816,2282
1795,1797,2119
1977,2518,2624
1993,2017,2126
2290,2613,2687
2298,2301,2374
2430,2433,2715
2462,2475,2735
2540,2543,3017
2556,2824,3103
2651,2877,2940
2777,3015,3054
3019,3223,3255
3069,3071,3342
3202,3208,3262
3257,3261,3534
3283,3527,3567
3419,3427,3861
3465,3478,3873
3703,3704,3887
3707,3712,3998
3778,3781,3984
3833,3991,4144
3913,4300,4384
3945,4060,4338
3959,3967,4622
4025,4137,4379
4070,4073,4282
4365,4369,4413
4454,4577,4732
4512,4626,4772
4572,4573,4849
4581,4583,4825
4663,5210,5343
4691,4896,4904
4807,4816,4870
4980,4983,5056
5003,5284,5334
5088,5352,5474
5178,5242,5409
5227,5290,5349
5236,5452,5490
122,185,490
401,509,529
563,723,743
598,766,788
605,805,864
623,852,971
629,641,870
683,811,1081
726,1105,1382
732,1077,1138
773,775,1190
881,1154,1184
947,952,957
965,966,1440
981,1058,1170
1032,1195,1316
1156,1369,1395
1210,1843,2087
1234,1241,1727
1460,1503,1717
1488,1526,1965
1521,1529,1592
1735,1788,2094
1739,1746,2606
1775,1779,1800
1917,2518,2631
1974,1977,2266
2284,2362,2403
2286,2557,2564
2382,2705,2771
2454,2459,2465
2500,2715,2751
2614,2615,2754
2892,2899,3013
3089,3355,3633
3129,3137,3190
3159,3490,3702
3239,3241,3558
3267,3434,3497
3294,3593,3656
3318,3539,3545
3348,3349,3853
3363,3366,3746
3385,3392,3401
3427,3432,3838
3468,3732,3854
3521,3525,3530
3601,3603,4035
3707,3708,3774
3749,3916,4046
3908,3915,4771
4234,4235,4374
4267,4435,4607
4280,4659,4723
4323,4325,4392
4526,4528,4903
4650,4697,5129
4706,4716,4968
4925,5275,5296
4972,4977,5304
5016,5296,5351
5031,5039,5478
5187,5303,5447
5206,5267,5279
5254,5256,5295
5257,5258,5495
111,118,261
165,256,308
501,508,986
527,679,1014
640,885,908
734,1112,1161
737,806,1113
742,783,1038
745,748,1028
757,820,860
810,813,1095
857,902,1140
866,867,1153
870,915,1147
930,931,1173
1037,1523,1540
1125,1308,1427
1196,1644,1679
1220,1223,1655
1226,1231,1280
1329,1330,1603
1363,1384,1492
1616,1980,2002
1756,1771,2227
1818,1819,2086
1868,2295,2367
2082,2087,2196
2116,2277,2551
2143,2330,2375
2150,2585,2600
2158,2369,2386
2327,2366,2486
2339,2344,2351
2384,2424,2729
2391,2749,2793
2398,2753,2795
2426,2466,2753
2431,2432,2904
2508,2510,2805
2539,2578,2701
2583,2708,2800
2669,2834,2844
2724,2886,3148
2812,3142,3202
2829,2906,3188
2929,3368,3401
3088,3089,3194
3093,3103,3358
3110,3382,3656
3175,3623,3641
3192,3193,3523
3323,3562,3670
3350,3357,3882
3351,3967,4094
3453,3518,3798
3595,3838,4026
3705,3880,4146
3890,3897,4760
4036,4484,4511
4197,4199,4631
4203,4326,4358
4255,4406,4412
4271,4277,4338
4283,4440,4522
4325,4506,4548
4346,4402,4509
4471,4593,4870
4491,4496,4503
4544,4696,4794
4647,4649,4907
4853,5245,5300
5035,5368,5503
5105,5166,5464
5107,5110,5438
5250,5252,5409
5407,5408,5438
5417,5424,5479
5445,5448,5452
1,17,793
5,13,94
22,239,248
68,71,538
105,115,591
164,227,569
186,190,271
324,328,511
337,891,999
483,599,779
509,682,806
557,564,619
661,666,990
742,1093,1396
874,1108,1158
1232,1510,1559
1234,1289,1825
1250,1640,1707
1268,1271,1577
1280,1611,1660
1515,1523,1581
1539,1870,2084
1712,1722,1958
1714,1970,2067
1730,1737,2600
1943,1947,1952
1965,2007,2226
2121,2154,2309
2148,2474,2532
2247,2487,2492
2281,2286,2610
2385,2388,2395
2424,2426,2786
2576,2680,2764
2587,2593,2862
2593,2602,2871
2619,2950,3162
2714,2788,2865
2720,3135,3143
2733,3018,3043
2931,2992,3033
3008,3323,3660
3040,3075,3180
3044,3051,3299
3156,3164,3451
3202,3425,3486
3285,3289,3584
3377,3428,3893
3565,3568,3630
3621,3625,3715
3658,3781,3866
3792,3793,3867
3959,3964,4375
4051,4052,4524
4269,4430,4796
4295,4729,4750
4307,4460,4746
4309,4380,4381
4474,4523,4991
4491,4506,4938
4498,4654,4762
4524,4547,4653
4625,4627,5101
4737,4738,4951
4755,4756,4952
4804,4805,4814
4822,4883,4981
4825,4986,5006
4890,5061,5079
4950,5201,5344
5088,5201,5338
5154,5155,5428
5180,5182,5501
5250,5443,5474
2,15,82
25,26,661
27,140,199
140,575,623
233,236,258
292,556,625
299,488,489
463,523,647
486,498,793
506,662,990
520,683,811
560,975,983
683,1079,1113
691,1090,1147
740,852,963
800,813,1090
813,1036,1150
815,820,860
1002,1007,1116
1022,1047,1112
1052,1264,1563
1140,1144,1459
1162,1174,1383
1204,1598,1681
1222,1496,1684
1266,1645,1701
1326,1328,1592
1420,1455,1723
1476,1598,1738
1637,1641,1914
1654,1851,1890
1713,1715,2076
1713,1977,2079
1730,1789,2326
1762,1886,2160
1796,2118,2212
2117,2603,2620
2149,2572,2577
2207,2391,2493
2290,2627,2636
2381,2628,2802
2417,2725,2736
2528,2529,2787
2597,2598,2649
2902,3015,3275
3017,3059,3494
3224,3294,3336
3330,3331,3717
3439,3781,4208
3560,3677,3823
3606,3611,3652
3696,3704,3817
3724,4178,4234
3739,3826,3872
3755,3756,3842
3898,3907,4572
3932,4210,4259
4016,4285,4397
4163,4616,4639
4277,4436,4762
4302,4303,4385
4382,4733,4748
4409,4630,4652
4419,4657,4794
4447,4462,4924
4537,5078,5236
4689,4694,4962
4691,4908,4951
4767,4774,4846
4778,4785,4836
4797,4798,4804
4829,4994,5123
4841,4842,4926
4878,5195,5212
4887,5024,5051
5011,5242,5467
5185,5208,5476
5350,5383,5390
5374,5375,5506
5429,5432,5435
17,28,567
88,159,520
123,220,570
176,793,953
182,201,346
275,284,420
280,281,604
352,353,600
377,698,926
431,606,628
459,580,751
493,615,644
505,559,659
578,753,820
654,657,1035
655,1047,1153
751,757,1445
850,892,1127
915,1147,1159
1031,1257,1320
1045,1206,1279
1113,1289,1306
1215,1727,2034
1226,1278,1546
1297,1661,1957
1378,1413,1529
1404,1406,1839
1404,1409,1449
1454,1457,1889
1481,1520,1958
1563,1679,1859
1724,2018,2034
1730,1786,2096
1796,1953,2061
1841,1843,2153
1853,1858,1898
1886,1926,2213
1936,1943,2180
1964,1971,2219
1991,2196,2204
2172,2331,2494
2270,2273,2802
2326,2634,2659
2338,2405,2445
2420,2427,2710
2531,2748,2791
2612,2697,2798
2669,2834,2963
2847,2851,3243
2998,3033,3334
3006,3013,3125
3349,3385,4054
3382,3383,3814
3453,4054,4179
3580,3582,3783
3644,3645,3858
3682,3966,4225
3714,3825,3832
3719,3825,3870
3749,3914,4043
3853,4065,4184
4033,4039,4309
4131,4144,4360
4194,4231,4409
4273,4431,4514
4425,4724,4745
4434,4437,4972
4441,4782,4791
4444,4829,5112
4480,4803,4880
4628,4895,4943
4704,4862,4874
4916,4919,5099
5008,5290,5402
5013,5243,5278
5081,5328,5335
5200,5235,5503
5220,5224,5407
5233,5296,5360
5365,5431,5455
129,742,855
148,552,863
153,161,905
158,207,606
239,249,393
369,370,611
407,410,843
452,537,638
457,460,482
462,463,523
463,465,529
536,638,738
536,686,1006
823,1382,1506
899,941,1151
988,1112,1267
1024,1025,1475
1029,1195,1246
1085,1238,1308
1118,1296,1355
1161,1395,1504
1231,1778,1900
1243,1247,1286
1247,1248,1566
1377,1381,1597
1411,1415,1478
1446,1488,1694
1497,1499,1931
1594,1875,1942
1634,1948,1965
1803,1805,2131
1890,2162,2169
1896,1963,2235
1960,1995,2263
2028,2031,2463
2104,2256,2512
2181,2184,2188
2333,2401,2466
2437,2438,2749
2457,2460,2519
2644,2789,2796
2657,2816,3142
2710,2858,3086
2777,2789,2988
2811,2814,2935
2830,2905,2906
2842,2843,3274
2847,3411,3540
2884,3183,3209
2999,3154,3295
3082,3398,3629
3107,3116,3220
3240,3393,3658
3280,3335,3337
3333,3597,3699
3518,3792,3829
3532,3738,3758
3588,3853,3861
3606,3608,4041
3822,3881,4000
3904,4072,4298
3940,4216,4376
3971,4310,4425
4014,4081,4374
4068,4110,4546
4219,4228,4341
4227,4229,4309
4286,4288,4617
4354,4551,4590
4366,4412,4547
4451,4452,4990
4452,4455,4837
4457,4513,5050
4691,4732,4941
4698,4706,4807
4702,4807,4816
4840,5003,5131
4938,4941,5281
4940,4958,4965
5011,5012,5415
5038,5302,5479
5043,5301,5494
5067,5069,5407
5175,5236,5278
5399,5433,5434
24,25,450
293,310,436
319,320,479
447,449,633
498,667,799
576,580,584
640,911,969
676,690,730
887,1341,1364
1040,1041,1419
1130,1131,1426
1177,1445,1549
1184,1478,1494
1364,1581,1585
1428,1540,1697
1463,1939,1960
1745,1746,2188
2038,2161,2246
2057,2058,2533
2073,2102,2127
2089,2208,2378
2132,2291,2644
2261,2512,2534
2419,2700,2764
2476,2483,3133
2644,2645,3095
2669,2689,2760
2697,2849,3165
2730,3011,3076
2780,2998,3061
2947,2950,3278
3186,3187,3521
3331,3580,3615
3333,3335,3696
3338,3345,3599
3341,3592,3614
3478,3836,3873
3542,3546,3553
3635,3692,3776
3727,3895,4067
3763,3766,3807
4044,4046,4354
4067,4612,4723
4074,4088,4741
4128,4240,4397
4142,4301,4302
4152,4156,4198
4266,4436,4446
4275,4655,4672
4349,4520,4639
4590,4593,4875
4618,4620,5094
4704,4945,4950
4814,5259,5311
4889,5068,5182
5182,5420,5487
14,564,599
212,248,397
223,277,559
301,869,976
307,309,488
312,316,369
349,350,398
463,521,605
569,703,862
587,832,873
707,708,1026
724,731,845
888,895,1185
922,1071,1147
942,943,1055
1030,1248,1554
1039,1041,1307
1120,1294,1543
1138,1330,1392
1174,1430,1527
1189,1225,1690
1223,1504,1554
1230,1233,1618
1510,1632,1640
1575,1951,1977
1587,1690,1693
1590,1854,1879
1645,1649,1703
1709,1952,1975
1772,2176,2212
1832,1878,2349
1929,1932,2260
1954,1977,2017
2107,2277,2320
2205,2392,2510
2385,2398,3044
2429,2432,2490
2455,2483,3139
2490,2492,2926
2496,2504,2756
2498,2500,2739
2765,2766,3115
2777,2784,2796
2799,3069,3074
2824,3209,3492
2844,3342,3620
3024,3029,3069
3226,3382,3432
3257,3261,3318
3338,3622,3663
3442,3555,3664
3494,3499,3539
3527,3726,3747
3736,3895,4173
4044,4051,4406
4111,4114,4286
4135,4378,4566
4149,4151,4388
4232,4234,4320
4257,4258,4264
4301,4302,4427
4307,4521,4539
4322,4335,4476
4484,4490,4535
4506,4885,5162
4677,4900,4957
4694,4695,4939
4792,4799,5085
4962,5242,5333
4979,5034,5341
5294,5297,5484
86,91,293
96,191,245
182,192,338
310,552,560
341,416,452
348,353,647
382,386,606
464,577,637
876,884,1136
922,1036,1189
1143,1160,1334
1312,1319,1971
1364,1366,1638
1391,1957,2101
1414,1637,1644
1423,1964,2103
1497,1499,1650
1833,1837,2202
1865,1886,1926
1982,2220,2245
1984,2525,2629
2007,2048,2526
2055,2119,2206
2389,2390,2703
2407,2427,2439
2451,2452,2782
2578,2698,2733
2652,2686,2813
2883,3371,3724
2906,3020,3129
2934,3001,3294
2990,2993,3421
3048,3313,3321
3354,3357,3731
3446,3566,3730
3478,3518,3792
3508,3550,4026
3552,3559,3671
3712,3719,4005
3713,3714,3785
3799,3835,3854
3854,4064,4085
3867,4075,4222
3890,3893,4422
3904,4183,4381
3916,3923,3933
3947,4277,4760
3980,4311,4360
4009,4292,4331
4202,4205,4400
4365,4548,4555
4409,4677,4717
4436,4884,4919
4527,4871,4967
4696,4950,5337
4867,5018,5065
4890,4891,5171
4903,5147,5187
4941,5169,5284
5078,5082,5471
5218,5222,5507
5342,5344,5432
5349,5350,5442
7,92,189
168,170,532
251,256,308
258,260,545
279,357,371
337,599,635
440,443,878
817,819,1082
845,846,1133
862,902,1140
922,1238,1466
1055,1056,1142
1075,1327,1353
1086,1088,1293
1109,1112,1115
1419,1423,1591
1525,1527,1534
1633,1782,1949
1685,1882,1949
1762,1812,2219
1956,1970,2617
1987,2011,2115
2034,2037,2237
2036,2151,2170
2377,2744,2799
2519,2521,2954
2611,2613,2642
2750,3046,3110
2815,2987,3096
2822,3128,3334
2957,2963,3324
3247,3248,3607
3379,3406,3408
3395,3421,3531
3529,3549,3561
3698,3756,3886
3730,3893,4255
3888,3904,4573
3912,3915,4293
3926,3978,4246
3977,4046,4353
4107,4109,4367
4132,4174,4650
4145,4156,4368
4163,4639,4660
4217,4218,4269
4252,4259,4365
4253,4325,4423
4426,4750,4783
4462,4463,4861
4482,4483,4947
4519,4861,4966
4604,4605,4877
4657,4685,5332
4677,5224,5324
4735,4739,4790
4753,4762,5031
4778,4780,4895
4813,4971,5054
4832,5044,5343
4920,4924,5239
4970,4977,5502
5136,5154,5167
5240,5242,5283
34,43,74
37,42,469
98,102,113
342,345,454
390,434,912
420,430,703
517,519,844
762,1085,1151
764,1311,1423
884,891,1536
1223,1655,1668
1297,1661,1711
1354,1358,1364
1410,1455,1687
1583,1697,1740
1647,1837,1877
1650,1934,1992
1745,1746,2200
1773,2260,2263
2037,2473,2534
2060,2096,2541
2227,2430,2437
2375,2529,2628
2426,2767,3078
2560,2567,2827
2682,2683,3115
2703,2772,2803
2718,3031,3057
2761,2773,3100
2939,2950,3598
2973,3196,3310
3095,3441,3661
3243,3245,3516
3340,3585,3608
3427,3442,3863
3506,3609,3867
3593,3619,3625
3634,3675,3871
3735,3798,3799
3893,4202,4412
3920,3921,4459
4110,4155,4387
4408,4414,4423
4436,4828,4883
4450,4455,4775
4451,4454,4892
4576,4843,4846
4591,4592,4858
4687,4706,4719
4715,4719,4804
4911,5119,5159
5098,5343,5493
5103,5108,5221
5258,5447,5477
5264,5266,5366
5380,5389,5400
154,214,492
220,301,353
385,429,639
410,845,908
495,629,652
581,588,631
712,759,1226
743,748,789
779,790,1438
810,811,1093
849,862,1096
874,982,1097
890,1431,1539
912,916,958
1033,1194,1268
1049,1214,1224
1137,1443,1460
1236,1864,2077
1444,1719,2087
1507,1516,1782
1675,1694,1860
1719,1989,2095
1750,2073,2147
1753,1879,2030
1761,1764,2147
1812,1819,1933
1882,1885,1988
1979,1981,2414
2121,2282,2640
2187,2354,2417
2197,2213,2518
2371,2399,3058
2398,2643,2793
2414,2416,2652
2512,2557,2779
2651,2813,3144
2736,2918,3076
2748,2931,3177
2777,2968,2990
2825,3148,3280
2832,2835,3370
2871,2879,3534
2936,2938,3317
3026,3259,3412
3206,3540,3599
3285,3292,3330
3365,3688,3820
3487,3510,3794
3544,3607,3669
3562,3867,4213
3601,3603,3842
3622,3938,4169
3636,3637,3860
3786,3787,3819
3864,3881,3887
3878,3885,4139
3928,3931,4322
3975,3980,4359
3990,3998,4657
4047,4060,4276
4103,4107,4112
4182,4186,4240
4278,4447,4579
4305,4457,4781
4345,4522,4635
4418,4658,4681
4619,4625,4774
4803,4909,4953
4900,5323,5330
4964,5256,5342
5170,5173,5423
5175,5429,5435
5184,5229,5464
5192,5195,5359
5231,5448,5491
5256,5257,5368
2,8,239
118,178,487
155,158,244
280,782,803
343,465,603
359,412,844
442,561,568
468,534,642
581,762,769
638,878,901
683,730,1078
718,1101,1158
813,1071,1090
845,847,1064
886,952,1068
890,1139,1175
1092,1097,1375
1158,1161,1501
1195,1744,1912
1211,1212,1750
1248,1581,1667
1258,1522,1699
1262,1747,1885
1319,1323,1683
1582,1586,1643
1610,1763,2044
1657,1837,1991
1665,1848,1967
1727,2014,2037
1764,2032,2037
1771,1772,2175
1848,1961,2098
1853,1895,2143
1868,1871,2134
1942,2489,2596
1953,2130,2131
2067,2069,2253
2182,2240,2341
2287,2302,2960
2381,2661,2701
2395,2638,2804
2867,2868,3288
3057,3293,3299
3115,3119,3170
3208,3365,3704
3255,3407,3475
3423,3681,3689
3474,3492,3505
3497,3767,3768
3501,3546,3833
3675,3739,3826
3769,4192,4197
3772,3930,3952
3902,3905,4348
3956,3958,4292
4006,4048,4523
4102,4164,4410
4169,4209,4419
4175,4232,4316
4319,4321,4353
4357,4373,4678
4393,4605,4610
4484,4532,4846
4522,5068,5182
4600,4807,4816
4727,4736,4996
5164,5227,5289
5267,5276,5380
5270,5290,5323
5338,5344,5352
1,8,22
5,88,680
13,256,507
33,110,551
99,107,169
133,137,662
334,595,780
344,345,829
403,618,637
528,854,912
588,769,1013
597,900,922
601,613,940
602,795,862
644,936,1022
671,974,1494
739,1081,1508
755,757,1074
876,884,1537
1067,1220,1506
1129,1133,1175
1194,1197,1571
1253,1257,1364
1276,1320,1581
1449,1454,1555
1523,1691,1700
1656,1838,1996
1666,1962,2021
1703,1705,2047
1816,1864,2280
1828,2172,2483
1886,2036,2140
1967,2215,2400
2085,2086,2135
2190,2191,2471
2220,2426,2576
2351,2844,3160
2389,2672,2857
2398,2419,2459
2426,2489,2529
2435,2477,2727
2461,2781,3121
2500,2954,2977
2569,2589,2649
2646,2647,2773
2718,2873,2945
2758,2768,2784
2846,2900,3280
2864,2916,3378
2884,3225,3294
2914,2949,3068
2938,3050,3183
2947,3015,3278
2956,2958,3429
2959,3506,3656
2978,3098,3259
3074,3075,3319
3214,3215,3303
3244,3395,3426
3290,3589,3648
3307,3520,3629
3311,3494,3517
3373,3374,3811
3440,3704,3771
3537,3598,3610
3571,3574,3746
3573,3574,3874
3770,4205,4220
3862,4085,4104
4007,4010,4112
4050,4053,4335
4098,4101,4118
4227,4306,4416
4268,4540,4607
4460,4463,4895
4483,4526,4903
4508,4557,4971
4575,4640,4902
4654,4695,4927
4693,4717,4826
4760,4762,4793
4795,4952,5198
4924,5127,5242
4950,4953,5317
4998,5001,5074
5036,5038,5451
5062,5435,5483
5199,5265,5377
5302,5417,5479
199,206,352
296,298,567
301,627,973
334,336,615
372,381,487
538,689,972
622,634,843
682,806,1080
722,726,1064
769,770,1083
890,1437,1539
897,956,992
950,987,1173
977,1432,1454
1066,1222,1272
1168,1409,1471
1185,1460,1484
1224,2045,2060
1272,1274,1678
1287,1289,1626
1336,1603,1757
1399,1635,1784
1545,1546,2029
1605,1674,1675
1635,1659,1784
1667,1688,1846
1705,1940,2057
2031,2465,2484
2102,2125,2265
2202,2380,2447
2253,2508,2515
2309,2640,3087
2395,2657,2686
2452,2475,2514
2506,2608,2685
2535,2771,2803
2699,3021,3038
2740,2917,3169
2745,2928,2935
2815,2868,3174
2853,3118,3326
3083,3085,3558
3117,3119,3228
3130,3253,3325
3297,3338,3487
3303,3496,3559
3374,3503,3770
3399,3401,3782
3418,3485,3525
3492,3497,3503
3504,3809,3821
3528,3530,3785
3538,3573,3874
3689,3854,3862
3754,3755,3886
4090,4095,4134
4134,4141,4426
4253,4254,4325
4369,4565,4677
4398,4619,4625
4453,4504,4803
4589,4592,4650
4702,4743,4957
4730,5002,5276
4740,4750,4873
4819,4820,4952
4844,4997,5321
4982,4985,5428
5034,5038,5370
5323,5324,5507
213,261,622
227,236,626
254,402,563
265,266,448
306,309,331
335,344,645
410,845,864
440,476,921
503,663,736
524,595,730
552,560,627
574,748,810
746,860,969
776,782,1157
1122,1303,1362
1135,1146,1162
1322,1323,1649
1454,1455,1687
1516,1798,2059
1517,1518,1993
1601,1603,1685
1627,1628,1987
1795,1796,2118
1900,1921,1961
2061,2132,2254
2117,2582,2603
2184,2346,2608
2203,2381,2444
2225,2267,2422
2272,2602,2662
2302,2691,2767
2311,2542,2767
2372,2418,2889
2410,2433,2472
2650,2817,3175
2659,2660,2792
2980,3187,3196
3095,3121,3126
3214,3216,3302
3263,3298,3317
3308,3513,3615
3392,3401,3795
3405,3409,3473
3408,3415,3827
3426,3967,4088
3432,3434,3838
3541,4088,4233
3570,3612,4048
3698,3754,3842
3710,3864,3881
3891,3972,4315
3961,3965,4026
4074,4075,4765
4085,4562,4583
4113,4114,4371
4160,4202,4400
4237,4257,4369
4316,4377,4378
4533,4536,4639
4635,4889,4895
4908,5333,5340
4960,5205,5228
5147,5187,5441
5158,5160,5450
5271,5272,5481
5274,5276,5312
5311,5313,5342
5356,5467,5470
0,17,262
28,29,568
79,451,934
138,140,548
351,355,547
578,640,753
608,811,872
621,855,964
704,755,1060
864,866,1111
902,1010,1146
936,975,1171
979,981,989
1039,1126,1172
1055,1493,1508
1074,1233,1255
1090,1238,1469
1112,1279,1532
1200,1280,1626
1247,1737,2095
1263,1265,1590
1272,1279,1678
1335,1400,1662
1404,1406,1651
1420,1422,1692
1491,1493,1597
1540,2024,2045
1602,2035,2056
1604,1762,1810
1628,1631,1727
1657,1830,1991
1694,1881,1904
1700,1984,2025
1728,1744,2221
1735,2278,2452
1753,1869,2173
1831,1837,2525
2110,2275,2328
2127,2284,2563
2161,2312,2590
2226,2423,2486
2338,2721,2778
2388,2389,2721
2430,2433,2788
2492,2723,2880
2571,2766,2961
2680,2689,2700
2744,2797,2799
2750,2934,2959
2898,2902,3246
2899,3241,3346
2935,2936,3186
2957,3117,3271
2962,2965,3068
3054,3061,3346
3210,3211,3334
3215,3216,3302
3295,3485,3546
3416,3719,3738
3442,3943,4102
4163,4391,4595
4214,4248,4320
4254,4372,4545
4275,4409,4432
4429,4435,5141
4457,4508,4973
4583,4584,4901
4586,4649,4689
4618,5072,5095
4685,4696,5332
4864,4931,4932
5164,5229,5469
5255,5281,5286
5413,5416,5485
35,208,521
39,42,572
51,56,474
80,82,559
80,385,610
118,565,842
168,468,642
218,565,576
514,603,669
588,631,639
684,1505,1555
713,1319,1443
730,999,1075
776,782,895
869,1159,1519
902,1140,1165
968,1003,1069
1226,1280,1660
1248,1255,1412
1329,1442,1543
1384,1388,1608
1412,1415,1579
1423,1483,1521
1432,1435,1908
1550,1551,2035
1670,1969,2028
1680,1877,1883
1842,1849,1960
1984,2084,2197
2002,2318,2549
2089,2201,2208
2110,2143,2300
2182,2345,2406
2250,2501,2507
2346,2608,2778
2362,2735,2783
2447,2646,2667
2518,2531,2744
2534,2537,2692
2538,2539,2691
2556,2595,2791
2567,2576,2680
2683,2844,2867
2688,2839,3174
2738,2800,2913
2803,3090,3149
2973,3034,3075
2987,3493,3643
3066,3112,3321
3292,3718,3724
3360,3440,3786
3432,3546,3692
3692,3694,3875
3739,3899,4261
3862,4085,4148
3886,4167,4191
4007,4010,4068
4015,4277,4306
4089,4096,4336
4267,4276,4330
4282,4501,4570
4318,4469,4752
4511,5000,5320
4657,4685,4908
4702,4851,4927
4776,4782,4897
4776,4784,4897
4957,5222,5330
4988,4991,5504
5137,5138,5449
5168,5272,5499
5168,5425,5432
5191,5213,5312
5207,5419,5455
5363,5364,5477
69,107,169
99,169,531
158,463,647
348,364,1007
382,386,864
390,438,913
441,449,512
522,678,710
799,1049,1069
968,971,1162
987,988,1066
1030,1195,1248
1093,1286,1406
1444,1485,1698
1490,1600,1620
1548,1614,1722
1578,1589,1872
1648,1814,2073
1673,1831,1984
1709,1954,2017
2141,2301,2324
2159,2246,2308
2212,2398,2643
2275,2556,2773
2277,3122,3143
2415,2418,2521
2465,2466,2753
2466,2473,2798
2486,2488,2742
2563,2833,3107
2712,2716,2720
2779,3001,3148
2871,2876,2883
2873,3479,3603
2902,3124,3323
2987,3027,3281
3131,3585,3608
3257,3264,3319
3321,3555,3664
3509,4075,4230
3664,3988,4207
3736,3790,3889
3872,4120,4139
4047,4054,4706
4075,4078,4113
4106,4541,4604
4189,4193,4245
4243,4301,4385
4259,4376,4552
4314,4339,4363
4514,4556,4806
4597,4599,5025
4628,4691,4732
4684,4904,4959
4763,5200,5219
4824,4983,5056
4824,5266,5282
4843,4970,5004
4986,5257,5480
5186,5188,5442
5281,5312,5397
5423,5458,5477
10,442,502
115,675,1024
207,353,463
222,231,918
284,294,430
379,551,628
442,568,719
558,629,713
652,730,732
663,666,1201
687,690,712
806,869,909
1005,1180,1446
1231,1567,1690
1285,1287,1551
1329,1602,1685
1384,1985,2096
1393,1394,1677
1593,1813,1832
1595,1596,2029
1670,1966,2030
1693,1905,2024
1716,2036,2072
1790,2177,2455
1834,1836,2141
1911,1912,2187
2024,2025,2238
2163,2165,2232
2237,2450,2473
2243,2472,2591
2391,2932,3050
2533,2555,2642
2628,2630,2720
2737,2753,2797
2805,3104,3125
2812,2815,3202
2857,3184,3341
2887,2892,2899
2950,3064,3280
3143,3580,3599
3189,3350,3716
3355,3636,3853
3405,3409,3517
3440,3787,3818
3455,3614,3774
3473,3475,3730
3475,3476,3805
3530,3752,3756
3545,3547,4021
3562,3583,3624
3600,3939,4158
3601,3603,3754
3687,3688,3766
3750,3752,3830
3817,3990,4151
3859,4113,4229
3902,4245,4728
4012,4025,4415
4013,4018,4058
4025,4137,4239
4120,4335,4371
4131,4138,4782
4430,4488,4908
4586,4736,4840
4621,4661,4930
4649,4756,4872
4832,4991,5344
4913,5110,5224
4993,5119,5270
4994,5313,5329
5066,5068,5443
5145,5423,5480
5189,5296,5412
5402,5411,5414
21,134,227
45,69,607
268,322,815
409,540,676
549,554,555
753,756,815
793,799,1069
880,1357,1378
1094,1408,1425
1180,1448,1470
1278,1282,1626
1306,1348,1823
1332,1333,2027
1369,1389,1401
1374,1375,2065
1417,1423,1672
1509,1570,1721
1511,1988,2010
1602,1761,1784
1710,1961,1967
1804,2146,2215
1835,2153,2229
1918,1920,2130
1918,2372,2395
1926,2045,2218
2003,2005,2193
2010,2012,2169
2016,2106,2233
2083,2085,2176
2294,2423,2690
2341,2911,3070
2464,2527,2589
2629,2924,3172
2680,2691,2967
2681,2682,2766
2799,3069,3175
2892,3013,3237
3034,3257,3264
3116,3220,3304
3128,3163,3229
3345,3664,3698
3572,3575,4007
3732,3795,3890
3793,3809,4096
3948,4112,4281
3998,4011,4656
4023,4025,4383
4039,4580,4736
4149,4154,4422
4283,4285,4609
4314,4498,4542
4369,4373,4671
4506,4611,4897
4540,4544,4906
4619,4909,4920
4654,4762,4877
4794,4901,4951
4909,5096,5102
5033,5101,5166
5128,5131,5376
5136,5203,5475
31,42,571
107,719,841
231,235,244
584,764,1014
586,767,832
626,859,880
646,970,1003
653,656,999
669,722,789
790,1297,1451
827,936,1026
887,888,1153
938,939,1035
1055,1209,1288
1124,1304,1552
1170,1430,1563
1193,1196,1644
1208,1260,1631
1390,1436,1909
1405,1426,1527
1576,1687,1690
1698,1919,2074
1749,1752,1823
1800,1803,2317
1883,1885,2190
1900,2233,2553
2034,2071,2249
2044,2368,2587
2210,2394,2419
2402,2826,2899
2687,2901,2919
2731,2872,2899
2743,2921,2984
2764,2964,3083
2818,2832,2874
2928,3194,3315
3075,3307,3319
3083,3311,3515
3110,3209,3300
3131,3608,3630
3196,3355,3633
3199,3467,3532
3278,3607,3629
3332,3583,3681
3394,3443,3911
3475,3718,3724
3506,3790,3847
3960,3966,4008
4032,4033,4727
4055,4097,4532
4056,4059,4076
4133,4470,4699
4167,4212,4687
4196,4216,4248
4273,4603,4628
4294,4295,4426
4307,4459,4794
4450,5083,5327
4454,4848,4890
4492,4495,4861
4619,4621,4915
4666,4732,4848
4674,4681,4785
4859,4946,5008
4870,4924,4927
4920,5120,5276
5236,5334,5441
5301,5309,5372
5358,5369,5460
5369,5389,5460
15,962,983
25,465,634
177,181,479
220,353,625
283,335,613
579,757,860
613,793,943
620,904,945
675,1187,1494
902,908,1010
1000,1178,1439
1026,1047,1153
1102,1160,1261
1153,1365,1484
1362,1408,1840
1385,1585,1651
1426,1761,2027
1466,1473,1566
1481,1524,1959
1582,1588,1642
1658,1987,2009
1691,1700,1712
1795,2286,2640
1862,2102,2265
1924,1927,1986
2116,2127,2268
2144,2146,2401
2196,2200,2204
2332,2335,2849
2389,2828,2861
2420,2424,2786
2429,2493,2750
2628,2629,2802
3154,3595,3657
3186,3187,3313
3401,4217,4231
3403,3435,3865
3415,3906,4260
3436,3439,3902
3442,3464,3504
3680,3682,3713
3728,3822,3881
3772,3774,4049
3774,3811,3926
3979,3980,4311
4070,4073,4501
4114,4621,4768
4198,4318,4353
4248,4249,4314
4307,4310,4517
4407,4647,4763
4451,4790,4956
4544,5085,5203
4605,4607,4883
4622,4635,4895
4700,4702,4743
4749,4810,4961
4777,4797,5092
4788,4854,4962
4902,5080,5147
4913,5103,5108
5025,5092,5104
5297,5298,5442
63,98,117
69,649,820
78,83,438
341,344,417
599,788,998
656,830,1048
666,1529,1545
699,701,1082
716,873,981
814,818,824
911,1116,1124
1004,1297,1549
1076,1231,1278
1089,1091,1405
1099,1325,1365
1223,1344,1498
1247,1286,1406
1285,1729,1906
1553,1554,1723
1575,1732,2079
1689,1722,1889
1732,2062,2122
1777,1780,2180
1910,1911,2181
1933,1934,2407
1964,1977,2219
2045,2046,2156
2155,2157,2407
2164,2165,2548
2174,2248,2325
2224,2427,2542
2303,2584,2748
2348,2351,2813
2628,2630,2700
2659,2927,2992
2696,3060,3082
2700,2710,2845
2853,3343,3627
2908,3022,3256
2931,3289,3333
2952,2966,3619
2971,3420,3447
3376,3391,4047
3431,3433,3765
3502,3505,3564
3508,3511,3756
3602,3840,3865
3720,3721,3852
3750,3831,3962
3914,4233,4364
3938,4266,4601
3987,4203,4420
4079,4304,4305
4141,4142,4405
4190,4300,4320
4216,4248,4320
4233,4522,4744
4292,4325,4477
4352,4355,4515
4353,4524,4551
4359,4534,4597
4439,4497,5034
4524,4545,4557
4834,4989,5068
4856,4958,5058
4891,5059,5081
4923,4946,4958
5075,5393,5469
5091,5452,5490
5130,5413,5445
5289,5290,5350
5387,5388,5484
10,458,515
156,243,326
225,306,387
227,569,581
360,381,396
366,418,623
372,379,386
497,983,1000
498,509,600
542,549,555
675,945,951
707,1193,1555
714,718,1050
718,762,1071
767,770,828
811,1260,1287
986,1018,1036
989,990,1051
1108,1274,1501
1156,1185,1369
1162,1388,1492
1188,1196,1206
1323,1596,1683
1362,1404,1651
1365,1370,1700
1376,1381,1421
1456,1515,1587
1509,1510,1570
1571,1797,1860
1668,1672,1845
1760,2060,2258
1895,1900,1940
1947,2063,2207
1993,2056,2120
2299,2326,2328
2304,2572,2784
2349,2370,2383
2391,2749,3044
2459,2461,2755
2473,2926,2948
2528,2963,3026
2571,2572,2781
2575,2579,2630
2710,2764,2767
2748,2929,3173
2801,2807,3072
2816,3208,3263
2818,2833,3492
2836,2845,3507
2920,2923,3026
2921,3201,3241
3005,3007,3481
3026,3027,3281
3032,3263,3420
3143,3311,3320
3159,3277,3280
3175,3176,3621
3280,3454,3703
3300,3506,3656
3325,3560,3677
3346,3650,3703
3387,3438,3462
3400,3723,3800
3404,3407,3770
3586,3590,3765
3621,3679,3690
3668,3706,4189
3757,3759,3806
3763,3950,3995
3777,3931,3980
3792,3951,4114
3830,4126,4190
3843,4036,4099
3862,3880,3886
3900,3904,4294
3972,3974,4317
4005,4018,4413
4187,4192,4197
4359,4391,4406
4376,4565,4779
4388,4409,4421
4568,4571,4835
4569,4688,4843
4619,4621,4956
4714,4718,4928
4787,4794,5078
4854,5038,5082
4887,5051,5074
4897,4913,4957
4952,5203,5301
5062,5084,5124
5080,5084,5446
5101,5120,5132
5295,5296,5492
5362,5366,5480
52,55,538
58,80,247
65,70,479
248,254,260
333,336,407
568,572,727
580,584,750
597,903,920
650,655,708
726,1267,1388
859,1294,1357
866,1301,1364
967,976,1092
1135,1346,1386
1158,1379,1385
1206,2048,2069
1430,1471,1707
1754,1877,2032
1787,1789,2108
1831,1869,2226
1837,2201,2251
1896,1917,2025
2037,2039,2190
2139,2594,2614
2168,2171,2594
2174,2325,2398
2338,2724,2779
2447,2556,2646
2550,2551,2787
2558,3032,3055
2693,2694,2769
2708,2858,2906
2731,2924,2964
2876,2883,3291
2899,3125,3152
2928,2935,3047
2933,2935,3190
3003,3008,3048
3004,3067,3129
3041,3047,3344
3107,3116,3376
3190,3197,3680
3215,3302,3303
3411,3419,4074
3580,3615,3720
3583,4130,4263
3776,4143,4160
3934,3937,4427
3947,3949,4269
3994,3996,4302
4229,4394,4402
4286,4400,4441
4322,4329,4335
4580,4593,4870
4653,4654,4911
4783,4841,4925
4826,5160,5219
4909,5096,5215
5031,5036,5043
5212,5254,5468
5272,5277,5390
3,59,610
224,310,362
289,290,577
316,834,988
484,636,892
509,674,684
539,688,1019
748,862,1096
811,1085,1088
825,1042,1046
983,984,1126
1082,1236,1563
1197,2063,2080
1378,1379,1680
1473,1483,1578
1537,1540,1562
1681,1876,1911
1732,1735,2122
1777,2071,2554
1902,1907,1947
2194,2207,2228
2240,2458,2477
2292,2295,2673
2334,2818,2958
2422,2483,2495
2444,2445,2717
2475,2716,2785
2490,2494,2535
2643,2749,2793
2808,2824,3301
2812,2813,3144
2822,3165,3648
2896,2940,3201
2910,2924,3577
3015,3269,3275
3153,3275,3435
3204,3205,3642
3212,3245,3397
3242,3405,3478
3253,3269,3325
3338,3578,3601
3462,3785,3851
3553,4006,4028
3565,3629,3735
3877,4145,4249
3905,4348,4360
4027,4047,4059
4102,4123,4164
4161,4254,4324
4184,4371,4383
4264,4416,4672
4372,4376,4552
4567,4571,4588
4664,4671,5316
4721,4761,4950
4757,4758,4809
4861,5291,5306
62,71,968
88,93,680
99,104,541
119,130,285
306,310,495
424,458,518
515,516,602
720,766,1088
735,740,747
927,968,1162
1414,1648,1698
1477,1478,1715
1510,1790,2056
1519,1528,1799
1866,1908,2165
1894,1907,2553
1938,1959,2061
2021,2023,2061
2024,2223,2414
2275,2818,2992
2492,2929,2990
2718,2877,2940
2774,2775,3095
2833,3229,3300
3026,3028,3188
3123,3246,3278
3231,3240,3250
3288,3471,3719
3451,3457,3879
3452,3454,3766
3475,3477,3734
3545,3546,3833
3566,4001,4064
3648,3651,4083
3650,3760,3780
3689,3690,4126
3710,3711,3762
3724,3869,3876
3784,3883,3935
3851,3852,4168
3974,4349,4629
3998,4002,4009
4014,4572,4739
4222,4341,4348
4308,4634,4692
4357,4569,4688
4409,4652,4675
4465,4478,4930
4517,4538,4550
4646,4648,4902
4833,4887,4990
5123,5125,5387
5250,5251,5493
5317,5320,5342
140,171,227
368,369,619
410,412,517
417,418,631
490,657,1015
715,975,1172
922,963,1177
1034,1479,1531
1066,1272,1539
1074,1111,1226
1190,1195,1248
1254,1258,1590
1290,1295,1301
1430,1563,1669
1624,1723,1775
1626,1658,1720
1659,1834,1853
1664,1844,2094
1689,1892,1950
1776,1802,1804
1777,1780,2103
1806,2068,2238
1837,2204,2259
1931,1957,1962
2003,2456,2479
2016,2055,2251
2034,2037,2470
2151,2312,2321
2204,2628,2635
2257,2259,2627
2343,2344,2669
2391,2503,2639
2435,2440,2480
2529,2531,2768
2668,3149,3165
2685,2796,2890
2690,3125,3175
2843,3241,3274
2902,2943,3198
2948,3158,3165
2997,3103,3217
3134,3137,3612
3148,3434,3661
3232,3233,3308
3364,3416,3719
3398,3726,4061
3490,3513,3552
3497,3657,3811
3499,3562,3602
3550,3555,3594
3644,3831,3843
3723,4025,4239
3787,4150,4167
3809,3815,3863
3835,4046,4086
3905,4228,4360
4164,4322,4334
4176,4298,4438
4196,4232,4415
4267,4480,4604
4338,4409,4493
4338,4655,4672
4367,4397,4409
4478,4975,5147
4577,4579,4944
4593,5134,5249
4597,4598,4909
4614,4615,5305
4734,4772,4955
4756,4884,5031
4803,4919,5099
4977,5251,5489
5030,5417,5479
5215,5216,5363
5255,5343,5364
185,242,523
280,281,593
292,862,970
334,559,595
422,425,620
590,777,794
767,771,1130
820,929,1027
846,1075,1076
866,1301,1320
915,916,1183
936,937,1048
963,965,1177
1012,1019,1305
1186,1467,1491
1217,1224,2042
1239,1241,1622
1333,1339,2027
1346,1893,2002
1370,1373,1582
1400,1402,1663
1452,1456,1498
1480,1485,1599
1496,1498,1621
1613,1614,2001
1638,1709,1793
1690,1907,2016
1720,1991,2049
1763,2161,2194
1960,1962,2232
1996,2055,2127
2032,2147,2190
2078,2079,2266
2129,2149,2220
2146,2304,2620
2155,2411,2428
2180,2338,2599
2224,2424,2431
2354,2895,3015
2394,2397,2414
2476,2489,3133
2541,2601,2671
2753,2943,2948
2763,3022,3062
2783,3022,3130
2904,2909,2926
2940,2986,3413
3032,3033,3285
3041,3184,3314
3048,3055,3160
3218,3375,3645
3410,3518,3829
3508,3550,3803
3606,3653,4084
3728,4000,4067
3786,3818,3880
3794,4105,4130
3913,4029,4333
3938,3940,4339
3948,3950,4367
3999,4001,4466
4144,4185,4398
4162,4203,4417
4308,4460,4746
4362,4363,4693
4374,4375,4673
4441,4518,4520
4460,4760,5240
4632,4633,4897
4868,4871,4967
4955,5214,5221
4985,4995,5427
4990,5327,5336
5254,5294,5484
5264,5265,5478
5405,5408,5434
20,29,137
215,220,353
270,353,605
271,273,510
293,299,307
541,971,1020
602,646,795
688,1018,1034
693,1180,1183
755,761,914
829,852,1118
977,1169,1410
1093,1109,1396
1337,1343,1497
1364,1795,1816
1365,1367,1643
1745,1755,2187
1790,1835,2140
1896,1914,1927
2062,2346,2605
2223,2419,2522
2338,2445,2753
2360,2479,2708
2365,2367,2631
2472,2737,2767
2736,2737,3065
2740,2744,2910
2851,3187,3514
2888,2937,3351
2917,3281,3577
3013,3488,3511
3102,3106,3122
3232,3387,3418
3289,3293,3591
3502,3567,3826
3571,3575,3638
3634,3638,4110
3685,3687,3766
3762,3763,3845
3796,3815,3943
3817,3833,3877
3823,4001,4020
3827,4009,4070
3895,4278,4381
4163,4164,4405
4204,4336,4483
4268,4430,4796
4276,4387,4390
4444,4838,4921
4458,4461,4534
4462,4851,5127
4487,4749,4961
4587,4590,4597
4615,4618,4653
4825,4879,4979
4880,4884,5031
4881,5044,5051
4965,5264,5285
4993,5119,5389
4995,5265,5271
5012,5290,5339
5221,5222,5460
5264,5451,5463
15,983,1000
27,401,601
70,83,555
75,112,261
161,581,631
193,208,898
268,274,326
357,362,642
372,379,551
452,535,597
458,460,575
463,464,523
548,551,647
600,800,956
626,883,924
726,1105,1161
1117,1329,1448
1397,1399,1832
1400,1663,1721
1421,1690,1698
1434,1681,1703
1495,1496,1613
1718,1958,1981
1762,1886,2036
1772,2050,2212
2160,2170,2305
2179,2335,2402
2316,2617,2621
2399,2410,2797
2429,2491,2557
2433,2980,3089
2563,2565,2679
2589,2650,2801
2658,2833,2959
2922,2924,3245
3098,3287,3317
3108,3146,3585
3170,3171,3655
3306,3328,3340
3388,3717,3725
3451,3454,3489
3581,3583,3854
3687,3769,3873
3753,3759,3969
3770,3878,3882
3888,3898,4381
4086,4373,4384
4254,4365,4372
4290,4557,4574
4420,4665,4688
4430,4433,4962
4488,4495,4652
4494,4495,4801
4506,4621,4768
4514,4889,5169
4553,4599,5025
4745,4746,4856
4877,5046,5161
4963,5250,5268
5089,5090,5404
5180,5436,5470
25,465,948
60,100,165
92,93,476
161,364,584
610,827,936
632,642,878
697,699,1236
708,872,1041
803,804,1121
806,1060,1080
863,874,1104
886,890,1065
1005,1006,1142
1027,1197,1240
1091,1240,1516
1299,1301,1617
1350,1351,1633
1643,1870,1911
1722,2003,2063
1744,1822,1863
1822,2044,2243
1910,2136,2288
2085,2086,2222
2221,2233,2560
2229,2432,2490
2231,2246,2435
2241,2475,2584
2272,2273,2604
2348,2396,2646
2384,2748,2791
2436,2439,2456
2491,2494,2666
2531,2736,2744
2666,2822,3150
2820,2823,2896
2851,2973,3250
3078,3086,3349
3101,3144,3579
3135,3199,3286
3193,3194,3314
3277,3489,3608
3293,3490,3604
3359,3362,4226
3370,3445,3446
3378,3382,3772
3459,3461,3926
3545,3547,3834
3590,3631,3867
3719,4018,4237
3763,3890,3924
3833,3839,3875
3897,4742,4763
4011,4552,4670
4268,4269,4421
4281,4285,4339
4503,4995,5344
4698,4709,4969
4813,5146,5163
4837,4839,5164
4893,5069,5086
4993,5389,5460
4994,4995,5432
5025,5030,5418
5395,5397,5457
8,387,395
126,530,645
130,148,301
159,168,368
161,581,877
270,351,423
496,931,938
568,618,619
582,913,936
649,654,745
649,655,1361
683,964,1014
737,1298,1422
738,1225,1359
768,1032,1154
999,1330,1542
1039,1127,1254
1050,1051,1174
1066,1070,1185
1286,1549,1567
1288,1510,1705
1388,1451,1492
1559,1858,2077
1569,1570,1662
1592,1599,2071
1606,1760,2080
1736,2062,2219
1863,1868,1981
1919,1921,2256
1989,1994,2262
1992,1996,2038
2210,2254,2394
2213,2410,2524
2254,2507,2526
2265,2564,2585
2327,2657,3140
2401,2404,2465
2483,2494,2724
2673,2893,2912
2681,2838,2870
2738,3070,3087
2800,3071,3129
2978,2980,3259
3183,3485,3696
3184,3329,3336
3206,3537,3604
3272,3442,3660
3359,3412,3929
3394,3398,3446
3401,3884,4174
3524,3741,3745
3601,3602,3865
3702,3703,3763
3756,3913,4029
3812,3858,3861
3923,3933,4354
3953,4021,4086
4028,4029,4289
4053,4114,4155
4086,4315,4316
4114,4337,4344
4156,4656,4799
4161,4165,4255
4184,4186,4617
4227,4309,4413
4275,4277,4338
4319,4641,4658
4477,4804,4961
4487,4977,5335
4547,4551,4910
4583,4585,4847
4646,5081,5100
4670,4803,4909
4716,4984,5260
4871,5297,5311
5018,5088,5421
5096,5102,5477
156,814,939
235,236,553
243,328,615
258,262,315
271,272,600
271,315,634
470,471,522
583,827,867
897,1438,1544
898,902,1187
957,1138,1148
1032,1066,1193
1470,1923,1946
1478,1479,1575
1673,1870,1984
1772,2050,2099
1803,1805,2130
1926,2218,2258
2017,2239,2255
2181,2188,2238
2188,2354,2581
2413,2441,2678
2550,2774,2982
2638,2639,2804
2687,2690,2730
2713,2867,2906
2833,2949,3253
3110,3382,3619
3111,3545,3564
3153,3442,3664
3221,3306,3378
3293,3296,3299
3324,3336,3550
3378,3381,3404
3537,3541,3757
3587,3588,3861
3754,3909,3988
3761,3845,3887
3800,3955,4215
3898,3913,4572
3959,3974,4401
3982,4333,4636
4042,4151,4389
4072,4278,4298
4181,4184,4616
4229,4230,4370
4250,4404,4421
4330,4384,4387
4384,4584,4703
4475,5039,5167
4559,4570,4957
4605,4610,4940
4637,4679,4911
4658,4700,4923
4685,4689,4962
4846,4850,4965
4847,4850,5057
4915,5079,5102
4958,5198,5221
5067,5069,5406
5138,5144,5258
5206,5308,5385
39,434,636
62,133,508
137,452,638
162,173,328
183,189,617
218,571,624
270,273,402
288,321,327
542,551,554
560,718,982
625,869,976
655,827,1047
662,1005,1488
783,1055,1142
845,847,1321
848,952,1179
870,874,915
874,915,1147
957,959,1110
1242,1248,1255
1286,1287,1664
1318,1859,1977
1416,1424,2077
1559,1665,1710
1692,1896,1921
1741,2083,2142
1978,1991,2627
2314,2321,3134
2318,2346,2388
2367,2369,2706
2532,2578,2783
2538,2549,2647
2563,2833,3110
2659,2930,2988
2725,2892,3013
2848,3130,3242
2858,3348,3527
3020,3022,3283
3071,3616,3714
3104,3303,3494
3121,3145,3427
3158,3165,3216
3227,3437,3464
3401,4217,4264
3424,3749,3836
3453,3457,3822
3514,3527,3747
3543,3545,4020
3567,3572,3872
3594,3601,3886
3628,3629,3734
3664,3988,4210
3790,3938,4166
3812,3982,4200
3835,3999,4022
3849,4049,4114
3911,3914,4352
3913,4300,4580
3994,4243,4250
4035,4144,4385
4110,4112,4546
4297,4402,4450
4327,4687,4709
4426,4731,4751
4463,4861,4894
4822,5045,5106
4905,5098,5210
4989,5042,5109
5049,5054,5430
5088,5089,5347
5103,5221,5376
5120,5124,5131
5151,5373,5377
44,56,71
114,118,524
288,291,366
569,748,862
673,799,1069
674,803,1070
716,1038,1132
730,1216,1352
960,967,1093
987,988,1176
1026,1196,1206
1086,1088,1118
1094,1095,1405
1169,1437,1477
1192,1270,1272
1248,1250,1667
1282,1655,1703
1344,1654,1706
1381,1528,1641
1388,1935,2044
1416,1417,2097
1568,1840,1907
1959,1963,2131
1960,2175,2211
1960,2437,2458
2024,2026,2457
2116,2275,2553
2183,2346,2451
2238,2462,2613
2265,2540,2564
2285,2295,2416
2336,2338,2751
2436,2439,2500
2564,2998,3061
2616,2624,2737
2633,2705,2803
2649,2810,3176
2834,2882,3227
2838,2890,2915
2848,2849,3132
2883,3141,3334
2906,3026,3190
3054,3303,3346
3147,3154,3226
3151,3154,3329
3294,3295,3593
3391,3622,3847
3398,3400,3799
3405,3476,3743
3633,3640,3738
3638,3639,3798
3710,4174,4197
3743,3745,4069
3779,3813,3814
3844,4047,4162
3902,3905,4244
3983,3988,4029
3987,4331,4427
4008,4009,4267
4018,4079,4380
4020,4066,4493
4126,4228,4305
4190,4192,4404
4323,4325,4596
4333,4490,4649
4458,4461,4484
4495,4496,4818
4504,4506,4846
4504,4625,4846
4672,4719,5191
4692,4738,4943
4929,5132,5190
5026,5334,5359
203,261,561
242,244,704
513,519,566
577,757,911
585,589,633
607,820,929
613,825,944
759,805,1277
816,837,945
860,1123,1181
967,969,977
1032,1107,1131
1099,1123,1252
1288,1632,1943
1305,1318,1964
1337,1343,1704
1392,1626,1627
1470,1472,1945
1497,1933,1950
1557,1558,1564
1604,1605,1675
1608,1610,1650
1650,1931,1996
1711,1719,2092
1883,1884,2189
1932,2166,2167
2029,2329,2587
2132,2293,2344
2149,2304,2572
2171,2320,2596
2246,2258,2477
2405,2737,3058
2419,2764,3079
2473,2676,2734
2499,2502,2561
2570,2623,2716
2606,2608,2638
2646,2656,2667
2827,2841,2882
3024,3070,3502
3104,3105,3337
3165,3651,3671
3311,3326,3515
3393,3623,3658
3439,3441,3775
3476,3745,3857
3615,3847,3859
3875,4138,4244
3902,4245,4414
3979,4469,4785
3993,3996,4055
4100,4268,4269
4181,4184,4391
4245,4420,4686
4302,4427,4458
4326,4358,4420
4390,4598,4604
4434,4437,4815
4560,4562,4979
4583,4854,4857
4745,5198,5221
4847,4850,4890
4863,5019,5040
4878,4879,5191
4907,5089,5106
5048,5096,5346
5100,5145,5417
5154,5159,5496
24,463,522
104,106,499
107,254,593
124,264,266
340,341,391
362,364,608
473,475,564
490,708,1014
535,536,638
661,988,1053
669,673,1061
674,1070,1111
710,976,1167
837,841,1057
853,854,1137
907,926,939
923,924,1170
1082,1091,1245
1172,1423,1521
1190,1197,1722
1216,1230,1270
1240,1516,1676
1350,1353,1635
1420,1874,1897
1502,1538,1598
1523,1960,1979
1558,1560,1648
1564,2018,2034
1673,1863,1868
1758,1761,1784
1977,2213,2219
1995,2227,2239
2007,2052,2527
2050,2172,2180
2163,2319,2340
2225,2575,2596
2250,2504,2643
2268,2278,2761
2302,2845,2973
2347,2352,2758
2438,2440,2789
2468,3015,3124
2476,2489,2720
2500,2501,2778
2520,2538,2552
2527,2590,2649
2528,2530,2681
2646,2816,2826
2745,2748,2752
2759,2948,3158
2833,2884,3183
2914,2915,3252
2968,3010,3486
3116,3391,3622
3121,3124,3269
3280,3457,3707
3313,3532,3643
3345,3644,3665
3413,3479,3491
3531,3801,3817
3555,4096,4210
3563,3574,4219
3615,3720,3851
3679,3688,3959
3683,3851,3860
3685,3687,3694
3729,3890,4256
3868,3880,4104
3910,3911,4235
3962,4263,4304
4127,4129,4603
4195,4497,4753
4280,4366,4367
4333,4482,4649
4337,4496,4618
4706,4713,4806
4821,4854,5009
4859,5009,5292
4932,5136,5161
4949,5170,5192
4966,5270,5323
5284,5413,5416
5299,5301,5309
5328,5394,5502
61,65,406
314,317,586
325,327,543
353,521,522
394,395,619
531,692,817
677,684,1185
694,701,1514
737,741,803
1195,1578,1873
1259,1264,1271
1377,1483,1597
1425,1427,1902
1441,1443,1875
1569,1721,1786
1569,1735,1786
1608,1704,1759
1661,1842,1849
1686,1708,1720
1778,2116,2230
1787,1789,2326
1893,1932,2197
1898,2172,2209
1995,2231,2263
2100,2254,2505
2166,2199,2365
2409,2669,2713
2500,2502,2772
2591,2766,2788
2613,2902,3124
2688,2690,2730
2783,3016,3130
2784,3015,3118
2829,2833,3221
2899,2901,3438
2948,2949,3209
2982,2987,3027
3095,3183,3204
3131,3306,3328
3207,3637,3644
3290,3477,3494
3311,3517,3538
3438,3704,3786
3633,3637,3748
3702,3709,3990
3737,3896,4222
3738,3905,3915
3803,3966,4071
3854,4088,4128
3917,3968,4277
3938,3940,4277
3994,4270,4310
4210,4332,4340
4277,4425,4721
4316,4471,4518
4353,4638,4663
4360,4379,4531
4386,4408,4420
4405,4640,4757
4418,4425,4679
4419,4689,4694
4432,4433,4764
4448,4453,4504
4459,4460,4746
4474,4529,5065
4562,4564,4824
4635,4696,4738
4651,5211,5326
4660,4662,4863
4708,5053,5305
4942,4960,4966
5032,5035,5401
5035,5295,5303
5085,5092,5493
5122,5125,5228
5228,5230,5381
143,765,889
244,707,728
314,315,585
341,344,366
655,827,936
871,891,903
1008,1015,1074
1227,1230,1301
1277,1302,1623
1321,1324,1341
1427,1904,1925
1500,1510,1783
1726,2031,2051
1759,1786,1788
1846,1849,2314
1875,1940,2202
1886,1949,1989
1904,2335,2356
1950,1997,2429
2010,2463,2486
2020,2030,2129
2165,2183,2207
2258,2265,2519
2351,2353,2890
2410,2624,2797
2422,2426,2769
2581,2612,2697
2639,2938,3183
2662,2722,2780
2672,2676,2723
2693,2768,2769
2768,2769,3081
2803,3089,3178
2970,3255,3328
2997,3060,3123
3081,3174,3244
3141,3143,3218
3261,3265,3321
3289,3476,3482
3309,3625,3680
3500,3513,4158
3661,3665,3692
3667,3669,3677
3756,3759,3788
3817,3994,4029
3923,3970,4318
3978,3982,4326
4034,4036,4272
4132,4137,4177
4141,4143,4294
4156,4215,4287
4184,4186,4286
4268,4270,4362
4270,4272,4335
4321,4423,4707
4338,4651,4677
4393,4612,4723
4432,4762,4822
4570,5070,5231
5028,5346,5448
5044,5386,5455
5148,5193,5445
5218,5225,5444
5320,5480,5498
63,68,99
83,379,386
159,161,534
528,530,851
611,817,838
653,1000,1481
746,748,1123
941,981,1170
964,1288,1510
983,984,1419
1195,1196,1588
1231,1462,1687
1243,1275,1705
1334,1380,1854
1393,1394,1615
1396,1403,2053
1452,1494,1697
1497,1498,1703
1598,1753,2027
1600,1763,1773
1613,1688,1689
1625,1748,1781
1714,2030,2067
1756,1771,2427
1783,1826,2203
1844,2094,2251
2281,2916,3162
2288,2295,3151
2650,2683,2690
2751,2763,2780
2753,2756,2759
2762,2763,3109
2900,2907,3019
2914,3190,3380
3010,3015,3054
3037,3065,3712
3239,3388,3719
3272,3318,3321
3333,3588,3595
3346,3670,3703
3383,3714,3815
3443,3447,3911
3454,3455,3792
3548,3863,4200
3872,4123,4221
4032,4037,4404
4197,4378,4388
4234,4235,4305
4436,4437,4884
4475,4479,4500
4493,4498,4882
4520,4522,4868
4590,4875,4948
4630,4672,4907
4673,4699,4705
4679,4725,4938
4716,4717,4828
4772,4774,4860
4876,4943,4945
4935,4964,5143
4968,4983,5026
5011,5133,5410
5098,5138,5412
62,136,466
71,640,643
140,748,862
262,343,623
340,396,871
359,411,621
507,610,613
567,731,754
603,862,902
647,957,977
656,825,937
683,693,1114
707,969,1181
744,749,766
785,1330,1444
881,1024,1154
1067,1070,1277
1197,2042,2063
1446,1493,1924
1469,1735,2013
1579,1744,1794
1586,1588,1917
1652,1822,2040
1708,1714,1723
1726,2007,2031
1783,1790,2483
1838,1842,1849
1895,1897,2324
1912,2412,2570
1984,2002,2043
2002,2093,2184
2111,2272,2619
2211,2395,2416
2293,2570,2760
2349,2353,2372
2458,2652,2727
2497,2535,2803
2505,2507,2743
2714,2715,3025
2912,2957,3265
2976,2979,3040
2992,3054,3323
3031,3096,3206
3162,3167,3276
3163,3223,3347
3398,3888,4067
3647,3652,3770
3663,3664,3788
3713,3785,3883
3728,3729,3823
3802,3803,4077
3867,4107,4112
3871,4120,4155
3881,4156,4215
3907,3914,4351
4055,4057,4303
4217,4409,4650
4248,4255,4314
4255,4412,4658
4285,4446,4519
4294,4295,4383
4537,5084,5236
4616,4658,5135
4651,4655,4672
4708,4799,4814
4792,4797,4905
4797,4803,5092
4849,5002,5276
4926,5126,5229
5128,5170,5423
5168,5313,5425
5201,5207,5344
5323,5324,5383
55,685,813
71,971,1020
93,146,583
137,139,536
182,189,198
212,217,261
381,393,648
436,552,627
451,485,935
492,567,591
569,572,575
585,768,775
607,810,817
651,654,728
691,692,1091
698,1036,1150
715,1048,1183
718,874,1104
792,797,1164
909,1072,1073
943,998,1115
973,982,1097
981,983,1170
1031,1037,1098
1048,1508,1529
1056,1103,1208
1085,1088,1114
1115,1288,1510
1186,1490,1543
1396,1409,2053
1416,1417,1672
1482,1483,1595
1519,1521,1529
1563,1865,2079
1607,1760,2046
1780,1904,2117
1847,2413,2573
1872,1880,2539
1957,1985,2208
1974,1975,2221
2156,2520,2542
2165,2321,2343
2280,2334,2403
2312,2313,2752
2470,2512,2988
2511,2514,2806
2613,2902,3120
2644,2645,2654
2644,2796,3052
2703,2704,2771
2754,2796,2941
2773,2953,3103
2788,3003,3026
2820,2945,3214
2898,2899,3166
2920,2985,3262
2931,3179,3330
2978,3252,3289
3100,3107,3367
3329,3574,3637
3440,3442,3819
3444,3449,3511
3450,3464,3871
3460,3569,3826
3541,4082,4233
3567,3683,3827
3609,3844,3867
3624,3865,3870
3786,3996,4055
3802,4077,4144
3937,4264,4714
4098,4121,4395
4154,4354,4367
4211,4688,4710
4226,4229,4408
4386,4583,4646
4459,4792,4801
4478,4600,4709
4485,4600,4878
4511,4512,4840
4610,4832,4836
4664,4677,5316
4687,4708,4798
4727,4732,4850
4857,5009,5325
5018,5346,5473
5036,5339,5358
5073,5077,5442
5081,5082,5417
5096,5364,5476
5332,5337,5445
49,125,159
164,223,736
181,778,890
204,807,932
261,513,517
261,567,622
325,555,591
409,411,530
437,438,913
522,605,606
527,737,764
606,803,866
721,751,756
1103,1263,1283
1269,1274,1650
1337,1339,1704
1367,1566,1587
1584,1743,1816
1621,1772,2099
1651,1844,1884
1688,1709,1721
1727,2036,2088
1751,2090,2256
1816,1822,1863
1967,2444,2465
2090,2554,2577
2231,2414,2437
2242,2468,2572
2294,2690,2731
2382,2384,2705
2401,2424,2733
2407,2967,3092
2449,3009,3132
2456,2461,2501
2462,2469,2735
2489,2551,2793
2494,2557,2795
2550,3026,3047
2595,2661,2792
2660,2661,2746
2712,2868,3032
2744,2924,3172
2886,2950,2991
2902,3448,3562
3017,3022,3062
3024,3069,3304
3045,3091,3327
3100,3110,3367
3109,3113,3165
3174,3471,3717
3179,3296,3472
3200,3201,3286
3506,3847,4158
3559,3994,4013
3569,3792,3800
3578,3620,4097
3629,3727,3850
3652,3770,3864
3762,3763,4195
3776,3931,3978
3817,3820,3877
3857,4070,4093
3914,4043,4310
3931,4267,4390
3967,3982,4629
3979,4205,4232
4022,4023,4278
4109,4615,4762
4169,4266,4287
4259,4365,4410
4290,4448,4805
4324,4479,4500
4572,4580,5239
4576,5024,5051
4686,4728,5163
4700,4743,4957
4767,4849,4953
4815,5191,5217
4858,5009,5292
4878,5033,5105
4989,4992,5063
5017,5020,5420
5060,5408,5439
5152,5358,5378
5395,5396,5498
1,27,601
70,430,592
283,855,964
378,418,541
492,494,935
528,624,679
631,883,1019
664,1207,1339
726,768,1027
795,798,857
795,856,868
796,831,1162
831,1107,1162
906,911,952
1046,1048,1377
1274,1649,1703
1371,1491,1647
1384,1387,1491
1440,1444,1627
1447,1510,1569
1607,1610,1650
1657,1834,1869
1702,1991,2032
1961,2234,2264
2127,2138,2278
2318,2388,2721
2351,2690,3122
2374,2409,2766
2424,2431,2543
2561,2600,3038
2739,2914,2977
2821,3148,3213
2833,2884,3296
2842,3391,3513
2858,2980,3089
2862,2871,3319
2906,3187,3284
2922,2924,3311
2964,2971,3083
2999,3289,3300
3006,3293,3304
3053,3115,3168
3067,3070,3087
3123,3131,3248
3199,3200,3332
3362,3365,3808
3450,3464,4117
3573,3825,3841
3686,3721,4168
3699,3833,3875
3784,4172,4226
3964,4306,4375
3966,4228,4398
4091,4657,4801
4204,4333,4336
4243,4309,4336
4244,4537,4787
4263,4369,4413
4292,4451,4804
4330,4478,4709
4370,4666,4730
4462,4586,4736
4572,4580,4860
4696,4794,4901
4749,4816,4959
4803,5105,5316
4917,5107,5133
4938,4939,5305
5318,5319,5506
110,115,551
244,246,542
250,283,335
295,301,379
374,378,603
381,389,648
420,423,548
614,628,822
639,916,1014
644,938,994
853,1056,1114
1168,1383,1406
1226,1276,1742
1280,1287,1399
1325,1870,1984
1355,1360,1400
1392,1395,1659
1564,2018,2074
1570,1577,1722
1616,1983,2000
1659,1683,1832
1734,1737,2115
1735,1788,2208
1860,1862,2279
2166,2314,2631
2203,2384,2487
2260,2528,2550
2320,2596,2643
2328,2660,2746
2400,2445,2717
2672,2679,2804
2682,2841,2864
2895,2900,2907
2921,3168,3342
2924,3027,3313
2928,3192,3314
3089,3207,3348
3133,3135,3143
3140,3173,3250
3234,3359,3393
3329,3550,3572
3431,3687,3694
3495,3558,3624
3544,4145,4256
3726,3738,4033
3789,3937,4218
3885,4183,4238
3911,4214,4734
3923,4204,4254
4109,4654,4762
4436,4762,4779
4517,4521,4583
4538,4542,4931
4540,4603,4668
4618,4620,4910
4763,4764,4906
4845,4997,5321
5140,5347,5356
5175,5284,5429
5313,5425,5481
5486,5492,5502
41,682,806
104,435,443
129,218,576
173,183,633
197,318,329
207,208,523
274,448,561
368,587,766
395,617,828
506,562,563
674,797,952
774,1332,1499
787,790,1118
803,805,1277
853,1114,1283
892,934,1148
975,977,1047
1023,1325,1539
1032,1274,1316
1039,1040,1127
1046,1202,1530
1054,1335,1402
1131,1315,1336
1144,1347,1462
1272,1279,1393
1307,1333,1338
1389,1402,1636
1402,1640,1707
1433,1437,1616
1451,1996,2094
1505,1532,1617
1571,1577,1638
1595,1749,1828
1598,1755,2025
1633,1790,1949
1732,2411,2616
1771,2002,2227
1870,2196,2259
1889,2455,2610
2028,2066,2248
2036,2072,2255
2051,2052,2198
2137,2291,2615
2238,2459,2465
2296,2311,2967
2305,2319,2358
2322,2328,2747
2348,2354,2396
2528,2731,2743
2628,2692,2769
2702,2714,2788
2792,3040,3059
2822,2825,3164
2838,2842,3232
3013,3466,3488
3015,3118,3331
3057,3097,3319
3068,3503,3522
3088,3092,3146
3234,3393,3415
3457,3709,3879
3543,3548,3588
3559,3560,3850
3619,3647,3760
3771,3932,4057
3907,3916,4580
4140,4161,4253
4176,4215,4411
4272,4274,4395
4285,4339,4439
4460,4795,4958
4545,4552,5204
4548,4807,4881
4581,4623,4879
4631,4657,4662
4815,4973,5304
4845,4956,5050
4876,4880,5022
5015,5019,5089
5081,5083,5393
5177,5179,5427
5241,5334,5404
5323,5325,5389
19,29,643
229,281,593
241,269,323
338,343,352
378,380,539
527,530,737
528,680,966
604,804,811
753,756,859
790,1116,1179
911,1417,1554
916,1423,1559
960,970,1243
965,1418,1441
1077,1081,1508
1079,1398,1423
1235,1261,1371
1291,1294,1329
1462,1611,1687
1468,1472,1526
1536,1544,1831
1576,1735,2013
1619,1621,1653
1656,1835,1841
1687,1890,2010
1687,1894,2009
1737,2265,2561
1848,1855,2234
1930,1933,2406
2122,2182,2240
2157,2311,2360
2288,2340,2711
2343,2345,2670
2382,2389,2500
2461,3008,3153
2543,2996,3019
2605,2607,2686
2698,2848,3179
2749,2945,3057
3059,3061,3291
3160,3161,3204
3162,3163,3223
3190,3408,3714
3192,3434,3476
3256,3669,3677
3391,3418,3462
3476,3482,3857
3524,3526,3953
3548,3805,3812
3555,3809,3815
3557,3603,4035
3623,3851,4055
3682,3801,3808
3705,3706,3842
3875,4144,4244
4088,4151,4192
4141,4143,4382
4279,4281,4547
4289,4462,4586
4306,4310,4742
4320,4473,4738
4327,4690,4707
4335,4487,4555
4358,4536,4595
4403,4636,4750
4444,4496,4912
4448,4505,5042
4484,4487,5000
4487,4817,4962
4572,4577,4583
4581,4626,4913
4600,4933,5253
4671,4684,5322
4780,4802,4825
4810,4843,4850
5171,5174,5277
5441,5445,5490
82,253,497
140,292,575
368,811,828
373,377,531
473,550,564
546,756,815
787,1347,1472
993,1115,1275
1036,1147,1150
1231,1258,1302
1330,1656,1719
1439,1444,1485
1458,1464,1631
1484,1918,1937
1537,1539,1859
1605,1606,1973
1704,1716,1930
1744,1796,2212
1819,2313,2625
1862,1863,2118
2041,2044,2189
2136,2139,2168
2285,2295,2727
2437,2439,2865
2816,2985,3097
2871,2886,3318
3079,3107,3220
3083,3085,3239
3186,3207,3313
3254,3409,3473
3255,3407,3428
3263,3490,3531
3320,3604,3645
3379,3382,3778
3397,3691,4174
3543,3589,4063
3655,3659,3710
3909,3912,4028
3984,4008,4273
3994,4430,4464
4026,4071,4341
4070,4296,4448
4082,4095,4355
4130,4379,4415
4149,4312,4313
4274,4719,4771
4385,4585,4644
4388,4389,4701
4558,4916,4953
4659,4992,5260
4804,4805,4935
4838,4993,5270
4884,4939,4947
4894,5068,5130
4895,5068,5287
5006,5056,5368
5191,5256,5366
5204,5211,5459
5289,5350,5501
70,430,479
131,148,625
205,208,464
270,401,517
351,424,547
425,452,537
538,541,573
579,754,817
630,890,1023
682,683,1114
684,1182,1460
743,789,1049
846,853,1178
892,895,1127
909,1015,1148
923,1376,1399
982,1108,1259
1215,1485,1702
1254,1255,1561
1314,1337,1650
1318,1430,1563
1485,1491,1599
1621,2051,2066
1626,1836,1895
1644,1806,2068
1717,1991,2089
1731,2347,2474
1788,2120,2206
1870,2370,2531
1896,1899,1916
2067,2068,2256
2132,2165,2171
2231,2232,2548
2236,2449,2475
2320,2444,2657
2323,2366,2743
2375,2534,2694
2410,2524,2624
2414,2456,2715
2589,2656,2799
2623,2624,2683
2722,3000,3059
2732,2778,2781
2795,3064,3164
2823,2826,3361
2833,2959,3110
2855,2884,3224
2938,3293,3335
3139,3145,3261
3206,3208,3537
3252,3411,3574
3369,3446,3728
3407,3669,3881
3492,3500,3780
3496,3497,3805
3499,3844,4159
3588,3595,3885
3602,3710,3846
3782,3794,3868
3834,4136,4194
3849,4165,4220
3871,3879,4252
3902,3903,4441
3934,3983,4451
3952,3999,4466
4068,4070,4325
4298,4453,4730
4322,4331,4334
4432,4437,4764
4466,4469,5288
4570,5077,5231
4573,4576,4611
4651,4674,4922
4667,5121,5144
4778,4836,4966
4949,4961,5190
5247,5250,5466
5293,5299,5417
65,382,383
85,107,619
185,245,552
316,841,988
527,530,570
642,923,983
703,746,1123
726,790,831
872,1085,1103
1206,1477,1484
1247,1733,2095
1594,1752,1823
1676,1679,1859
1768,1794,1796
1783,1815,2476
1806,2347,2468
1819,1821,2156
1839,1841,2157
2013,2017,2128
2078,2079,2136
2078,2134,2222
2124,2125,2236
2125,2128,2157
2213,2371,2524
2298,2328,2659
2480,2597,2743
2508,2777,2805
2513,2850,3079
2614,2615,2685
2699,3018,3043
2801,3052,3074
2870,3029,3136
2907,3397,3710
2934,2957,3270
3004,3110,3228
3163,3164,3223
3218,3645,3651
3442,3988,4102
3473,3515,3944
3528,3570,4006
3570,3572,4006
3592,3597,3637
3595,3596,3856
3641,3680,3866
3671,4148,4170
3681,3682,3752
3730,3763,3770
3804,4221,4229
3810,3811,4091
3896,3906,4343
3919,3946,3948
3974,3997,4037
3994,3995,4300
4002,4004,4325
4013,4058,4332
4370,4371,4666
4402,4691,4732
4456,4463,4894
4491,4499,5154
4537,4600,4640
4656,4664,5317
4667,4668,4941
4747,4749,4757
4763,5200,5264
4852,5132,5190
4876,4895,5023
4939,5161,5308
4962,5243,5261
4982,5325,5494
5124,5429,5441
5214,5463,5506
28,29,580
30,42,226
36,212,248
90,186,272
133,195,501
145,147,471
247,299,576
261,561,577
324,403,517
387,497,629
565,732,853
583,761,824
585,592,630
586,882,941
628,843,866
648,649,1361
682,1225,1353
699,701,1089
723,1215,1564
855,958,1171
891,894,1186
902,904,1187
999,1120,1291
1117,1120,1177
1155,1479,1531
1215,2074,2090
1304,1851,1963
1332,1340,1999
1503,1628,1720
1532,1615,1677
1574,1694,1695
1600,1609,1620
1604,1606,1861
1646,1809,1837
1905,2183,2240
1938,1961,2235
1961,2104,2234
1980,1983,2045
2008,2067,2145
2371,2377,2799
2443,2447,2776
2471,2533,2595
2685,3053,3116
2686,2840,3160
2729,2900,3019
2822,2823,3361
2854,2858,2906
2933,2938,2978
3025,3028,3045
3076,3174,3281
3130,3163,3229
3214,3302,3346
3358,3365,3375
3411,3416,3423
3412,3415,3781
3486,3488,3752
3557,3559,3992
3574,3808,3858
3635,3636,3744
3710,4197,4217
3731,3737,3798
3799,4025,4065
3823,4004,4107
3905,3954,4293
3931,3958,4002
3941,4757,4804
4034,4039,4079
4050,4051,4365
4134,4135,4403
4154,4157,4389
4238,4298,4355
4500,4503,5017
4553,4598,4872
4681,5116,5179
5074,5109,5228
0,8,22
143,173,190
266,315,449
328,441,518
381,393,486
386,583,614
538,573,626
631,880,915
686,736,1202
761,762,1097
792,806,1080
835,838,873
979,988,1101
1015,1166,1172
1103,1263,1328
1224,1492,1704
1260,1263,1631
1276,1282,1323
1503,1505,1630
1698,1922,2073
1724,2073,2102
1872,1877,1883
2068,2098,2116
2112,2187,2211
2206,2390,2448
2253,2511,2619
2271,2326,2396
2307,2384,2703
2327,2329,2866
2394,2952,3119
2416,2418,2889
2424,2698,2699
2444,2665,2819
2482,2713,2716
2519,2561,2996
2624,2744,2910
2638,2656,2728
2661,2826,3180
2693,2850,2872
2733,2786,2904
2749,2936,2942
2834,3169,3272
2846,2853,3668
2932,2945,3591
3001,3261,3268
3047,3049,3315
3190,3192,3255
3235,3236,3338
3250,3401,3624
3351,3427,3441
3351,3432,3775
3385,3398,3850
3397,3400,3800
3504,3511,3623
3750,4017,4034
3757,3911,4235
3895,4444,4612
3995,3997,4314
4014,4018,4374
4079,4085,4234
4148,4583,4602
4151,4249,4356
4202,4241,4722
4308,4631,4696
4628,4885,4892
4646,4648,5080
4673,4735,4788
4709,4806,4827
4846,5000,5320
4878,4949,5033
5040,5086,5408
5197,5200,5235
13,189,565
51,374,375
140,292,424
163,169,179
242,296,752
299,307,437
302,308,314
316,557,564
468,532,609
495,652,999
566,567,844
592,775,1018
652,657,984
653,656,1104
656,657,1139
754,1003,1187
782,784,1043
880,1131,1313
1039,1041,1126
1121,1128,1171
1225,1238,1690
1244,1296,1758
1467,1508,1986
1484,1486,1586
1489,1789,2047
1559,1669,1676
1771,2269,2440
1831,1837,2259
1875,1878,1981
1895,1940,2196
2080,2540,2564
2090,2261,2532
2330,2871,3034
2471,2497,2502
2482,2503,2544
2487,2659,2660
2510,3051,3159
2549,2551,2789
2880,2928,3187
2946,2950,2991
2952,2957,3324
3047,3295,3480
3180,3630,3648
3214,3495,3562
3232,3390,3412
3258,3259,3571
3391,3392,3791
3434,3548,3812
3439,3933,4245
3460,3463,3522
3677,3678,3729
3715,3716,3849
3731,3799,3892
3783,3935,3966
3836,3839,4019
3967,3982,4403
4062,4064,4314
4147,4150,4167
4147,4166,4179
4161,4165,4220
4245,4402,4420
4315,4571,4588
4565,4586,4626
4594,4601,4827
4647,4901,4933
4835,5269,5290
4861,5012,5290
5162,5166,5498
5239,5267,5380
41,116,596
51,56,424
52,770,1012
69,70,551
69,138,464
220,509,529
373,405,676
657,931,938
694,698,746
771,1129,1424
800,807,1090
909,1144,1167
1002,1009,1116
1061,1146,1218
1071,1232,1357
1213,1609,1680
1297,1838,1996
1328,1755,1774
1372,1680,2027
1516,1637,1644
1574,1724,1731
1616,1766,2086
1704,1935,2038
1754,1802,2147
1765,1772,1781
1778,2009,2230
1880,1893,2170
1966,2301,2567
2103,2213,2219
2131,2293,2342
2134,2136,2415
2155,2156,2218
2196,2378,2536
2284,2452,2563
2302,2375,2712
2366,2368,2743
2378,2391,3036
2423,2899,2921
2447,2992,3103
2730,2901,2919
2876,2998,3212
2914,3190,3230
2918,2922,3311
3005,3482,3503
3064,3164,3277
3219,3347,3654
3252,3418,3574
3311,3520,3581
3334,3587,3651
3481,3548,3837
3532,3555,3594
3577,3580,3615
3611,3652,3861
3611,3709,3816
3760,3780,3844
3917,3922,3972
4006,4048,4296
4025,4046,4086
4374,4416,4561
4506,4621,4888
4541,5013,5035
4562,4563,4818
4652,4883,5040
5033,5147,5422
5052,5319,5380
5253,5257,5368
97,109,274
204,209,290
322,380,858
326,493,494
497,645,941
659,662,1183
691,740,1120
892,937,1159
1114,1288,1350
1115,1503,1511
1116,1120,1124
1223,1233,1654
1440,1779,1998
1656,1660,1664
1898,2018,2179
1931,1993,2055
2119,2390,2448
2249,2261,2490
2317,2319,2856
2335,2826,3180
2352,2359,2758
2419,2459,2749
2494,2517,2557
2501,2644,2774
2600,2603,3038
2717,2886,3001
2734,2908,2970
2736,2915,2921
2801,3076,3135
2946,2948,3212
3361,3366,3690
3402,3408,3827
3490,3552,3847
3545,3546,3844
3592,3595,4068
3769,3922,4196
3814,3838,3983
3830,4129,4188
3971,3972,4379
3974,4233,4401
3982,4355,4403
4016,4022,4135
4028,4031,4449
4113,4114,4414
4158,4164,4331
4319,4469,4752
4365,4548,4667
4388,4591,4608
4924,5133,5242
5185,5249,5355
82,245,387
123,156,299
137,139,738
343,352,465
496,507,648
515,672,743
569,740,747
601,796,831
734,1282,1395
1034,1191,1274
1043,1200,1282
1060,1071,1347
1232,1631,1635
1304,1554,1711
1318,1676,1713
1545,1546,1682
1762,1763,2161
1767,2331,2460
1961,1963,2264
2166,2318,2365
2169,2171,2485
2186,2349,2377
2272,2951,3156
2276,2619,2724
2381,2383,2847
2402,2403,2729
2431,2705,2708
2675,2829,2908
2825,3268,3280
2862,2868,2875
2880,2883,3397
2978,2984,3098
2989,3012,3278
3018,3036,3049
3038,3085,3558
3041,3047,3184
3130,3410,3673
3184,3638,3694
3365,3808,3820
3599,3641,3851
3623,3625,3779
3663,3790,3877
3698,3699,3886
3705,3706,4189
3741,3956,4259
3827,3857,3869
3866,4099,4120
3945,4016,4283
3950,4340,4407
3983,3987,4299
3998,4002,4391
4142,4148,4427
4155,4156,4391
4184,4618,4637
4285,4446,4466
4369,4372,4376
4444,4445,4887
4453,4579,4730
4477,4480,4880
4576,4843,4997
4716,4717,4940
4738,4858,4893
4889,5023,5182
5049,5053,5072
5055,5068,5485
5072,5117,5425
5172,5406,5407
5372,5376,5423
43,647,954
50,57,411
93,95,489
178,179,561
202,206,236
240,249,507
276,281,638
527,528,624
527,680,966
707,709,1028
787,791,808
803,805,1110
808,811,1056
859,861,1293
885,932,1405
987,989,1173
1009,1116,1179
1113,1114,1398
1198,1207,1680
1199,1252,1621
1283,1326,1748
1337,1651,1704
1357,1359,1622
1417,1445,1668
1452,1499,1931
1747,1761,1802
1747,1762,2420
1830,1831,2525
1839,1885,2357
1935,2044,2189
2147,2148,2191
2197,2409,2528
2379,2381,2846
2491,2511,2523
2510,2749,2756
2555,2901,3121
2577,2768,2968
2588,2590,2623
2650,2815,2868
2838,2841,2914
2839,2842,3238
2861,3344,3634
2883,2884,3209
2889,3450,3617
2899,3389,3705
2918,2925,3330
2960,2964,2971
2966,3250,3307
2988,3030,3466
3060,3084,3249
3199,3200,3287
3203,3204,3317
3242,3254,3328
3355,3738,3841
3430,3916,4052
3460,3463,3566
3503,3774,3926
3509,3616,3852
3697,3699,4019
3970,3974,4315
4006,4011,4050
4068,4072,4113
4147,4150,4211
4155,4323,4324
4236,4242,4357
4279,4280,4412
4292,4504,4803
4339,4565,4605
4399,4614,4768
4524,4593,4874
4567,4570,4898
4595,4637,4887
4637,4642,4682
4670,4711,4947
4813,5143,5168
4895,5067,5283
4927,4930,5246
5178,5196,5209
19,60,71
41,529,600
82,436,596
94,104,587
181,479,630
186,792,959
232,286,563
315,585,601
655,776,1105
690,693,1079
711,716,723
752,797,1105
759,801,1276
814,821,1473
824,825,1133
888,890,1157
980,983,1418
1040,1172,1254
1096,1115,1243
1163,1396,1510
1214,1652,1664
1361,1372,2020
1379,1385,1534
1427,1428,1701
1583,1743,1816
1615,1617,1867
1792,1843,2307
1859,1863,1868
1873,1879,2149
1905,1907,2240
1966,2068,2145
1971,1984,2622
2018,2019,2115
2215,2379,2402
2228,2244,2428
2243,2482,2590
2330,2398,2438
2333,2939,3063
2445,2450,2564
2946,2993,3421
2976,3534,3695
3071,3129,3196
3180,3630,3689
3196,3207,3348
3217,3266,3267
3355,3747,3853
3370,3374,3635
3408,3726,3828
3455,3457,3774
3488,3491,3909
3748,3886,4188
3750,3752,4014
3775,3776,3838
3801,3967,4088
3838,4053,4092
3840,4040,4196
3875,4134,4245
3903,3906,4441
3963,3964,4289
4118,4120,4359
4118,4160,4637
4155,4387,4399
4302,4385,4386
4475,4504,4844
4625,4627,4914
4637,4639,5072
4651,4654,4826
4671,4674,4681
4755,4819,4906
4819,4821,4906
4848,4850,5171
4859,4861,5178
4958,5242,5283
5233,5236,5360
5325,5326,5375
57,411,624
96,310,560
112,117,260
115,117,511
140,553,856
179,180,544
206,519,548
320,328,479
424,569,623
446,449,628
549,628,696
550,701,924
801,803,1276
906,948,1154
911,1456,1554
971,1146,1168
1046,1048,1102
1056,1288,1329
1096,1250,1513
1207,1216,1880
1309,1553,1723
1328,1599,1628
1393,1654,1823
1483,1753,2027
1577,1736,2062
1676,1862,2102
1724,2018,2074
1854,1858,2214
1856,1858,2237
1977,2036,2072
2066,2069,2248
2137,2242,2290
2156,2217,2218
2191,2332,2359
2302,2426,2576
2311,2809,2980
2328,2661,2747
2437,2438,2712
2461,2608,2721
2668,2806,3108
2740,2917,3167
2829,2882,2949
2978,2984,3329
3057,3152,3240
3075,3076,3343
3078,3079,3385
3094,3138,3613
3108,3110,3147
3182,3184,3207
3189,3617,3634
3206,3362,3690
3242,3397,3678
3285,3468,3475
3289,3485,3597
3382,3656,3844
3394,3397,3887
3446,3730,3823
3457,4004,4156
3464,3616,3828
3481,3500,3512
3486,3533,3961
3588,3590,3857
3654,3657,3857
3735,3869,3892
3739,3741,4007
3781,3880,3883
3811,3982,4044
3935,4011,4273
3938,3986,4364
4001,4473,4495
4028,4455,4527
4046,4300,4320
4310,4463,4794
4336,4403,4405
4373,4570,4684
4383,4576,4639
4519,4772,4958
4534,4569,4926
4591,4865,5014
4628,4773,4885
4822,4826,4883
4935,5146,5163
4980,5034,5103
5044,5385,5454
5063,5109,5369
5108,5111,5375
5110,5324,5497
5377,5379,5426
30,44,222
97,113,266
178,492,614
257,292,343
275,281,425
516,548,671
684,952,1164
700,818,931
809,871,937
838,840,1130
920,966,1440
954,992,1175
1018,1020,1036
1050,1052,1314
1213,1600,1880
1264,1385,1606
1309,1310,1624
1553,1625,1723
1588,1714,1726
1612,1614,1689
1679,1868,2078
1736,2062,2079
1739,1746,2263
1753,1804,2103
1814,2073,2241
1956,1961,2264
1993,1997,2057
2060,2062,2093
2094,2391,2639
2182,2460,2519
2269,2274,2365
2396,2515,2665
2454,2455,3145
2734,2747,2768
2736,2744,2799
2785,2787,3133
2798,3038,3061
2829,2832,2903
2912,2954,3192
2936,3186,3265
2984,3205,3359
3097,3098,3335
3271,3442,3504
3345,3643,3698
3446,3447,3727
3461,3462,3797
3524,3955,3976
3640,3647,3907
3771,3790,3847
3776,3837,3838
3792,3797,4075
3818,4147,4169
3827,3848,4006
3874,4127,4146
3892,4238,4295
3933,4198,4406
3994,4029,4386
4009,4010,4324
4091,4117,4122
4154,4157,4312
4281,4314,4469
4295,4452,4523
4300,4311,4387
4380,4580,4736
4418,4684,4743
4507,4515,4943
4530,4535,4541
4562,4986,5006
4590,4591,4905
4696,4901,4908
4724,5158,5221
4844,4915,5050
4867,5230,5247
4918,5133,5172
5057,5061,5123
5124,5243,5434
5226,5228,5455
5229,5392,5393
5246,5251,5357
29,968,989
306,884,1001
343,346,646
349,377,423
350,352,794
362,368,475
496,550,649
528,530,570
564,981,989
639,877,1014
674,993,1124
685,692,1095
708,1041,1127
737,762,1083
929,1195,1476
951,953,1057
1075,1076,1178
1119,1294,1357
1201,1202,1530
1267,1272,1279
1288,1329,1589
1332,1346,1999
1516,1548,1620
1527,1609,1713
1590,1670,1714
1594,1878,1937
1600,1620,1684
1663,1907,1947
1696,1725,1909
1712,1963,2061
1740,1743,1816
1804,2129,2216
1811,1812,2140
1812,2140,2219
1837,1877,2185
1970,2219,2255
2076,2084,2197
2108,2275,2326
2273,2276,2724
2399,2410,3058
2408,2409,2669
2591,2788,3024
2616,2624,2911
2676,2835,2854
2771,2977,2998
2921,2923,3233
2943,3216,3303
2977,2979,3254
3141,3212,3334
3203,3204,3345
3310,3527,3636
3368,3420,3791
3518,3524,3869
3534,3539,3545
3572,3573,3825
3581,3587,3884
3614,4051,4068
3714,3821,3871
3772,3774,3849
3805,3975,4095
3863,3865,4207
3918,4482,4655
4088,4345,4352
4214,4217,4692
4262,4264,4287
4323,4391,4475
4381,4576,4611
4384,4587,4702
4508,4511,4817
4526,4807,4904
4593,5140,5249
4707,4710,5184
4713,4717,4828
4776,4777,4913
4817,4965,5261
4864,4865,5248
4885,4892,4941
4908,5091,5337
4985,4986,5440
5033,5037,5144
5046,5161,5308
5094,5115,5222
5344,5345,5354
5388,5390,5430
120,127,137
164,223,505
252,255,334
393,486,613
470,471,955
618,621,961
660,740,1086
1037,1185,1481
1071,1189,1360
1182,1522,1553
1341,1383,1860
1356,1379,1674
1374,1375,1648
1399,1401,1658
1463,1659,1691
1500,1501,1649
1555,1556,2001
1569,1730,2096
1616,1718,1818
1727,2037,2057
1751,1754,2089
1753,2030,2220
1890,2175,2248
1982,2141,2142
2024,2026,2182
2025,2139,2242
2027,2036,2296
2049,2050,2110
2090,2091,2225
2100,2101,2232
2258,2542,2583
2324,2327,2690
2349,2373,2480
2431,2705,2854
2494,2778,3145
2589,2590,2650
2678,2833,3107
2782,2794,3003
2984,3415,3436
3111,3113,3217
3305,3502,3569
3370,4003,4247
3378,3430,3455
3429,3434,3810
3488,3788,3911
3508,3552,3817
3645,3759,3862
3674,3677,3864
3747,4177,4184
4077,4678,4791
4176,4444,4720
4255,4703,4763
4523,4527,4991
4778,4834,4922
5275,5329,5393
42,530,571
86,130,293
124,129,421
129,735,855
147,697,1010
166,249,263
259,288,418
289,546,547
484,938,954
517,519,566
669,790,1061
708,710,1041
710,869,976
772,779,1175
845,1322,1343
859,860,1116
924,1082,1094
1050,1051,1131
1073,1148,1149
1107,1271,1294
1143,1402,1442
1284,1289,1351
1428,1435,1540
1448,1450,1601
1676,1865,2076
1754,2073,2204
2154,2279,2313
2315,2339,2353
2334,2335,2641
2389,2861,2883
2555,2612,2696
2611,2645,3095
2620,3080,3104
2625,2626,3109
2635,2636,3081
2675,2832,2903
2747,2929,2990
2815,3198,3301
2851,3349,3520
2854,2903,3219
2911,2939,3337
2990,3423,3488
3097,3319,3335
3175,3176,3309
3220,3231,3507
3221,3505,3564
3297,3491,3508
3360,3363,3482
3487,3490,3818
3594,3705,3843
3790,4164,4170
3830,3831,4126
3909,3962,4029
4001,4003,4312
4126,4192,4308
4234,4404,4630
4237,4240,4262
4512,4857,4918
4631,4634,4692
4653,4654,4954
4702,5018,5246
5131,5405,5408
5236,5441,5448
5241,5299,5310
65,358,383
138,147,579
165,171,308
176,180,314
195,201,254
226,228,527
243,247,615
272,595,636
305,310,362
313,343,602
335,337,645
385,486,507
391,453,482
508,989,1005
563,587,720
624,916,958
695,698,1033
736,783,1038
862,970,1093
1086,1293,1360
1127,1309,1370
1150,1153,1473
1237,1240,1563
1238,1286,1549
1322,1588,1617
1353,1611,1630
1596,1599,1628
1599,1754,2073
1682,2033,2048
1730,1733,2262
1767,1770,1792
1898,2179,2249
1931,1935,2159
2115,2272,2619
2120,2206,2207
2246,2479,2500
2304,3125,3140
2458,2460,2934
2479,2683,2715
2514,2517,2763
2661,2876,3179
2749,2752,2756
2859,2861,3249
2879,2884,2891
2940,2982,3234
2996,3038,3279
3015,3562,3670
3062,3064,3347
3087,3090,3564
3222,3381,3404
3245,3401,3423
3279,3454,3473
3352,3696,3706
3380,3383,3714
3469,3752,3937
3513,3736,3850
3558,3579,3681
3612,3658,3863
3645,3753,3806
3824,3828,3998
3856,4069,4095
3976,3982,4023
3986,3988,4270
4149,4384,4407
4160,4163,4637
4175,4179,4231
4240,4418,4679
4270,4437,4795
4295,4296,4382
4423,4709,4798
4436,4826,4882
4437,5282,5303
4444,4522,4563
4595,4640,4896
4598,4879,4949
4674,4785,4923
4717,4718,4955
4747,4753,4872
4868,5066,5329
4874,4875,5185
5002,5003,5401
5338,5353,5475
1,17,601
105,115,271
227,229,626
355,403,618
407,410,614
623,862,970
679,684,966
695,719,733
712,759,1077
753,818,1098
799,1346,1496
950,1049,1140
1070,1182,1460
1161,1386,1393
1193,1196,1539
1195,1274,1316
1196,1522,1539
1228,1232,1489
1256,1258,1671
1286,1400,1509
1502,1505,1700
1689,2001,2062
1809,1833,1940
1854,1875,1982
1979,1984,2025
2028,2031,2234
2089,2384,2634
2136,2194,2218
2142,2143,2575
2342,2343,2645
2391,2938,3050
2461,2501,2770
2491,2513,2612
2517,3058,3164
2616,2622,2911
2634,2752,2925
2672,2705,2857
2676,2708,2831
2688,2784,2839
2719,2878,2985
2740,2914,3163
2762,3109,3130
2846,2851,2900
2941,2944,2961
3096,3218,3358
3203,3363,3436
3293,3483,3488
3308,3324,3508
3334,3343,3585
3585,3627,3846
3641,3644,4076
3703,3705,3769
3733,3854,3891
3741,3774,3929
3925,3939,3978
3944,3947,4460
4021,4580,4705
4120,4122,4596
4266,4444,4612
4384,4593,4702
4532,4534,4846
4558,5105,5217
4687,4690,4707
4717,4939,4955
4811,5033,5105
4862,5025,5098
5130,5402,5409
217,261,410
280,505,571
365,368,395
531,692,701
532,534,609
545,563,587
704,752,1066
761,762,1071
793,821,1058
834,839,1176
913,917,934
936,1204,1480
950,1060,1080
987,1064,1134
1142,1143,1489
1159,1167,1519
1204,1372,1598
1232,1357,1631
1248,1412,1581
1250,1295,1600
1418,1460,1937
1425,1467,1944
1487,1492,1610
1497,1678,1688
1500,1503,1628
1547,1552,1661
1549,1661,1668
1577,1712,1725
1597,1702,1750
1760,2095,2540
1769,2100,2260
1816,1860,2121
1818,2305,2439
1820,2167,2198
1839,1844,1884
1967,1968,2241
1987,2274,2546
2017,2122,2182
2125,2286,2359
2273,2620,3101
2357,2426,2733
2416,2683,2686
2463,2505,2982
2486,2487,2773
2498,2500,2975
2700,2853,3118
2783,3012,3131
2855,2881,2991
2863,2870,3327
2966,3116,3220
2983,3006,3297
3027,3281,3313
3061,3062,3300
3192,3355,3476
3378,3942,4115
3402,3403,3867
3525,3527,3803
3669,3670,3730
3747,3904,4183
3853,4072,4183
3896,4070,4288
3898,3907,4380
4037,4197,4351
4102,4340,4407
4137,4239,4373
4188,4230,4666
4322,4476,4803
4332,4340,4407
4622,4626,4958
4633,4634,4917
4640,4646,4757
4679,4681,4911
4701,4759,4770
4708,4712,4766
4833,4990,5329
4864,4963,5015
4958,5224,5283
5003,5435,5448
5039,5054,5481
5135,5137,5383
5179,5181,5406
5235,5471,5503
5353,5475,5504
5361,5368,5503
5412,5413,5487
7,13,503
66,67,432
386,843,866
443,880,899
542,555,696
559,715,782
565,572,621
664,1049,1140
676,691,1147
706,707,1016
739,741,1076
848,993,1105
1032,1034,1155
1058,1485,1491
1152,1468,1528
1182,1463,1523
1227,1791,1920
1233,1463,1498
1291,1319,1978
1295,1613,1689
1311,1669,1964
1604,1674,1716
1622,1789,1853
1654,1827,1849
1663,1686,1839
1787,2277,2635
1849,2288,2321
1907,1947,2201
1949,2172,2180
2007,2048,2242
2051,2052,2167
2083,2149,2176
2136,2295,2314
2254,2570,2607
2309,2312,2639
2437,2439,2714
2444,2661,2665
2524,2565,2778
2597,3052,3074
2684,2941,2966
2720,2878,3142
2765,2807,2962
2831,3134,3654
2868,3200,3286
2889,2893,2956
2890,3159,3235
2892,3006,3152
2945,3451,3604
2954,2956,3192
3055,3056,3316
3172,3177,3465
3215,3372,3443
3375,3645,3651
3400,3524,3737
3436,3480,3899
3605,3609,3614
3728,3823,3946
3801,3805,3861
3829,3832,3836
3879,4149,4255
3922,4046,4196
3960,4008,4267
3986,4100,4209
4118,4164,4405
4166,4171,4178
4274,4394,4395
4444,4829,4920
4462,5011,5133
4494,4799,4830
4653,4911,4954
4958,4965,5219
4976,4977,5459
5012,5021,5415
5020,5296,5456
5417,5421,5478
7,123,218
55,56,541
147,701,1010
232,238,289
253,501,505
469,581,588
487,531,610
578,907,929
593,790,904
750,758,1171
788,1215,1234
825,830,1160
850,853,1103
859,861,1086
871,875,892
963,964,1088
1007,1008,1015
1024,1025,1155
1068,1164,1219
1214,1224,1651
1232,1350,1464
1302,1304,1625
1321,1340,1352
1341,1343,1816
1375,1378,1413
1430,1715,2076
1658,1720,1833
1739,1742,2606
1765,1779,1818
1914,1915,2188
2169,2485,2510
2235,2446,2463
2356,2359,2822
2403,2514,2618
2417,2423,2577
2417,2577,2731
2447,2468,2508
2521,2523,2955
2576,2596,2628
2835,3694,3710
2922,3075,3173
3004,3069,3309
3055,3508,3530
3136,3168,3240
3206,3208,3262
3223,3267,3377
3423,3425,3750
3424,3426,3766
3564,3606,4041
3570,3615,3847
3583,3825,3832
3643,3769,3907
3715,4163,4181
3731,3892,4239
3915,4416,4427
3929,3932,4259
4011,4050,4333
4053,4276,4390
4191,4386,4581
4300,4465,4593
4313,4701,4762
4503,4761,4954
4597,4599,4874
4597,4812,4970
4631,4695,4932
4694,4894,4907
4724,4725,4938
4783,4784,4843
4857,4861,5288
4875,4899,5024
5028,5360,5446
5059,5060,5440
5075,5077,5468
5191,5195,5258
38,467,476
61,71,465
67,446,640
101,779,903
108,116,126
211,213,947
214,241,244
271,273,774
413,417,437
491,717,780
499,659,1021
621,849,964
637,905,1009
663,666,1042
689,1020,1467
774,778,1134
1295,1600,1632
1572,1606,1733
1610,1718,1722
1634,1785,1858
1707,1954,2062
1726,2030,2083
1769,1772,2099
1786,2268,2453
1881,1927,2401
1916,1958,2199
1918,2395,2416
1968,1975,2080
1985,1996,2632
2006,2016,2106
2274,2277,2655
2279,2286,3146
2312,2321,2437
2415,2480,2742
2494,2535,2767
2652,2654,3095
2696,2798,2898
2851,2852,3255
2876,2883,2998
2941,2944,3005
2998,3452,3475
3031,3034,3206
3152,3235,3297
3179,3478,3723
3356,3699,3804
3437,3506,3813
3446,3447,3824
3447,3941,4250
3474,3477,3494
3502,4103,4224
3727,3736,3790
3773,4165,4220
3963,4451,4804
4025,4531,4684
4030,4144,4360
4109,4171,4413
4121,4123,4424
4126,4189,4243
4445,4455,4887
4463,4794,4895
4484,4487,4850
4519,4745,4772
4581,4627,5101
4656,4657,5337
4668,4670,4937
4684,4743,4870
4736,4788,4880
4766,4769,4948
4771,4773,4802
4813,4814,4934
5018,5020,5419
11,12,652
18,20,100
27,509,792
59,70,83
264,275,421
576,577,905
597,787,813
672,675,1057
693,1511,1560
761,1041,1081
921,1265,1519
981,982,1174
1139,1328,1538
1141,1336,1371
1256,1263,1378
1264,1271,1385
1277,1282,1653
1287,1631,1727
1398,1462,1629
1462,1576,1729
1496,1600,1684
1593,1809,1837
1637,1799,1921
1701,1926,1933
1754,1755,2204
1756,1765,2427
1954,2461,2608
1974,1981,2266
1979,2021,2456
1987,2006,2019
2124,2283,2356
2145,2513,2576
2164,2231,2232
2189,2360,2367
2196,2375,2534
2373,2482,2742
2405,2466,2764
2490,2492,2734
2634,2931,3177
2818,2825,2835
2824,3209,3300
2856,3157,3161
2914,2916,3221
2926,2929,3248
2955,3556,3678
2956,2991,3111
3124,3448,3667
3173,3180,3245
3182,3184,3272
3184,3185,3194
3353,3662,3872
3369,3422,3489
3371,3372,3910
3404,3456,3918
3488,3759,3788
3662,3664,3698
3722,3724,3747
3742,3748,3802
3816,3995,4001
3983,4026,4448
3997,4037,4345
4064,4281,4285
4119,4122,4181
4141,4576,4639
4273,4394,4431
4466,4521,5058
4512,4633,4857
4535,4854,4928
4742,4745,4940
4844,4846,5101
4898,4899,5227
4915,4926,4942
4933,5145,5264
5023,5027,5066
5040,5088,5347
5190,5232,5458
88,96,159
94,474,486
135,425,452
274,403,637
276,292,575
532,609,642
593,751,904
823,846,1137
841,1161,1501
853,854,1327
856,863,1100
901,902,1140
908,1343,1362
935,939,991
1041,1045,1099
1126,1127,1419
1282,1633,1936
1364,1365,1673
1462,1567,1576
1543,1603,1727
1569,1997,2014
1893,2434,2549
1973,2073,2156
2117,2276,2602
2126,2240,2281
2252,2262,2498
2306,2313,2806
2375,2377,2768
2433,2691,2710
2496,2510,2756
2512,2554,3030
2521,2523,2674
2648,2742,2801
2663,2664,2805
2665,2668,2697
2693,3085,3140
2943,3198,3269
3003,3045,3283
3003,3048,3313
3045,3050,3091
3205,3442,3483
3243,3244,3343
3319,3327,3679
3361,3688,3753
3362,3705,4188
3384,3882,4160
3407,3409,3728
3418,3525,3833
3742,3746,3860
3915,4185,4191
3931,4002,4337
4004,4067,4107
4078,4272,4347
4269,4270,4362
4278,4445,4455
4299,4754,4774
4368,4372,4545
4400,4684,4725
4432,4776,4786
4499,4504,4511
4520,4851,4900
4630,4674,4921
4834,4836,4922
4985,5377,5426
5047,5055,5483
5071,5077,5499
5074,5323,5507
5110,5172,5467
5122,5231,5469
5281,5285,5312
5415,5451,5471
2,13,256
34,43,147
70,235,379
74,142,671
222,238,918
238,531,550
326,328,614
346,452,540
488,760,827
491,497,558
565,569,623
642,922,1013
718,874,982
802,805,908
851,913,975
936,993,1022
969,970,1030
1041,1048,1183
1464,1622,1634
1647,1814,1877
1960,1962,2436
2014,2058,2533
2244,2473,2534
2289,2410,2681
2457,2563,2677
2638,2640,2728
2651,2873,2945
2664,2665,2776
2874,2878,3210
2878,3426,3541
2891,3230,3662
3001,3148,3261
3036,3044,3296
3076,3281,3288
3180,3328,3334
3259,3415,3482
3277,3457,3611
3494,3496,3732
3796,3950,4213
3837,4031,4048
3900,3954,4023
4011,4372,4410
4213,4219,4491
4307,4351,4459
4355,4528,4747
4360,4364,4530
4402,4414,4623
4468,4471,4862
4535,4537,4928
4570,4632,4927
4576,4611,4731
4597,4599,4862
4611,4731,4887
4679,4721,4931
4831,4993,5042
4846,5002,5052
4869,4871,5185
4884,4888,5039
4976,4986,5423
5085,5088,5474
5164,5167,5271
5203,5445,5452
5208,5210,5505
26,29,661
161,758,916
325,327,816
370,474,581
492,734,776
625,863,976
674,675,1124
799,1144,1459
835,863,1519
846,1133,1144
1087,1118,1119
1099,1135,1154
1336,1371,1491
1354,1367,2013
1375,1403,2059
1467,1508,1702
1497,1499,1608
1589,1598,1609
1758,1785,1898
1894,1898,1904
1989,2224,2247
2068,2354,2581
2158,2159,2194
2270,2328,2748
2287,2296,2764
2366,2629,2647
2386,2389,2854
2496,2504,3157
2504,2511,2759
2601,2672,2794
2629,2736,2799
2664,2805,2820
2677,3004,3071
2703,2979,2996
2789,2796,2804
2797,3062,3170
2815,2816,3263
2817,2860,2984
2903,2908,2949
2971,2972,3238
3087,3128,3322
3149,3150,3586
3220,3391,3513
3283,3314,3328
3335,3594,3705
3501,3503,3976
3538,4015,4036
3612,3654,3857
3643,3913,4190
3747,3758,3898
3777,3980,4244
4004,4254,4411
4036,4071,4402
4044,4046,4406
4054,4067,4713
4058,4060,4339
4092,4095,4359
4109,4130,4171
4159,4198,4321
4248,4250,4340
4269,4362,4363
4394,4581,4604
4638,4702,4869
4710,4711,4953
4717,4822,4882
4766,4801,5248
4803,5105,5319
4870,5018,5246
4872,4873,4947
4906,5202,5261
4910,4911,5206
5040,5043,5411
5047,5052,5059
5224,5242,5283
5451,5463,5480
44,50,64
258,312,766
312,369,607
343,344,601
364,576,584
478,479,492
612,643,816
678,681,754
785,846,1144
1014,1311,1559
1102,1103,1377
1178,1185,1439
1190,1246,1556
1300,1303,1406
1350,1353,1708
1367,1388,1428
1419,1485,1597
1437,1984,2084
1470,1694,1902
1602,1758,1790
1665,1858,1970
1685,1885,1944
1820,1827,2199
1855,2146,2273
2050,2083,2149
2065,2067,2146
2100,2101,2164
2108,2383,2442
2245,2489,2596
2299,2304,2586
2424,2729,2741
2500,2502,2976
2501,2507,2644
2526,2573,3004
2533,2537,2554
2564,2565,2797
2568,2571,3003
2826,3668,3689
2831,3170,3654
2938,3296,3333
3159,3280,3451
3202,3421,3490
3243,3311,3395
3281,3471,3583
3347,3634,3657
3374,3768,3810
3515,3561,3993
3528,3530,3960
3562,3670,3793
3630,3631,3867
3683,3684,3740
3703,3704,3763
3740,3899,4261
3784,3785,3852
3922,4196,4384
4041,4043,4516
4046,4149,4407
4173,4180,4438
4327,4328,4358
4582,5183,5304
4623,4625,4879
4720,4725,4839
4834,4923,4989
4865,5021,5043
4912,4916,5092
4925,5122,5189
4990,4995,5315
5186,5187,5473
5215,5216,5476
5261,5263,5301
5314,5315,5385
5338,5356,5428
28,103,513
68,71,688
84,94,104
304,310,387
351,376,473
410,411,639
441,442,634
462,463,470
516,519,548
555,707,775
593,783,788
594,781,806
740,1071,1120
742,855,1115
820,1361,1476
867,869,1172
869,890,931
890,950,987
954,957,1157
1157,1164,1176
1199,1202,1723
1282,1323,1578
1390,1434,1681
1432,1435,1667
1586,1741,2084
1641,1804,1925
1670,1714,1854
1834,2110,2300
1852,1865,2511
1891,1892,2193
1919,2215,2256
1940,2108,2109
2036,2056,2088
2220,2420,2576
2403,2405,2676
2627,2628,2635
2839,3172,3181
2950,3280,3337
2957,2959,3324
3026,3461,3480
3107,3112,3230
3247,3394,3711
3332,3580,3644
3352,3353,3684
3406,3888,4073
3465,3478,4124
3513,3850,4166
3545,3811,3976
3565,3586,3687
3623,3658,3781
3629,3688,3718
3650,3780,3916
3703,3761,3845
3762,4199,4214
3868,4083,4106
3870,4124,4263
3988,4102,4210
4063,4082,4094
4096,4100,4106
4134,4137,4383
4237,4257,4552
4346,4509,4537
4405,4640,4646
4410,4661,4667
4467,4544,4863
4468,4750,4862
4508,4514,4556
4510,4511,4781
4553,4558,4598
4762,4877,4939
4975,5054,5096
4983,4986,5366
5131,5132,5433
5327,5332,5441
86,93,146
281,290,425
283,565,572
319,321,592
337,409,447
349,355,423
500,501,586
530,642,920
582,641,760
638,922,963
761,763,1073
867,872,983
908,910,1061
971,1425,1448
1013,1015,1090
1082,1089,1095
1117,1133,1177
1198,1205,1215
1279,1280,1660
1353,1392,1657
1382,1386,1393
1407,1579,1580
1697,1935,1974
1840,1844,2206
1914,1928,2581
2092,2093,2100
2315,2879,3007
2356,2400,2819
2427,2440,3086
2445,2723,2780
2506,2509,2609
2513,2517,2696
2692,2969,3034
2730,2731,3011
2806,3111,3131
2812,3156,3166
2862,2868,3287
2936,3048,3182
3022,3569,3676
3170,3324,3341
3269,3403,3562
3307,3510,3630
3361,3362,3690
3361,3364,3753
3495,4096,4218
3764,3834,3876
3787,3788,3818
4189,4207,4218
4250,4421,4692
4302,4458,4490
4394,4395,4715
4515,4520,4899
4588,4591,5063
4640,4896,4930
4830,4911,5042
4971,4974,5048
5012,5013,5452
5143,5146,5163
5323,5330,5383
5348,5442,5501
5421,5428,5478
5458,5468,5484
90,247,558
169,545,611
286,340,587
346,898,1004
491,558,629
531,649,820
682,956,1144
768,775,887
830,831,1101
843,848,888
886,1221,1487
931,938,1037
937,1048,1160
938,1157,1368
944,945,1177
1017,1018,1032
1037,1172,1185
1079,1081,1113
1121,1302,1420
1190,1244,1760
1191,1269,1337
1209,1213,1601
1292,1334,1808
1405,1409,1575
1409,1915,2062
1460,1463,1937
1467,1470,1944
1558,1560,1576
1597,1646,1647
1608,1760,2046
1618,1653,1706
1648,1811,2067
1736,1746,2183
1801,1805,1866
1812,1933,2157
1846,1888,2136
1861,1865,2217
1873,1876,1911
1890,1893,2175
2028,2070,2506
2079,2410,2622
2110,2277,2635
2134,2222,2266
2173,2176,2245
2198,2530,2547
2367,2369,2905
2679,2796,2807
2759,2950,3162
2791,2799,3172
2795,3054,3061
2808,2823,2866
2834,2957,3112
2840,3175,3620
2847,2873,2985
2998,3000,3210
3020,3026,3341
3022,3062,3300
3060,3063,3125
3083,3559,3580
3195,3329,3352
3203,3205,3316
3261,3424,3545
3379,4010,4252
3430,3431,3701
3529,3533,3550
3844,4053,4162
3854,3868,4062
3926,3929,4426
3926,3976,4288
3992,4037,4345
4093,4546,4568
4126,4461,4727
4189,4489,4747
4248,4250,4320
4309,4462,4699
4334,4489,4553
4476,4756,4811
4500,4503,4871
4698,4704,4710
4794,4905,4912
4863,4864,4963
4938,5159,5165
5044,5046,5386
5049,5070,5083
21,131,149
29,646,948
56,227,418
59,70,555
211,222,540
217,219,513
334,335,613
355,423,550
400,423,547
510,590,634
750,764,1171
797,957,1111
900,918,932
965,1166,1397
1082,1249,1313
1109,1280,1287
1211,1214,1549
1222,1250,1295
1300,1303,1362
1392,1395,1720
1474,1478,1688
1617,1771,1820
1633,1649,1936
1791,1806,2454
1841,1843,2152
1935,1974,2221
2352,2696,2757
2396,2402,2515
2515,2516,2989
2668,2794,2806
2774,2788,2982
2816,3142,3299
2931,3043,3292
2943,3054,3158
2959,3062,3325
2990,3423,3443
3022,3563,3676
3032,3035,3286
3040,3494,3517
3286,3287,3579
3340,3346,3606
3466,3471,3510
3535,3563,4219
3682,3966,4228
3698,3699,3756
3733,3855,3884
3804,3808,3959
3906,4748,4769
3917,3973,4510
4042,4046,4389
4111,4671,4786
4170,4646,4667
4223,4224,4366
4282,4286,4400
4359,4600,4640
4582,4647,4906
4584,4703,4894
4598,4718,4879
4774,5215,5232
4777,4780,4802
4783,4790,4843
4789,4901,4908
4815,4817,5191
4815,4878,4879
4818,4985,5116
4825,4828,4857
4837,4991,5315
4856,5011,5058
4921,5119,5270
4951,4959,5332
5145,5417,5453
5301,5302,5372
31,36,50
44,64,221
55,229,416
63,171,543
78,784,997
120,127,598
191,593,635
214,273,774
265,276,961
326,610,618
335,344,460
457,459,593
500,586,587
560,564,711
611,820,881
662,968,1174
701,1517,1564
778,890,1023
781,1340,1465
799,950,1049
1097,1266,1381
1224,1492,1497
1240,1241,1676
1240,1285,1571
1266,1371,1657
1451,1509,1576
1715,1974,2085
1731,1809,1877
1795,1797,2334
1958,1963,2004
1988,1990,2225
2009,2068,2098
2013,2020,2278
2057,2228,2249
2059,2068,2339
2131,2132,2210
2144,2302,2350
2156,2157,2217
2159,2161,2478
2234,2447,2508
2370,2384,3037
2375,2693,2769
2455,2483,2724
2542,2858,3089
2596,2712,2787
2815,3364,3532
2836,2845,3307
2848,2851,3242
2931,3292,3330
3239,3326,3388
3263,3287,3420
3270,3441,3459
3709,4004,4252
3758,3913,4187
3805,3809,3863
3836,4240,4262
3901,4243,4302
3984,4053,4334
4004,4107,4393
4047,4054,4276
4216,4344,4491
4275,4432,4779
4297,4451,4775
4320,4330,4465
4331,4480,4756
4440,4515,4529
4453,4454,4850
4611,4833,4837
4638,4641,4658
4821,4986,5340
4843,5004,5027
4862,5017,5298
4952,5200,5219
4998,5077,5392
5075,5234,5394
5157,5161,5377
5234,5434,5447
167,168,468
265,276,572
299,301,641
350,355,403
409,682,919
488,650,1016
490,492,555
512,545,551
512,671,1024
676,685,1347
750,764,1417
774,777,838
797,1111,1164
830,833,1261
883,943,981
951,1385,1404
1081,1511,1526
1125,1308,1315
1238,1266,1308
1247,1577,2060
1363,1386,1677
1383,1385,1639
1417,1423,2097
1455,1623,1624
1570,1735,1788
1592,1625,1631
1692,2012,2066
1720,1965,1988
1888,1932,2197
2008,2099,2114
2017,2024,2128
2110,2117,2262
2250,2251,2637
2292,2295,2830
2298,2325,2438
2349,2419,2730
2480,2482,2801
2710,3084,3090
2722,2723,2997
2775,2983,3008
3050,3289,3296
3091,3098,3197
3120,3127,3403
3198,3207,3218
3228,3230,3270
3418,3682,3859
3510,3517,3868
3518,3524,3638
3527,4033,4183
3663,3665,3877
3761,3846,3918
3867,4114,4222
3908,3962,4265
3935,3939,3960
3997,4151,4364
4067,4128,4401
4149,4154,4255
4182,4186,4202
4194,4231,4672
4323,4599,4616
4329,4648,4665
4464,4732,4944
4481,4704,4948
4574,4620,5094
4607,4668,4941
4694,4907,5086
4942,5168,5272
5114,5116,5352
5187,5359,5360
5325,5482,5500
5394,5397,5431
101,193,209
127,129,537
131,138,147
179,701,723
189,198,617
361,363,605
372,373,685
414,452,635
424,748,967
611,626,815
671,674,1112
778,1319,1437
817,1247,1268
845,847,1134
867,1121,1153
991,1025,1475
1266,1648,1698
1391,1394,1497
1441,1443,1594
1752,1755,2133
1762,1790,1835
1795,1797,2120
1842,1844,2165
1935,2189,2195
2003,2005,2159
2061,2063,2138
2077,2079,2213
2079,2200,2371
2145,2302,2350
2169,2488,2505
2192,2362,2584
2259,2497,2634
2288,2340,2857
2435,2480,2736
2459,2465,2614
2585,3038,3061
2962,3025,3091
3075,3180,3311
3193,3354,3428
3295,3314,3480
3298,3466,3488
3462,3469,3580
3487,3491,3553
3611,4156,4254
3615,3851,3883
3644,4078,4097
3683,3684,4119
3717,3723,3829
3766,3920,4240
3778,3779,3814
3826,4007,4072
3947,3986,4106
3980,3987,4099
4178,4179,4275
4315,4316,4378
4339,4375,4394
4519,5013,5325
4734,4736,4772
4819,4821,5087
4833,5049,5077
4887,5054,5117
5003,5004,5435
5231,5329,5436
3,13,821
33,110,697
71,418,626
127,129,598
275,285,424
346,593,599
398,401,458
423,425,637
477,483,589
612,819,836
839,841,1135
853,1328,1351
871,936,1046
973,975,1041
986,1021,1468
1036,1195,1476
1053,1269,1297
1060,1231,1353
1135,1325,1386
1183,1528,1558
1205,1371,1485
1236,1237,1518
1246,1247,1556
1378,1647,1808
1391,1394,1452
1431,1434,1441
1490,1620,1756
1505,1506,1616
1579,1581,1847
1685,2039,2054
1782,1791,2455
2025,2238,2257
2152,2153,2262
2159,2309,2592
2277,2805,3101
2279,2336,2752
2389,2672,2711
2461,2565,2797
2517,2612,2700
2640,2641,2704
2842,2966,3116
2894,3269,3323
2977,2978,3252
3036,3041,3344
3086,3096,3348
3328,3590,3631
3436,3483,3738
3439,3692,3878
3525,3644,3803
3838,4006,4028
3931,4053,4162
3934,3941,4754
3952,4002,4311
3969,3993,4100
4048,4090,4343
4083,4085,4560
4149,4388,4422
4195,4199,4250
4209,4268,4362
4332,4491,4654
4394,4607,4668
4488,4821,4907
4492,4543,5007
4654,4677,4717
4843,4887,4997
4874,5025,5098
5020,5420,5456
5119,5400,5464
5176,5189,5420
5294,5296,5328
5314,5477,5484
89,184,241
168,170,533
208,580,637
211,218,624
241,244,271
298,555,704
401,403,519
541,971,986
608,813,915
614,824,845
630,884,1023
686,740,1120
692,701,817
735,748,1396
765,772,1424
869,1375,1522
878,880,1119
943,1069,1207
1027,1240,1364
1083,1152,1183
1092,1097,1159
1240,1358,1471
1438,1445,2087
1508,1510,1543
1513,1522,1791
1596,1628,1751
1624,1625,2008
1823,1866,2288
1872,1873,2149
1875,1984,2225
1914,1922,2192
2119,2284,2334
2216,2250,2253
2521,2522,2760
2542,2544,2711
2560,2570,2827
2561,2564,2996
2630,2631,2765
2657,3122,3143
2974,2981,3207
2980,3089,3187
3297,3603,3620
3364,3758,3841
3374,3693,3824
3381,3384,3768
3532,3769,3840
3636,3758,3898
3656,3760,3844
3675,3677,3747
3682,3808,3959
3729,3881,3946
3782,3795,3936
3917,3920,4742
3929,3932,4336
3931,4478,4600
3939,3941,4476
4106,4339,4492
4111,4115,4178
4112,4343,4500
4211,4386,4408
4303,4490,4535
4309,4464,4732
4404,4416,4630
4482,4488,4495
4558,4670,4916
4561,4564,4581
4574,4576,4812
4609,4677,4922
4692,4696,4738
4706,4713,4968
4779,4913,4955
4834,4992,5063
4862,4871,5025
4948,4960,5184
5033,5099,5111
5068,5130,5445
5092,5105,5495
5329,5441,5448
17,22,36
232,236,516
238,496,610
257,262,343
335,337,617
386,388,549
503,505,616
558,875,892
576,577,639
588,1013,1020
799,1080,1144
807,810,1168
898,911,1124
904,1445,1549
905,916,1128
929,1047,1188
933,937,1048
1096,1250,1516
1171,1423,1559
1214,1610,1651
1223,1504,1668
1300,1361,1373
1517,1972,1994
1532,1533,1617
1574,1734,1808
1688,1704,1888
1848,1851,2234
2029,2084,2142
2042,2078,2138
2083,2141,2225
2244,2475,2578
2335,2336,2658
2364,2925,3049
2371,2374,2409
2382,2535,2633
2434,2441,3093
2487,2741,2773
2705,2734,2854
2756,3160,3182
2902,3253,3556
2945,3299,3335
2956,2958,3213
2975,3017,3452
3071,3169,3276
3102,3123,3247
3355,3434,3476
3355,3898,4072
3413,4019,4143
3624,3791,3868
3626,3631,3638
3789,3936,4263
4074,4082,4352
4149,4151,4422
4197,4198,4403
4312,4314,4589
4332,4337,4399
4445,4455,4576
4469,4800,5247
4551,4590,4873
4572,4573,5267
4575,4578,4637
4681,4683,4922
4701,5045,5299
4714,4754,4944
4745,5221,5243
4822,4981,5324
4869,5017,5298
4934,5168,5208
5016,5021,5298
5020,5357,5419
5067,5283,5500
5073,5136,5201
5098,5453,5495
14,92,502
90,96,558
121,122,184
186,191,594
204,231,246
269,355,403
434,437,912
454,895,957
470,641,912
480,628,634
537,740,1004
544,611,612
692,1019,1096
855,894,1141
904,1124,1179
935,1023,1044
947,956,1060
1015,1463,1523
1187,1496,1548
1295,1449,1548
1474,1518,1993
1601,1602,1727
1677,1867,1893
1738,1745,1755
1933,2136,2194
2069,2234,2242
2136,2368,2409
2426,2576,2680
2447,2508,2781
2727,2917,2957
2828,2880,3397
2863,2867,2906
2867,2868,3186
2919,2965,3437
3052,3099,3571
3086,3091,3197
3248,3397,3710
3273,3326,3444
3364,3913,4039
3416,3573,3681
3452,3454,3917
3566,3799,3952
3597,3637,3859
3602,3608,3710
3630,3632,4105
3644,4078,4141
3752,3964,4263
3997,4249,4419
4089,4092,4420
4183,4185,4299
4220,4222,4253
4268,4270,4540
4304,4305,4375
4472,4473,4912
4546,4588,4836
4589,4696,4932
4880,5035,5295
5092,5096,5477
5198,5200,5439
5436,5440,5444
47,53,460
147,149,546
203,206,512
208,261,561
479,585,630
544,695,726
552,557,835
578,756,815
742,1115,1163
747,1241,1550
754,756,1218
809,812,914
934,974,1452
993,1282,1500
1030,1063,1220
1045,1048,1077
1105,1272,1393
1106,1273,1292
1118,1450,1467
1129,1136,1173
1153,1372,1483
1201,1205,1468
1250,1516,1707
1263,1599,1724
1271,1272,1679
1342,1407,1666
1348,1390,1866
1397,1443,1875
1409,1449,1684
1466,1476,1728
1552,1553,1560
1592,1625,1777
1616,1617,1980
1643,1667,1800
1673,1679,1715
1735,2118,2221
1790,1898,2209
1799,1804,1811
1832,1877,2185
1860,1902,2154
1942,1963,2004
2044,2189,2243
2161,2312,2639
2270,2324,2690
2296,2311,2767
2317,2644,3094
2364,2387,2493
2477,2479,2727
2484,2486,2919
2607,2684,2754
2613,2642,2667
2825,3148,3164
2846,2901,3438
2848,2853,3132
2884,3226,3295
2934,2952,2965
3005,3205,3271
3012,3277,3307
3304,3504,3623
3462,3771,3797
3475,3897,3971
3481,3484,3501
3492,3506,4159
3503,3505,3977
3535,3573,3874
3552,3553,3847
3562,3793,3796
3597,3692,3780
3750,3830,3874
3761,3918,3950
3839,4030,4242
3881,4154,4178
4269,4693,4716
4301,4458,4490
4462,4736,4924
4465,4478,5134
4466,4473,4966
4517,4542,4863
4731,4732,4941
4829,4849,4920
4904,4908,5078
4943,4945,5287
4975,5358,5461
4990,4994,5255
4991,4994,5329
4993,4994,5390
5248,5305,5315
5291,5292,5438
5373,5377,5482
5381,5382,5507
5403,5404,5503
25,428,948
42,43,572
73,146,469
262,600,947
334,336,493
409,430,463
498,509,792
703,710,1403
820,1027,1036
938,1127,1157
993,1105,1161
1091,1517,1564
1307,1310,1368
1383,1429,1903
1448,1883,1946
1567,1728,1907
1572,1574,1695
1673,1676,1679
1747,1754,1764
1798,2184,2239
1929,1942,2176
2103,2405,2616
2140,2160,2224
2217,2520,2542
2218,2228,2244
2400,2405,2445
2483,2487,2792
2486,2719,2872
2560,2567,2669
2593,2599,2871
2606,2609,3045
2701,2852,3179
2767,2980,3089
2838,3402,3575
2854,2857,3347
3012,3015,3340
3069,3308,3342
3133,3135,3201
3157,3160,3182
3367,3374,3384
3459,3505,3977
3525,3742,3746
3594,3754,3755
3643,3738,3841
3688,3805,3812
3704,3997,4247
3760,3923,3933
3808,3858,3859
3958,4002,4311
4040,4044,4051
4427,4737,4757
4503,4839,5311
4574,4576,5048
4638,4661,4935
4794,5091,5339
4819,4979,5341
4819,5087,5152
4919,4953,4955
74,83,647
195,198,501
207,361,523
225,228,305
250,253,280
385,487,610
436,557,564
474,592,765
551,700,1023
593,599,635
620,632,836
642,923,941
769,770,1084
786,828,1260
872,1103,1260
963,964,1180
974,976,1008
1048,1205,1528
1163,1392,1511
1260,1310,1775
1522,1553,1630
1645,1815,1935
1851,1953,2221
1963,2504,2643
2048,2086,2569
2062,2188,2339
2097,2103,2209
2275,2667,2773
2394,2397,2458
2572,2690,2784
2627,2634,2918
2664,3106,3122
2706,2738,2800
2728,2894,3153
2739,2771,2786
2774,2984,3005
2824,2992,3103
2861,3084,3328
2903,2907,3371
2985,2987,3320
3013,3216,3274
3233,3342,3387
3297,3600,3622
3399,3401,3789
3400,3518,3631
3513,4060,4169
3558,3562,3789
3576,3581,3884
3765,3766,3834
3802,3965,4026
3881,4176,4215
3898,3905,3915
3905,3906,4360
3964,4289,4376
4037,4307,4308
4100,4106,4217
4244,4364,4530
4487,4489,4809
4575,4578,4681
4761,4830,4910
4798,4799,4964
4922,5269,5290
5200,5201,5478
5301,5303,5490
19,106,714
28,519,567
72,74,141
107,169,531
156,160,298
331,388,865
420,427,703
478,493,615
524,526,594
598,790,852
651,706,776
862,1409,1516
1008,1010,1080
1218,1782,1955
1329,1330,1686
1505,1683,1706
1510,1543,1609
1537,1562,1585
1590,1748,2105
1649,1820,1939
1656,1664,1719
1689,1889,1954
1690,1693,2013
1754,2150,2191
1766,1773,2266
1804,1806,2146
1817,1821,1839
1827,1829,2166
1937,1979,2211
2010,2011,2253
2272,2618,2675
2325,2330,2718
2384,2536,2748
2595,2659,2746
2609,3047,3066
2988,3035,3467
3142,3173,3250
3263,3423,3488
3365,3496,3759
3398,3446,3709
3460,3525,3802
3567,3739,3740
3710,3711,3845
3945,3950,4338
4158,4159,4465
4552,4556,4937
4558,4598,4872
4665,4712,5185
4813,4935,4964
4824,4980,5062
4937,5128,5150
5032,5082,5391
5042,5043,5345
5133,5172,5437
5305,5307,5314
5312,5314,5495
5343,5449,5493
9,323,398
56,424,588
57,965,980
66,478,494
158,159,552
193,197,205
292,418,631
439,445,561
512,516,563
535,598,738
673,748,789
687,691,1083
696,1324,1537
745,1009,1028
993,1282,1504
1043,1156,1185
1102,1265,1326
1193,1502,2021
1314,1335,1442
1314,1381,1674
1339,1684,1999
1357,1572,1730
1361,1365,1370
1466,1471,1577
1534,1535,1674
1591,1969,2028
1639,1795,1816
1653,1938,1963
1790,2177,2239
1887,1894,2546
1915,1943,2184
1937,1942,1982
1998,2006,2107
2030,2032,2244
2127,2284,2560
2155,2407,2433
2276,2326,2662
2309,2640,2800
2327,2813,3175
2449,2452,2762
2620,3104,3125
2727,2894,2957
2812,2816,3081
2819,2822,3343
2836,2851,3307
2950,3012,3307
2967,2980,3626
3173,3245,3343
3316,3345,3529
3401,3881,3884
3461,3741,3781
3481,3484,3545
3574,3615,3847
3611,4117,4254
3619,3647,3916
3622,3713,3804
3635,3661,3666
3636,3637,3748
3693,3809,3815
3825,3828,3832
3873,4131,4239
3913,3964,4376
3931,3932,4335
4296,4328,4451
4389,4592,4650
4413,4677,4779
4442,4748,5268
4695,4863,4864
4897,5077,5231
5136,5157,5265
5166,5395,5396
5182,5244,5490
5222,5460,5485
5287,5293,5412
5330,5331,5382
0,27,262
22,27,397
35,40,142
42,43,584
80,247,496
99,132,137
223,277,780
235,238,555
235,553,585
353,470,606
568,734,993
786,833,1261
807,820,1466
841,1101,1108
983,1420,1439
1092,1248,1255
1114,1127,1148
1129,1316,1435
1142,1338,1397
1195,1248,1668
1291,1297,1985
1601,1885,1944
1611,1772,1781
1645,1812,1933
1671,1691,1853
1722,2062,2093
1781,2597,2611
1810,1811,2081
1822,2323,2482
1872,1886,2539
1999,2002,2305
2011,2117,2249
2183,2207,2340
2249,2470,2492
2330,2489,2596
2348,2393,2650
2440,2987,3096
2533,2557,2666
2539,2567,2680
2595,2596,2661
2707,2708,2738
2727,2864,2891
2761,2956,2991
2830,2833,3227
3141,3149,3212
3201,3416,3719
3205,3259,3359
3209,3376,3506
3228,3379,3714
3407,3408,3726
3465,3468,3475
3532,3573,3825
3571,3575,3592
3613,3676,3740
3651,3653,3806
3746,3748,3802
4064,4285,4439
4252,4253,4260
4367,4551,4653
4506,4885,4941
4608,4610,4865
4660,4911,5093
4709,4798,4888
4740,4750,5023
4812,4817,4846
4854,4979,5013
4994,5390,5431
37,434,454
175,257,311
223,224,278
307,309,582
318,330,483
324,672,940
330,346,996
362,368,642
495,653,984
566,733,752
715,975,983
742,964,1163
832,855,894
865,868,885
873,1125,1141
938,939,1411
1041,1256,1559
1154,1364,1385
1255,1257,1579
1298,1302,1691
1341,1386,1673
1351,1352,1618
1576,1630,1729
1771,2318,2440
1835,2140,2172
1930,1972,2207
1960,2211,2393
1974,1975,2243
2014,2016,2055
2023,2025,2139
2053,2062,2331
2063,2500,2564
2154,2157,2191
2298,2322,2337
2352,2619,2680
2540,2542,2583
2590,2713,2785
2630,2631,2682
2823,2826,3206
2831,2834,3272
2865,2980,3258
2963,3412,3439
3040,3075,3343
3230,3383,3664
3412,3462,3771
3440,3447,3819
3465,3468,3854
3509,3571,3637
3822,3823,4153
3826,4010,4068
3831,4015,4036
3860,4078,4141
3897,4425,4721
3932,4331,4335
3968,3971,4277
3994,3996,4458
4002,4004,4391
4036,4038,4346
4078,4347,4508
4163,4165,4353
4290,4291,4371
4312,4314,4389
4318,4319,4406
4454,4455,4892
4596,4617,4725
4609,5169,5292
4614,4622,4892
4659,4663,4831
4677,5218,5324
4730,5002,5239
4735,4739,4754
4814,5255,5313
4901,4908,4951
5172,5439,5500
5263,5318,5435
31,45,604
56,57,588
72,80,178
168,170,687
171,227,569
652,656,921
869,909,1144
878,925,1398
899,946,1377
1030,1037,1520
1155,1363,1388
1236,1516,1571
1264,1379,1527
1283,1326,1592
1291,1297,1719
1328,1329,1633
1390,1393,1643
1440,1443,1460
1489,1544,1602
1761,1764,2148
1764,2258,2262
1872,1873,2567
1874,1916,2393
1904,1905,2213
1909,1931,2038
1939,1940,2196
2202,2203,2533
2234,2235,2555
2282,2588,3108
2348,2397,2811
2588,2623,2689
2776,2777,3102
2821,3162,3171
2969,3031,3097
3057,3337,3702
3114,3151,3329
3142,3257,3319
3203,3317,3360
3255,3410,3518
3314,3527,3588
3365,3366,3808
3379,3383,3642
3421,3489,3761
3437,3460,3567
3444,3468,3733
3454,3730,3920
3626,3631,3737
3651,4085,4148
3714,3832,4005
3776,4140,4162
3862,4088,4192
3882,4162,4253
3895,4278,4573
3928,4258,4274
4060,4169,4267
4097,4099,4532
4123,4376,4413
4138,4151,4787
4183,4221,4410
4269,4697,4714
4281,4496,4799
4284,4443,4516
4332,4333,4643
4438,4445,4887
4478,4806,4933
4579,4682,4945
4698,4709,4807
4872,5028,5035
4914,4915,5213
4957,5231,5329
4978,4992,5034
4985,4995,5116
5060,5062,5439
5070,5075,5081
5159,5455,5496
5309,5310,5371
67,70,479
124,447,454
182,192,339
201,281,604
217,218,565
238,820,929
350,399,836
383,448,478
420,423,431
437,608,629
534,537,571
546,698,745
574,720,747
581,585,876
586,587,879
658,667,1140
855,1396,1510
897,1133,1139
944,945,1158
1014,1125,1132
1027,1071,1150
1042,1202,1530
1118,1293,1360
1190,1248,1668
1213,1339,1609
1294,1296,1758
1349,1353,1692
1550,2014,2037
1623,1896,1921
1744,1912,2023
1835,1841,2228
1895,1937,2187
1940,1942,2261
1947,2207,2252
2119,2279,2641
2127,2557,2564
2153,2262,2307
2172,2173,2247
2175,2327,2395
2492,2495,2746
2663,2665,2989
2829,2950,3221
2898,3164,3246
2925,2928,2935
2927,2930,3032
3302,3495,3562
3329,3336,3344
3472,3485,3875
3482,3484,3744
3536,3578,3819
3707,3714,3998
3718,3719,3884
3922,4471,4593
3935,3985,4008
4096,4103,4340
4195,4199,4214
4244,4537,4789
4304,4306,4561
4410,4664,4803
4453,4840,4924
4492,4498,4542
4597,4598,4872
4668,4933,4941
4684,4959,5327
4702,4816,4969
4709,4711,4817
4754,4756,4788
4835,4966,4989
5057,5126,5433
5066,5350,5443
5307,5386,5496
19,99,541
29,634,646
41,148,207
79,484,641
105,107,591
112,204,289
171,771,883
281,283,638
451,453,482
487,700,824
767,831,1106
776,1026,1105
803,1074,1077
869,1092,1100
963,965,1090
963,1086,1118
1031,1253,1325
1054,1212,1283
1123,1146,1299
1165,1409,1516
1231,1729,1900
1255,1515,1523
1274,1533,1701
1304,1665,1710
1365,1370,1484
1398,1421,1695
1483,1609,1747
1700,1918,1937
1793,1861,1926
1835,1989,2088
1858,1879,1919
1970,2255,2616
2059,2061,2132
2134,2136,2222
2142,2225,2226
2237,2244,2256
2327,2817,3175
2377,2480,2770
2384,2931,3043
2398,2510,2643
2435,2481,2913
2519,2561,2771
2548,2552,2640
2582,2584,2618
2585,3061,3083
2834,3272,3284
2897,2966,3273
2950,3457,3611
2987,3301,3640
3019,3454,3473
3076,3118,3323
3156,3164,3277
3677,3869,4110
3885,4160,4184
3914,3962,4307
3947,4433,4795
3990,4004,4657
4057,4058,4332
4173,4183,4438
4421,4696,4755
4430,4437,5300
4453,4569,4873
4591,4592,5064
4807,4968,5147
4848,4999,5334
4873,4876,4895
4991,5330,5496
5039,5044,5455
5133,5194,5235
5151,5152,5427
5170,5175,5214
5225,5229,5502
5289,5290,5501
5301,5370,5450
116,509,596
146,147,584
159,520,552
188,478,644
206,458,646
225,228,361
259,849,972
308,314,632
338,355,464
358,364,429
428,430,463
458,514,602
564,726,985
720,726,768
996,998,1056
1047,1204,1480
1084,1468,1528
1129,1316,1322
1226,1233,2048
1229,1232,1559
1288,1632,1707
1407,1409,1712
1500,1501,1815
1585,1746,1819
1750,2383,2627
1786,1787,2096
1884,1886,2194
1972,1977,2017
2047,2056,2322
2061,2130,2210
2160,2313,2578
2245,2483,2596
2462,2469,3120
2517,2619,2753
2561,2600,2786
2670,2672,2934
2733,2904,2931
3059,3061,3494
3090,3092,3254
3263,3426,3531
3330,3581,3724
3573,3689,3831
3731,3735,3869
3742,3902,4230
3851,4057,4078
3904,3982,4023
4040,4047,4330
4135,4136,4396
4138,4151,4364
4196,4248,4340
4203,4204,4328
4240,4241,4722
4243,4303,4427
4282,4343,4441
4339,4498,4605
4350,4521,4539
4433,4436,4884
4454,4455,4904
4496,4832,4911
4567,4587,4599
4716,4773,4802
4769,4770,5206
4771,4805,5255
4892,5062,5280
5035,5036,5452
5051,5053,5384
5122,5185,5251
25,428,634
77,437,451
131,138,579
150,157,167
340,394,619
378,836,859
647,956,1008
662,968,1488
745,1189,1366
813,874,915
816,883,1155
849,852,859
880,915,1183
1059,1534,1550
1136,1139,1319
1234,1237,2054
1301,1581,1769
1304,1665,1956
1375,1413,1714
1433,1436,1494
1456,1672,1710
1460,1502,1700
1503,1626,1658
1544,1656,1664
1596,1643,1748
1772,1781,1897
1774,1825,2091
1803,2295,2644
1884,2194,2246
1932,1933,2197
1977,2079,2213
2020,2025,2031
2084,2377,2627
2141,2143,2225
2207,2389,2450
2363,2367,2679
2396,2664,2776
2514,2517,2806
2541,2545,2600
2605,2613,2725
2607,2608,2686
2689,2760,2761
2726,2889,2917
2894,3272,3321
2900,2902,3248
3011,3037,3042
3060,3124,3247
3101,3104,3311
3219,3674,3694
3538,3732,3807
3556,3560,3881
3563,3567,3572
3572,3803,3960
3600,3604,3787
3667,3673,3792
3738,3905,4036
3743,3744,3885
3785,3803,3827
3891,3946,4016
3934,3938,3986
3964,4263,4289
3966,4030,4071
4104,4146,4375
4140,4479,4698
4242,4243,4303
4488,4652,4821
4530,4531,5225
4617,4723,4837
4628,4732,4959
4671,4674,4966
4773,4889,4895
4856,4857,5220
4952,4962,5198
5052,5059,5458
5149,5169,5181
5184,5186,5431
5196,5201,5504
5333,5334,5405
5403,5472,5503
148,235,585
421,445,727
691,1189,1360
735,748,1165
739,1081,1186
780,825,1097
787,809,915
841,904,945
956,1071,1090
1122,1453,1476
1151,1381,1421
1189,1225,1894
1207,1222,1880
1238,1360,1469
1358,1478,1639
1533,1822,2040
1582,1586,1700
1626,1778,1825
1635,1787,1855
1741,1744,2133
1774,1823,2291
1876,1878,2133
1907,2138,2221
1981,1983,2134
2042,2044,2078
2118,2293,2419
2243,2472,2479
2331,2346,2778
2665,2826,2846
2743,2987,3027
2817,3091,3329
2825,3217,3266
2961,3003,3480
3352,3355,3742
3377,3382,3432
3507,3520,4166
3616,4123,4259
3623,3625,3813
3644,3646,3802
3692,3780,3875
3788,3941,4250
3792,3800,3867
3849,4161,4222
3974,4088,4352
3982,4528,4642
4006,4009,4474
4007,4011,4370
4071,4347,4402
4151,4209,4276
4169,4228,4258
4333,4336,4355
4546,4549,4868
4568,4571,4834
4577,4579,4891
4717,4724,4828
4762,5046,5308
4874,5188,5205
4887,4899,4923
5115,5178,5244
5196,5197,5452
5260,5270,5369
78,457,461
109,129,842
183,189,198
187,188,478
295,298,325
353,361,647
591,799,839
617,624,636
665,675,796
765,768,775
766,769,1088
839,1129,1140
852,859,1180
893,955,1008
949,953,968
1081,1183,1467
1140,1141,1487
1156,1373,1390
1254,1738,1878
1307,1371,1646
1579,1847,1912
1626,1627,1659
1638,1639,1951
1674,1973,2036
1679,1870,2082
1754,2192,2204
1778,1826,2089
1787,1789,2109
1855,2098,2264
1897,2327,2348
1965,2007,2484
1973,1999,2005
2000,2003,2223
2053,2059,2331
2162,2325,2398
2172,2338,2494
2185,2355,2475
2219,2408,2618
2226,2242,2421
2258,2524,2583
2277,2792,2805
2412,2420,2700
2489,2995,3142
2753,2950,3064
2770,2981,3096
2843,3124,3174
2897,2901,2963
2925,2938,3333
2931,3289,3584
2983,3004,3112
3111,3113,3266
3152,3153,3237
3173,3175,3264
3264,3426,3685
3357,3400,3799
3665,4118,4141
3736,3847,3850
3938,4008,4341
3994,3996,4301
4189,4244,4302
4373,4563,4568
4457,4460,4965
4589,4615,4620
4763,4931,4940
4813,4814,4964
4895,5283,5291
4980,5055,5069
5022,5031,5479
5129,5133,5472
5184,5226,5455
5264,5265,5497
146,489,582
148,301,430
319,337,596
674,993,1009
764,916,1014
1050,1052,1130
1056,1215,1234
1138,1306,1328
1204,1323,1649
1235,1239,1309
1272,1393,1617
1470,1946,1967
1519,1528,1641
1536,1537,1859
1571,1639,1732
1581,1746,2100
1653,1654,1938
1675,1886,1926
1698,1699,2065
1811,2067,2256
1855,2277,2351
1879,2420,2576
1922,1935,2580
1982,1988,2090
1996,2038,2243
2078,2080,2195
2158,2308,2639
2179,2405,2445
2295,2807,3114
2297,2348,2813
2426,2529,2787
2616,2617,2939
2779,2787,3139
2852,3179,3256
2862,2871,3535
3084,3251,3328
3098,3099,3258
3215,3653,3668
3287,3308,3466
3290,3474,3499
3391,3513,3790
3445,3709,3728
3455,3760,3792
3462,3469,3851
3739,3904,3954
3749,3760,3844
3813,3866,3984
3872,4120,4184
3953,4559,4683
4168,4169,4274
4276,4287,4428
4323,4392,4423
4358,4420,4533
4363,4607,4647
4626,4913,4924
4646,4648,4808
4802,4825,4965
4849,4920,4921
4962,5243,5303
5088,5089,5421
5163,5205,5443
5265,5373,5426
5359,5360,5447
5453,5456,5459
12,15,652
28,568,580
31,55,604
46,48,121
110,118,178
192,197,205
389,397,498
561,724,845
606,622,801
674,675,1112
708,710,1127
857,899,1334
1051,1208,1565
1072,1352,1410
1074,1231,1302
1085,1114,1234
1202,1203,1741
1266,1381,1528
1441,1647,1659
1641,1804,1811
1660,1679,1831
1902,1947,2201
1938,1941,1958
1987,1991,2109
2047,2053,2172
2119,2121,2206
2186,2187,2464
2207,2389,2406
2242,2260,2266
2268,2278,2953
2276,2277,2724
2294,2295,2744
2343,2831,3184
2427,2430,2788
2617,2637,2749
2771,2772,3088
2790,2793,3157
2821,2822,3150
2846,2896,3362
2855,2905,2928
2860,2978,3091
3068,3070,3221
3103,3158,3275
3174,3281,3331
3179,3285,3330
3206,3320,3361
3232,3234,3309
3265,3432,3553
3348,3364,3841
3406,3410,3739
3444,3448,3794
3448,3792,4103
3466,3469,3788
3468,3471,3732
3507,3514,3736
3539,3545,3876
3609,3611,3848
3664,3698,3758
3811,3835,3976
3857,4072,4134
3869,3876,3884
3893,4240,4412
3904,4298,4381
3948,4107,4215
3953,4023,4294
4070,4071,4357
4204,4528,4747
4215,4216,4412
4223,4224,4659
4271,4338,4409
4293,4299,4509
4356,4535,4694
4445,4839,4887
4473,4738,4946
4493,4607,4882
4526,4640,4749
4587,4594,5246
4589,4593,4932
4941,5175,5284
5023,5030,5487
5087,5194,5450
5141,5145,5480
5199,5202,5303
5205,5207,5443
5206,5210,5385
5,88,530
80,118,178
101,107,562
104,105,498
122,189,486
198,200,660
297,300,322
372,385,649
517,566,567
612,928,988
692,693,1096
722,1207,1345
723,981,1174
1050,1317,1334
1170,1421,1427
1195,1578,1681
1242,1258,1915
1302,1304,1691
1314,1317,1334
1370,1596,1748
1568,1735,1786
1647,1784,1811
2003,2004,2245
2098,2099,2264
2104,2558,2614
2127,2230,2233
2143,2175,2199
2259,2536,2634
2265,2584,2618
2283,2286,2666
2295,3134,3154
2433,2494,2535
2593,2595,2603
2632,2637,2925
2661,2824,2876
2701,2852,3130
2712,2713,3023
2742,2923,2982
2868,3186,3288
2956,3404,3431
3029,3264,3319
3083,3085,3273
3135,3207,3331
3136,3252,3327
3428,3477,3891
3515,3557,3992
3529,3533,3595
3618,3619,3771
3640,3650,3907
3770,3923,4204
3798,3953,4025
3833,3836,3839
3879,4117,4254
4001,4003,4467
4053,4594,4709
4109,4332,4340
4119,4182,4238
4121,4127,4424
4142,4250,4386
4252,4253,4325
4288,4426,4728
4294,4575,4642
4398,4619,4774
4661,4663,4964
4792,4793,4865
4808,4903,5026
4887,5077,5117
4931,5137,5158
4935,5255,5313
5082,5089,5471
5093,5135,5383
5338,5340,5428
17,28,43
48,57,645
48,128,730
153,157,205
165,168,253
214,217,492
328,596,633
330,335,645
627,874,982
646,927,951
901,903,1142
1038,1058,1141
1043,1045,1369
1078,1079,1114
1130,1317,1334
1182,1462,1553
1258,1799,1921
1321,1388,1677
1449,1612,1613
1517,1518,1662
1619,1706,1768
1652,1698,1701
1731,1735,2123
1790,2338,2494
1862,1864,2123
2128,2285,2608
2140,2303,2431
2170,2318,2549
2311,2647,2770
2339,2354,2781
2341,2407,2472
2360,2362,2708
2368,2712,3023
2447,2487,2741
2451,2727,2782
2551,2657,2789
2635,2636,2769
2824,2943,3269
2896,2940,3359
2908,3252,3327
3154,3155,3593
3187,3196,3250
3233,3390,3412
3236,3338,3438
3246,3453,3520
3249,3251,3565
3269,3275,3323
3373,3769,3840
3416,3538,3752
3489,3490,3763
3620,3622,3663
3718,3724,3732
3813,3814,4098
3839,3873,3875
4030,4356,4419
4043,4044,4361
4356,4538,4696
4560,4602,4854
4607,4716,4806
4818,4987,5119
5064,5069,5086
5073,5138,5418
5214,5374,5375
5,6,89
36,403,410
286,340,828
322,379,625
386,387,627
518,675,945
555,710,818
793,821,1480
799,862,902
801,843,1099
885,890,931
1041,1074,1081
1207,1214,1224
1214,1215,1652
1246,1250,1579
1258,1644,1699
1435,1888,1910
1476,1744,2020
1548,1549,1722
1562,1587,1652
1672,1855,2098
1744,1863,2189
1745,2068,2084
1748,1755,2611
1847,1911,2186
1935,2038,2251
1954,2454,2608
2098,2116,2188
2102,2123,2236
2111,2273,2604
2442,2484,2731
2492,2493,2761
2540,2543,2763
2596,2878,3142
2644,3098,3114
2708,2861,3170
2755,2919,2942
2771,3001,3041
2823,2826,3202
2833,3220,3304
2849,3146,3340
2875,3208,3686
2878,2922,3231
3170,3171,3305
3187,3357,3400
3468,3727,3801
3501,3503,3745
3648,3690,4126
3803,3838,3857
3935,3938,4273
4097,4099,4347
4112,4325,4343
4167,4209,4419
4180,4185,4299
4293,4346,4402
4306,4460,4780
4376,4410,4413
4450,4525,4526
4509,4535,4852
4580,4593,5238
4626,4633,4958
4674,4677,4966
4699,4727,4996
4780,4781,4936
4814,4971,5054
4897,4913,5218
5157,5218,5230
5303,5471,5480
33,72,83
73,77,434
101,199,514
122,190,651
150,152,356
196,200,223
260,516,668
289,298,431
493,654,728
521,678,710
537,693,1005
607,814,929
660,737,804
728,731,1037
790,904,1120
852,853,1147
866,868,1028
876,890,1537
905,909,1182
975,1047,1171
1072,1148,1227
1197,1240,1364
1305,1312,1713
1315,1558,1564
1399,1400,1656
1409,1516,1632
1451,1656,1664
1492,1497,1610
1582,1643,1741
1678,1846,1868
1835,1837,2228
1950,1952,2386
2422,2425,2528
2613,2725,2781
2675,2676,2762
2676,2908,2949
2707,3067,3089
2789,3032,3055
2792,3103,3141
2851,2922,3257
2974,2981,3633
3078,3086,3187
3133,3142,3257
3186,3358,3532
3210,3212,3474
3269,3440,3559
3379,3712,3721
3396,3400,3655
3431,3433,3764
3508,3513,3552
3560,3816,3850
3755,3756,4189
3828,3871,3879
3866,4076,4099
3896,4239,4344
3918,3970,3995
3931,4162,4387
3988,4102,4336
4030,4144,4244
4171,4271,4338
4268,4543,4602
4282,4441,4784
4385,4739,4754
4403,4632,4751
4486,4968,5153
4568,4839,4868
4593,4930,5246
4639,4843,4875
4658,4663,4704
4663,4953,5317
4667,4879,4915
4798,4800,4816
4800,4801,4864
4837,4942,4990
5044,5369,5456
5249,5346,5367
5278,5401,5486
5389,5460,5461
74,146,584
119,127,290
142,207,509
206,207,553
274,848,993
287,365,413
382,428,906
525,893,956
590,774,799
600,604,919
618,839,994
948,950,987
957,1393,1454
1175,1434,1545
1205,1206,1648
1294,1570,1610
1418,1420,1895
1586,1588,1642
1792,1839,2306
1841,1842,2177
2004,2245,2250
2027,2036,2140
2212,2395,2638
2262,2543,2561
2283,2286,2662
2296,2305,2967
2335,2337,2660
2379,2381,2697
2454,2462,3121
2602,2886,3145
2619,2753,2795
2664,2665,3102
2664,2823,2896
2681,2962,3029
2694,2878,2922
2860,2905,3191
3039,3100,3113
3121,3152,3237
3386,3436,3902
3619,3622,3925
3741,3904,3956
3750,3913,3962
3868,3874,3883
3938,4435,4607
3963,3965,4290
3971,4460,4780
4016,4135,4285
4026,4068,4500
4083,4129,4603
4177,4399,4415
4300,4471,4593
4318,4321,4353
4322,4485,4558
4338,4493,4565
4437,4711,4718
4482,4491,5155
4548,4549,4881
4681,4682,4920
4777,4797,4909
4872,4876,4880
5044,5051,5455
5169,5172,5500
5180,5186,5297
5229,5234,5502
5257,5362,5422
5276,5312,5495
5311,5314,5489
5318,5374,5462
5449,5453,5495
45,69,807
102,293,302
107,726,841
126,128,730
168,169,531
236,237,573
295,296,349
408,429,489
488,489,583
531,550,607
582,760,827
652,655,1042
708,715,1127
883,1424,1563
1010,1181,1452
1058,1213,1487
1148,1169,1181
1188,1198,1873
1191,1267,1281
1247,1249,1569
1252,1302,1611
1263,1264,1676
1274,1652,1701
1420,1422,1896
1550,1551,1602
1627,1778,1825
1757,1808,2117
1853,1898,2172
1996,2250,2637
2029,2047,2058
2099,2398,2643
2176,2180,2322
2184,2601,2609
2381,2819,2853
2424,2543,2734
2471,2475,2699
2472,2706,2707
2514,2674,2675
2549,2667,2808
2600,2603,2786
2690,2843,3174
2698,2733,2786
2709,2857,3138
2755,2766,2782
2962,2965,3024
2970,3253,3285
3034,3142,3257
3061,3063,3495
3175,3326,3332
3175,3332,3578
3212,3245,3251
3287,3471,3573
3356,3357,3804
3356,3748,3803
3453,3456,3559
3490,3990,4151
3578,3580,4055
3640,3645,3759
3755,3909,3988
3769,3924,4192
3839,4028,4238
3905,4244,4348
3917,3972,4379
4041,4046,4086
4070,4292,4296
4238,4239,4426
4287,4298,4438
4313,4705,4760
4363,4541,4604
4439,4446,4963
4493,4497,4604
4588,4591,4836
4691,4709,4749
4880,5038,5299
4922,4966,5115
4993,5044,5456
5066,5347,5444
1,27,793
66,777,1017
119,140,292
134,758,882
495,558,559
525,526,893
529,682,919
543,819,836
589,593,635
595,606,622
622,640,646
678,708,1039
757,911,1124
782,784,1200
817,819,1094
906,908,1341
954,956,992
1062,1495,1516
1318,1563,1713
1340,1344,1351
1342,1346,1689
1356,1377,1485
1358,1364,1709
1378,1379,1669
1628,1631,2054
1754,1883,2150
1780,1825,2111
1796,1803,1918
1915,1921,2605
1952,2183,2340
2069,2242,2463
2098,2100,2116
2106,2276,2450
2115,2495,2512
2124,2562,2584
2224,2424,2543
2296,2310,2350
2575,2576,2693
2653,2654,2804
2660,3042,3101
2695,2696,2798
2717,2721,2994
2800,2806,3066
2806,3110,3163
2872,2922,3231
3082,3142,3173
3135,3143,3201
3145,3147,3154
3193,3314,3351
3327,3574,3682
3464,3825,4116
3552,3817,3847
3585,3587,3823
3905,4036,4299
3908,3911,4771
3912,3915,4297
3945,4012,4024
4078,4555,4576
4125,4127,4602
4208,4211,4402
4313,4388,4389
4402,4628,4732
4442,4748,4954
4823,4983,5056
4923,5116,5179
4931,4932,5248
5027,5028,5346
5130,5137,5488
5151,5152,5482
5275,5279,5330
5322,5329,5436
49,161,532
150,159,368
223,226,736
292,424,569
312,371,809
397,403,519
441,443,630
572,575,735
588,592,765
621,623,960
666,1186,1488
707,969,977
764,1014,1171
809,813,1152
914,915,1147
1004,1124,1290
1062,1499,1514
1086,1119,1285
1104,1108,1259
1141,1339,1490
1154,1162,1174
1177,1442,1448
1207,1214,1651
1210,1548,1613
1343,1819,1841
1348,1392,1657
1501,1504,1815
1522,1806,2068
1532,1620,1715
1562,1563,1725
1562,1583,1696
1641,1648,1698
1641,1807,1928
1684,1884,1891
1865,1977,2079
1866,1913,2341
1909,1912,2222
1909,1977,2222
1993,1997,2014
2016,2118,2138
2037,2218,2228
2043,2044,2168
2119,2206,2252
2123,2449,2475
2153,2228,2229
2177,2336,2343
2200,2623,2630
2214,2215,2513
2267,2596,2628
2293,2294,2731
2379,2384,2424
2420,2433,2710
2500,2502,2703
2514,2521,2625
2580,2583,2591
2620,2621,2776
2671,2672,2750
2913,2974,2986
3030,3077,3509
3038,3084,3325
3043,3084,3325
3195,3258,3259
3199,3287,3414
3259,3283,3412
3273,3444,3471
3287,3532,3573
3407,3669,3677
3418,3801,3858
3435,3448,4096
3462,3615,3713
3880,4169,4209
3988,4011,4050
3991,4019,4678
4028,4238,4245
4100,4102,4363
4187,4196,4300
4318,4468,4799
4555,4977,5051
5020,5355,5418
5021,5244,5250
5035,5295,5492
5103,5214,5318
37,341,413
166,310,586
504,645,660
511,512,886
629,872,895
698,768,1101
829,832,1142
955,956,1073
955,959,974
967,973,1242
980,983,1166
1035,1192,1539
1043,1044,1185
1073,1074,1149
1109,1115,1163
1236,1562,1584
1252,1303,1767
1287,1503,1511
1323,1328,1683
1411,1433,1532
1434,1594,1595
1468,1813,2065
1657,1660,1679
1846,1851,1890
1970,2209,2216
2055,2057,2127
2088,2152,2229
2098,2099,2112
2209,2213,2511
2216,2620,2642
2229,2541,2602
2388,2391,2774
2408,2411,2829
2442,2488,2920
2496,2497,3177
2647,2860,2984
2654,2814,2888
2697,2853,3165
2733,2909,2926
2766,2963,2982
2804,3098,3154
3038,3080,3303
3082,3084,3251
3122,3161,3642
3229,3652,3657
3240,3391,3618
3394,3401,3887
3686,3688,3718
3768,3920,4206
3929,4260,4707
3942,3948,3955
4023,4296,4383
4046,4387,4698
4053,4390,4706
4123,4365,4372
4398,4628,4773
4487,4526,4903
4698,4706,4969
4904,4957,4959
5003,5124,5278
5036,5371,5450
5437,5453,5497
27,199,569
104,435,632
269,271,352
296,354,795
313,339,354
540,691,918
646,950,1003
727,742,1389
810,930,1095
869,1104,1159
878,880,1355
926,931,938
1060,1069,1080
1072,1149,1182
1212,1215,1593
1282,1344,1661
1418,1464,1705
1446,1451,1492
1476,1477,1700
1481,1483,1521
1538,1596,1726
1651,1792,1819
1692,1899,1916
1735,1814,1856
1839,1841,2306
1903,1906,1923
1914,1915,2605
2001,2005,2095
2013,2020,2118
2060,2063,2246
2097,2098,2112
2108,2380,2447
2258,2521,2543
2394,2415,2522
2476,2480,2801
2528,2529,2764
2628,2700,2720
2648,2650,2742
2656,2667,2808
2891,2893,3224
2934,2937,2998
2943,3215,3302
3008,3555,3664
3073,3077,3094
3247,3340,3445
3382,3410,3455
3407,3737,3882
3658,3863,3871
3760,3771,3847
3899,3956,4372
3992,3994,4306
4056,4123,4395
4315,4567,4593
4378,4570,4632
4458,4485,4598
4493,5099,5223
4703,4899,4931
4744,5068,5287
4804,4956,5212
4981,4985,5248
4993,5270,5460
5007,5084,5403
5052,5396,5457
5060,5407,5438
5239,5278,5401
5352,5353,5475
44,69,238
60,62,132
82,483,560
143,149,236
145,148,488
148,702,869
153,193,637
194,224,278
223,229,281
386,388,865
439,445,719
447,448,636
737,742,1113
744,765,777
880,1095,1131
915,1151,1183
1269,1293,1400
1383,1428,1693
1420,1421,1690
1462,1464,1631
1621,1720,1723
1678,1868,1891
1771,1820,2084
1811,1812,2219
1908,1955,2387
2419,2960,3116
2456,2458,2933
2471,2474,2532
2672,2833,2884
2687,2840,3126
2786,2996,3019
2787,3027,3143
3222,3659,3674
3223,3350,3384
3253,3410,3569
3302,3498,3557
3341,3347,3612
3369,3372,3488
3392,3401,3517
3606,3648,4083
3781,4211,4260
3983,3987,4451
4075,4113,4414
4364,4788,4795
4462,5005,5133
4478,4968,5147
4493,4559,4571
4502,4803,4844
4568,4995,5014
4946,5203,5244
5063,5068,5109
5166,5168,5498
5208,5215,5505
5382,5465,5466
46,57,93
129,569,623
154,219,729
183,193,891
194,229,281
245,253,395
328,884,1023
609,812,870
724,1065,1134
772,785,1175
1034,1154,1155
1054,1143,1209
1074,1099,1123
1126,1422,1481
1245,1249,1357
1277,1281,1299
1316,1428,1562
1356,1359,1420
1458,1466,1729
1538,1545,1596
1583,1913,1930
1643,1678,1697
1668,1849,2093
1739,1744,1796
1954,2177,2184
2067,2146,2256
2093,2095,2184
2172,2176,2180
2181,2185,2241
2226,2426,2529
2359,2701,3128
2421,2423,2665
2440,2501,2778
2570,2572,2690
2658,2667,2678
2692,2693,2802
2796,3116,3152
2804,3096,3182
2824,2992,3218
2825,2874,3213
2828,2835,3691
2880,2930,3395
2886,3265,3321
2894,3435,3555
3032,3245,3263
3089,3091,3197
3101,3103,3141
3198,3209,3492
3237,3391,3440
3238,3274,3388
3246,3248,3453
3288,3331,3339
3362,3668,4188
3454,3890,3924
3469,3941,3963
3508,3554,4027
3541,3801,3808
3681,3683,3758
3771,3889,4060
3876,4135,4152
3921,3924,4459
3925,3932,3941
4008,4011,4272
4162,4267,4276
4342,4617,4684
4372,4410,4411
4463,4510,4858
4673,4676,4734
4757,4758,5233
4774,4775,5213
4982,5288,5494
5000,5003,5334
5052,5054,5397
5333,5340,5405
5349,5442,5443
216,297,379
299,301,583
339,355,1002
344,808,830
478,479,644
556,623,625
794,796,1268
870,917,1349
1028,1030,1300
1063,1222,1295
1070,1178,1182
1074,1077,1111
1196,1588,1643
1298,1302,1309
1370,1803,1868
1463,1691,1895
1520,1553,1630
1578,1745,1876
1597,1599,1646
1780,2180,2216
1828,2330,2489
1830,1844,2497
1849,2132,2317
1881,1883,2125
1884,2189,2201
2018,2492,2515
2088,2095,2154
2234,2421,2444
2293,2409,2713
2311,2360,2740
2349,2910,3077
2518,2525,2744
2564,2751,2763
2650,2683,2840
2741,2922,2929
2743,2774,2788
2790,3041,3184
2793,3048,3055
2808,2816,2826
2843,2844,3275
2849,2850,3388
3008,3153,3265
3164,3276,3284
3225,3336,3430
3229,3300,3301
3309,3342,3509
3373,3424,3723
3502,3565,3631
3534,3535,4225
3570,3572,3814
3594,3597,3843
3645,3651,3759
3688,3974,4201
3704,3816,3824
3786,3993,4060
3951,3959,4614
3984,4005,4017
4056,4074,4087
4091,4196,4319
4144,4162,4203
4153,4216,4280
4207,4209,4217
4396,4722,4744
4439,4444,4496
4480,4604,4817
4596,4614,4627
4615,4653,4954
4684,5225,5329
4694,5131,5148
4732,4941,4959
4736,4840,4924
4780,4781,5262
4782,4783,4843
4863,5139,5156
4913,5103,5221
4951,5200,5235
5207,5208,5473
5346,5356,5367
84,102,302
129,283,572
378,579,611
512,675,1024
561,568,618
608,811,828
789,908,1063
1003,1004,1063
1078,1113,1166
1137,1138,1440
1211,1550,2034
1282,1395,1504
1400,1406,1517
1527,1528,1606
1558,1573,1695
1622,1777,2058
1739,1797,2334
1772,2169,2174
1815,1820,2199
1842,1844,2231
1893,2230,2546
1916,1918,2175
2015,2019,2071
2153,2154,2229
2241,2466,2473
2253,2255,2616
2266,2571,2591
2268,2284,2953
2328,2335,2492
2393,2435,2864
2429,2995,3150
2471,2576,2699
2487,2747,2792
2511,2514,2521
2526,2568,2774
2540,2582,2780
2582,2585,2780
2686,2690,3122
2714,3025,3050
2813,2816,3159
2844,3338,3342
2876,2878,3291
2919,2961,3436
2945,2985,3257
2946,2948,3368
2991,3111,3267
3080,3082,3123
3147,3226,3336
3179,3478,3697
3210,3291,3422
3221,3223,3305
3243,3399,3420
3380,3715,4160
3450,3455,3848
3464,3527,3567
3487,3507,3519
3513,3615,3859
3521,3532,3758
3595,4048,4070
3753,3759,3806
3859,4081,4228
3886,4210,4243
3917,3970,4241
4200,4207,4483
4337,4499,4621
4372,4798,4804
4512,4779,4840
4526,4527,4904
4528,4642,4750
4567,4635,4898
4583,4584,4889
4654,4938,5305
4833,4886,4942
4979,5032,5401
5030,5098,5138
5048,5051,5357
5340,5341,5472
26,29,506
56,424,474
99,164,686
123,151,170
372,385,487
448,572,727
479,778,1023
614,622,634
619,841,988
671,672,1210
685,698,1150
712,715,1081
827,867,1121
876,881,887
991,993,1022
1092,1093,1403
1105,1272,1279
1236,1240,1495
1280,1628,1659
1346,1687,1998
1416,1421,1427
1439,1481,1916
1592,1596,1643
1604,1606,1674
1609,1764,2032
1628,1777,2090
1647,1659,1683
1702,1714,1923
1757,1760,2582
1790,2056,2247
1792,1795,2309
1796,2132,2211
1868,2078,2085
2051,2226,2248
2207,2452,2493
2216,2402,2642
2647,2817,2860
2659,2661,2927
2784,3013,3030
2808,2818,3301
2816,2817,3299
2847,2924,3243
3013,3014,3297
3038,3040,3279
3053,3118,3239
3089,3129,3339
3213,3266,3322
3243,3395,3426
3276,3455,3461
3591,3594,3886
3613,3617,3634
3655,3659,3674
3671,3846,3868
3702,3707,3816
3901,3902,4230
4028,4029,4333
4034,4076,4335
4147,4168,4258
4190,4210,4243
4192,4197,4310
4203,4204,4420
4366,4662,4721
4383,4400,4574
4408,4649,4711
4417,4419,4787
4438,4453,4920
4526,4789,4807
4670,4730,4767
4702,4704,4871
4714,4754,5232
4947,5187,5192
5066,5186,5350
5148,5152,5193
5220,5223,5285
76,83,379
104,508,643
141,181,235
150,159,168
164,168,537
182,187,197
573,626,744
687,711,725
724,1023,1049
739,992,1178
751,754,789
841,1388,1533
893,958,1079
969,971,1179
987,1069,1173
1010,1011,1145
1195,1587,1693
1222,1620,1684
1266,1330,1371
1301,1302,1637
1494,1497,1930
1520,1556,2001
1540,1541,2022
1573,1695,1724
1586,1700,1741
1632,1637,1915
1856,2106,2185
1951,2511,2626
2042,2081,2562
2072,2074,2160
2098,2104,2112
2099,2398,2617
2374,2376,2681
2442,2487,2741
2458,2459,2749
2478,2481,2543
2498,2545,3018
2534,2747,2926
2554,2598,3073
2576,2578,2786
2699,2733,2734
2744,3168,3175
2815,2936,3265
2860,2984,3197
2872,2923,3387
3004,3008,3228
3020,3276,3310
3062,3300,3325
3168,3232,3309
3266,3433,3452
3291,3311,3473
3383,3664,3714
3405,3472,3484
3686,3689,4125
3822,4157,4174
4102,4333,4336
4107,4112,4412
4111,4115,4132
4130,4190,4227
4144,4364,4419
4249,4361,4368
4445,4576,4839
4462,4490,4535
4660,5137,5158
4782,4789,4896
4837,4839,4886
4881,4885,4941
243,272,594
260,261,561
364,469,576
475,626,632
748,1092,1167
759,761,1226
794,839,1129
904,1179,1547
992,1075,1137
1127,1311,1413
1420,1671,1853
1440,1443,1505
1503,1504,1720
1549,1844,2094
1627,1774,2091
1674,1716,1861
1711,1960,1995
1721,1996,2055
1784,1835,2140
1802,2103,2144
1819,2072,2258
1840,1905,2182
1865,2410,2524
1912,2149,2220
1929,1936,2587
1953,2069,2211
1966,1969,2028
2093,2170,2184
2169,2316,2643
2195,2583,2591
2221,2412,2570
2299,2303,2562
2300,2301,2839
2482,2590,2713
2543,2739,2771
2810,2813,3342
2810,2868,3288
3231,3250,3307
3275,3448,3667
3318,3542,3693
3350,3355,3408
3418,3959,4081
3429,3499,3810
3431,3770,4202
3510,3630,3795
3557,3599,3831
3566,3568,4000
3584,3591,4236
3675,3683,3741
3766,3922,3972
3805,3812,3861
3886,4191,4211
3891,4018,4283
3892,3893,4224
3963,4221,4414
3972,4300,4379
4011,4558,4670
4019,4030,4678
4034,4076,4553
4085,4086,4384
4305,4676,4734
4400,4621,4725
4668,4823,4824
4688,4903,5079
4811,4817,4878
4859,4893,4894
5002,5400,5464
5077,5180,5470
5088,5347,5421
5150,5372,5376
5164,5168,5388
5180,5186,5501
5258,5259,5355
5263,5369,5389
5318,5319,5376
17,31,600
97,105,115
105,479,498
416,531,550
539,689,972
785,1117,1177
1067,1281,1299
1080,1231,1462
1099,1255,1322
1204,1256,1672
1343,1344,1649
1442,1444,1686
1467,1469,1509
1509,1517,1570
1604,1605,1716
1816,1863,2118
1826,1828,2110
1844,2391,2503
1886,2227,2538
1904,1906,2178
1935,2245,2587
2131,2132,2506
2231,2240,2252
2412,2413,2689
2441,2445,2780
2532,2579,3011
2536,2634,2741
2570,2700,2836
2666,2722,2723
2807,3136,3168
2878,3034,3264
2912,2917,2957
2976,2994,3007
2987,3008,3048
3006,3008,3298
3012,3131,3279
3064,3611,3709
3103,3373,3650
3109,3129,3189
3281,3462,3469
3319,3541,3688
3410,3951,4114
3495,3498,3601
3532,3840,4187
3553,3554,3775
3580,3581,3850
3697,3717,3829
3810,3977,4004
3845,4199,4214
3936,3938,4271
4013,4015,4270
4057,4059,4322
4156,4663,4799
4200,4210,4483
4358,4533,4600
4375,4539,4562
4404,4421,4427
4467,5031,5160
4476,4478,4811
4586,4689,4947
4604,4825,4979
4621,4881,4888
4827,4984,5263
4853,5010,5032
4866,5073,5140
4899,5074,5093
5242,5244,5411
5271,5273,5377
5276,5278,5401
62,71,646
245,491,495
254,260,402
347,364,469
349,352,378
365,393,435
700,1023,1100
720,768,1027
732,999,1060
742,855,964
744,768,1033
747,1091,1514
825,1097,1133
830,1263,1328
849,856,1507
931,1037,1169
1067,1068,1164
1126,1172,1307
1202,1545,2028
1222,1765,1893
1378,1572,1647
1483,1538,1655
1566,1578,1873
1634,1635,1945
1667,1849,1910
1888,1891,2363
1932,1939,2260
1939,2143,2175
1951,1955,1972
1953,1954,2254
1968,1970,2265
1994,2431,2492
2167,2530,2547
2178,2491,2517
2379,2421,2665
2428,2433,2472
2440,2773,3093
2564,2763,2954
2652,2653,2983
2707,2858,2905
2870,3257,3319
2912,2954,3428
3054,3055,3301
3180,3181,3244
3251,3341,3344
3268,3431,3687
3669,3677,3730
3753,3757,3807
3822,4153,4176
3869,4114,4177
3918,3922,4312
4361,4542,4549
4481,4961,4964
4515,4528,4945
4541,4821,5009
4748,4783,4849
4776,4778,4836
4840,5005,5133
4906,4907,5199
4941,5166,5285
4980,4983,5102
5112,5117,5484
5144,5145,5453
5149,5217,5462
5255,5312,5396
274,355,403
290,574,743
423,431,548
511,590,591
596,785,996
667,674,1111
702,718,1375
808,852,1117
841,988,1101
860,1028,1029
937,938,1159
1217,1224,1725
1241,1721,1724
1255,1257,1580
1282,1504,1703
1431,1434,1726
1515,1581,1712
1604,1861,1886
1630,1778,2006
1719,1989,1994
1740,1820,2166
1771,1893,2002
1989,2152,2153
2002,2043,2257
2029,2033,2048
2031,2465,2528
2141,2226,2298
2204,2208,2378
2430,2715,2788
2438,2444,2558
2511,2518,3162
2727,2751,2888
2737,2917,3071
2870,2978,3289
2889,2959,3270
2936,3204,3316
3048,3055,3345
3071,3112,3321
3120,3123,3131
3261,3427,3548
3359,3366,3883
3374,3384,3503
3416,3418,3752
3440,3788,3819
3452,3497,3805
3523,3542,3554
3538,3807,3968
3586,3688,3765
3604,3879,4247
3760,3931,4053
3899,3952,4469
4103,4114,4759
4177,4282,4342
4178,4397,4608
4250,4251,4385
4289,4309,4380
4323,4324,4391
4336,4355,4483
4534,4535,4840
4561,4565,4917
4562,4564,4823
4640,4757,4903
4668,4780,4937
4680,5019,5238
4703,4704,4945
4722,4726,4742
4810,4843,5000
4816,4975,5256
4975,5367,5473
5172,5179,5500
1,3,613
104,508,986
198,200,504
218,417,571
221,230,372
239,256,393
527,571,679
601,792,950
782,1022,1185
924,930,1091
975,977,1171
982,1101,1108
989,990,1426
1115,1161,1163
1336,1338,1593
1428,1430,1697
1566,1587,1693
1572,1577,1606
1594,1596,1682
1625,1806,1848
1771,2107,2230
1828,1942,2050
1940,2196,2230
2013,2017,2024
2018,2237,2448
2176,2195,2323
2448,2450,2705
2475,3022,3130
2504,2511,3156
2510,2551,2787
2515,2758,2946
2576,2851,3078
2671,2794,2882
2684,2944,2961
2699,2701,2733
2717,2876,2883
2834,3228,3270
2995,3023,3679
3036,3050,3697
3050,3299,3335
3154,3155,3294
3262,3421,3490
3278,3340,3453
3374,3422,3767
3754,4038,4097
3847,4050,4170
3848,3869,3881
3920,3923,4254
3923,4319,4353
3979,4321,4426
4126,4187,4199
4196,4330,4465
4197,4633,4694
4449,5023,5188
4460,4760,4958
4503,4504,4829
4642,4704,4950
4901,4904,4908
4925,5279,5294
5012,5290,5452
5080,5189,5446
5092,5096,5102
5171,5235,5472
5178,5181,5198
5299,5308,5421
50,411,417
173,183,884
253,254,557
272,274,636
360,364,489
677,728,1037
689,690,1228
801,847,1321
1031,1035,1169
1039,1307,1372
1068,1391,1456
1121,1125,1416
1449,1688,1722
1677,1983,2000
1783,1815,2245
1790,2331,2494
1838,1845,2250
1874,1916,2175
1879,1919,2209
1901,1905,1910
2007,2009,2049
2079,2410,2624
2109,2275,2326
2124,2265,2280
2133,2137,2242
2305,2318,2770
2558,2559,2655
2618,2625,2676
2745,2938,3050
2786,3019,3040
2886,3434,3548
3066,3071,3112
3131,3132,3278
3239,3273,3274
3325,3327,3673
3482,3777,3902
3804,3966,4225
3851,4081,4121
3869,4137,4177
3884,4233,4262
3916,3931,4387
3976,4020,4281
3992,4034,4508
4243,4245,4309
4276,4435,4716
4511,4513,4845
4515,4528,5176
4538,4545,5196
4645,4666,4767
4850,4958,4962
4855,4856,4958
4896,5075,5234
4929,4962,5129
5308,5421,5478
1,2,256
14,29,563
16,30,210
75,719,847
276,292,960
342,453,536
343,344,623
375,442,473
386,614,822
405,411,417
482,503,616
488,583,706
501,505,559
538,744,771
729,799,1110
830,1052,1056
915,916,1151
926,933,1188
989,1162,1383
1000,1022,1045
1055,1186,1209
1106,1107,1384
1369,1392,1658
1434,1441,1545
1505,1958,1981
1568,1662,1721
1582,1642,1700
1609,1680,1681
1612,1613,1722
1623,1691,1775
1824,2385,2509
1827,2321,2630
1842,2151,2177
1882,1947,2206
1942,2483,2596
1952,2389,2406
1977,2017,2239
2036,2140,2224
2299,2584,2698
2304,2802,3080
2324,2375,2680
2335,2595,2792
2357,2361,2379
2423,2424,2729
2634,2931,3179
2693,3081,3142
2697,2851,2900
2881,2911,2916
2955,3064,3305
3103,3105,3322
3325,3560,3566
3347,3657,3677
3446,3448,3823
3476,3726,3805
3539,3541,3876
3549,3562,4207
3570,3612,3838
3604,3622,3663
3609,3614,3882
3745,3748,3777
3797,3956,4078
3830,3874,4014
3858,4079,4085
4002,4009,4391
4092,4099,4211
4107,4223,4367
4110,4152,4378
4227,4229,4413
4445,4888,4900
4541,4979,5013
4563,4565,4836
4576,4577,4885
4586,4927,5238
4609,4631,4738
4625,4627,4844
4666,4669,4728
4680,4683,4745
4842,5001,5024
4897,5070,5231
4904,5084,5332
5046,5428,5478
5091,5203,5339
5101,5104,5121
5121,5166,5453
5130,5131,5445
5235,5403,5404
5265,5271,5379
5342,5344,5367
102,104,435
133,195,659
137,139,535
164,171,227
252,276,291
301,863,976
335,460,617
356,362,368
439,441,449
502,721,790
604,813,922
824,826,1098
878,920,1143
893,1230,1459
1062,1218,1250
1097,1101,1158
1101,1104,1108
1205,1215,1647
1207,1221,1262
1500,1510,1633
1538,1539,1726
1640,2055,2063
1672,1858,2103
1702,1925,1988
1824,1847,1953
1866,1908,2340
1994,1997,2152
2205,2209,2253
2279,2282,2803
2317,2644,2801
2324,2330,2375
2506,2509,2568
2515,2516,2776
2594,2628,2700
2623,2624,2807
2669,2680,2764
2716,2720,2862
2721,2725,3002
2744,2921,3168
2858,3186,3521
2888,2933,3350
2895,2908,3325
3036,3050,3296
3157,3177,3472
3178,3193,3315
3250,3398,3626
3446,3729,3822
3471,3832,3870
3616,3658,3863
3757,4084,4151
3866,3872,3882
3890,3895,3948
3953,4019,4031
3959,3967,4401
3982,4023,4278
4014,4032,4045
4025,4570,4684
4083,4128,4393
4141,4347,4359
4146,4188,4623
4441,4442,4770
4458,4482,4497
4541,4543,5007
4590,4873,4905
4681,4683,5115
4853,5241,5302
4976,5319,5424
5165,5166,5464
5283,5291,5408
48,127,599
181,315,601
203,208,261
229,520,540
277,283,335
285,294,556
288,291,417
328,585,592
385,387,497
425,878,901
439,448,561
587,769,786
604,807,922
824,826,1253
1067,1110,1164
1120,1543,1550
1124,1128,1298
1460,1462,1503
1632,1633,1943
1637,1640,1644
1728,1743,1786
1736,1737,2184
1819,1820,2151
1820,1827,1939
1848,2114,2235
1868,2139,2168
1909,2469,2592
2111,2117,2333
2313,2800,2803
2316,2318,2651
2336,2338,2672
2456,2458,2715
2649,3077,3094
2651,2657,2873
2760,2957,3117
2835,3347,3654
2868,2870,3287
2910,2915,2921
3270,3324,3437
3291,3499,3539
3310,3521,3636
3316,3533,3550
3400,3735,3798
3565,3569,3735
3602,3761,3762
3608,3823,3999
3633,3637,3644
3751,3830,3831
3852,4059,4076
4220,4256,4701
4229,4230,4291
4348,4767,4774
4425,4700,4724
4531,4537,5225
4618,5095,5116
4650,4654,4695
4654,5154,5308
4731,4926,5121
4735,4789,4853
4844,5101,5126
4871,5020,5343
4908,4951,4959
4984,5103,5429
5103,5358,5429
5205,5210,5251
5305,5313,5425
5364,5365,5476
5369,5378,5389
21,27,514
33,39,991
63,68,168
110,115,697
313,317,395
408,709,967
457,477,772
498,673,799
579,603,752
629,850,872
757,1298,1456
808,813,852
885,887,1123
961,992,1077
1174,1427,1491
1306,1350,1633
1350,1351,1665
1554,1851,2099
1582,1741,2084
1590,1753,1802
1746,2609,2625
1778,1900,2009
1795,2128,2606
1886,2433,2542
1889,1892,1950
1971,1978,2622
1991,2497,2634
2232,2439,2456
2242,2465,2484
2252,2563,2601
2336,2672,2751
2423,2425,2687
2470,2473,2723
2556,2824,3100
2674,2763,2829
2682,2683,2765
2846,2896,3208
2894,3008,3153
2898,3385,3519
2970,2977,3090
2994,3008,3272
3006,3008,3338
3091,3191,3258
3101,3140,3578
3167,3168,3175
3316,3646,3662
3856,4186,4202
3876,4196,4232
4032,4040,4699
4123,4664,4803
4138,4142,4148
4325,4481,4503
4367,4612,4653
4375,4386,4402
4387,4390,4706
4461,4464,4848
4549,4550,4864
4675,4676,4823
5071,5074,5109
5254,5295,5491
5287,5289,5350
6,11,47
250,251,304
397,409,509
494,644,651
553,569,856
629,897,937
668,722,1025
694,743,1211
782,784,1044
787,791,853
843,845,1099
887,1135,1320
942,999,1055
991,994,1169
1073,1461,1522
1139,1538,1545
1200,1204,1594
1293,1296,1355
1322,1324,1583
1328,1331,1594
1372,1434,1703
1470,1472,1629
1581,1588,2066
1599,1716,1727
1671,1879,1919
1677,1718,1867
1762,2305,2433
1782,1798,2239
1863,1981,2136
1904,1906,2333
1957,1963,2212
2060,2093,2170
2106,2276,2286
2120,2252,2334
2297,2348,2657
2423,2424,2741
2489,2724,2779
2527,2551,2655
2574,2615,3053
2624,2736,2744
2648,2649,2801
2843,3174,3275
2899,2900,3231
2917,3071,3169
2942,3366,3386
2950,3450,3611
3123,3250,3337
3254,3328,3405
3313,3525,3530
3362,3363,3901
3364,3416,3832
3387,3411,3425
3414,3415,3721
3510,3793,3825
3531,3532,3862
3611,3669,3736
3733,3894,3968
3733,4066,4083
3741,3902,4260
3854,4067,4128
4217,4218,4693
4664,4671,4919
4835,4836,4922
4841,5001,5024
4911,4931,5093
5041,5046,5426
5058,5062,5406
5116,5383,5386
5277,5279,5430
5300,5333,5410
5424,5479,5487
7,12,188
129,189,486
135,140,420
235,236,585
313,393,506
331,358,361
356,370,474
370,876,1019
435,507,631
565,732,739
594,893,956
689,986,1180
744,813,1094
815,861,1293
818,1092,1129
839,994,1135
839,1064,1065
850,853,1326
888,895,1000
986,989,1425
987,989,1069
1003,1005,1096
1103,1266,1371
1121,1125,1170
1234,1283,1751
1339,1442,1705
1356,1914,2075
1388,1929,2044
1416,1430,1676
1470,1471,1713
1581,1742,2100
1713,1971,2079
1820,1822,2199
1868,2078,2266
1893,2002,2151
1902,1944,2379
2262,2602,2633
2535,2703,2704
2612,2613,2697
2628,2629,2694
2662,2821,3164
2668,2825,3148
2685,2842,2890
2692,2972,3030
2867,3357,3715
2913,3514,3639
2975,2977,3223
3062,3064,3306
3151,3153,3182
3480,3525,3797
3527,3548,3588
3712,3717,4005
4039,4384,4699
4067,4298,4381
4098,4119,4221
4456,4465,5127
4466,4520,4900
4483,4490,4947
4545,4548,4934
4679,4681,5114
4736,5011,5238
4787,4788,4854
4890,5057,5084
4938,5168,5313
4980,4984,5374
5081,5083,5392
5084,5124,5429
5141,5152,5378
5217,5319,5453
5250,5252,5414
5305,5307,5386
5484,5501,5507
146,307,490
172,187,318
259,263,344
378,379,630
511,889,948
577,593,898
616,645,829
697,991,1474
892,939,1411
904,945,1158
1116,1117,1445
1227,1230,1252
1385,1387,1674
1413,1414,1671
1536,1537,1673
1582,1801,1870
1752,1755,2290
1776,2102,2124
1822,2173,2476
1837,1991,2089
1946,1948,2108
2072,2074,2255
2085,2242,2260
2134,2223,2289
2165,2288,2321
2203,2381,2400
2330,2720,2787
2364,2433,2714
2368,2430,2745
2407,2410,2738
2466,2473,2585
2536,2790,3177
2614,2615,3053
2656,2817,3091
2704,2705,2772
2797,2799,3167
2855,2879,2893
3029,3252,3260
3054,3214,3215
3110,3112,3230
3163,3229,3256
3191,3352,3699
3316,3529,3555
3322,3340,3346
3324,3553,3614
3332,3342,3578
3356,3682,3699
3574,3797,3804
3687,3689,3873
3715,4163,4223
3982,4044,4361
4018,4039,4079
4238,4240,4298
4311,4472,4481
4383,4406,4418
4389,4705,4760
4423,4710,4769
4542,4544,4931
4701,4705,4760
5002,5052,5459
5075,5077,5394
5140,5180,5436
28,448,580
56,539,573
67,70,556
72,73,141
97,108,264
154,155,215
163,181,876
217,704,731
232,286,786
400,749,960
417,418,623
429,488,582
545,548,574
557,561,618
590,591,886
783,788,901
796,798,1269
804,1078,1079
919,923,958
1032,1034,1475
1057,1106,1107
1166,1172,1182
1224,1718,1722
1275,1288,1705
1410,1452,1678
1494,1532,1715
1615,1616,1718
1645,1648,1652
1678,1870,1932
1691,1706,1895
1747,1756,2224
1801,1806,2186
1835,1837,2154
1837,2384,2536
1870,1893,1932
1900,2447,2556
1999,2027,2140
2016,2017,2128
2073,2362,2580
2076,2078,2085
2119,2120,2207
2204,2384,2632
2326,2327,2636
2472,2739,2800
2575,2579,2594
2681,2765,2807
2757,3060,3082
2859,2861,3242
3066,3068,3295
3082,3187,3196
3117,3553,3614
3123,3124,3248
3152,3154,3240
3158,3159,3216
3188,3355,3406
3256,3323,3325
3275,3321,3323
3350,3353,4220
3377,3384,4202
3402,3408,3415
3574,4081,4228
3604,4151,4249
3628,3685,3695
3812,4205,4232
3880,3886,4146
4215,4217,4411
4287,4446,4717
4533,5134,5259
4621,4725,4957
4716,4755,4951
4780,4940,4958
4806,4807,5141
4842,5275,5296
4909,5099,5217
4914,4956,5101
4923,4940,5114
4988,4995,5504
4994,4995,5444
5008,5012,5269
5018,5020,5357
5051,5307,5496
5094,5112,5125
5124,5131,5243
5371,5372,5450
45,56,71
48,55,127
75,181,493
77,390,391
93,94,588
174,232,516
305,359,801
377,698,929
495,497,871
508,968,989
520,683,693
793,831,1162
900,924,1089
1058,1213,1490
1097,1256,1263
1199,1254,1561
1238,1469,1690
1251,1266,1914
1315,1317,1731
1430,1527,1609
1602,2039,2054
1604,1675,1810
1694,1708,1902
1867,1870,2198
1967,1969,2443
2111,2333,2405
2133,2139,2349
2248,2254,2263
2368,2482,2716
2401,2422,2529
2484,2530,2962
2521,2956,2975
2700,3083,3118
2889,2913,3020
3008,3071,3112
3067,3086,3099
3293,3299,3335
3294,3336,3481
3383,3430,3778
3443,3489,3749
3467,3531,3806
3522,3564,3999
3572,3575,3826
3765,3834,3835
3778,3989,4006
3785,3938,4008
3786,3819,3985
3792,3797,3859
3899,3904,3956
4072,4134,4403
4076,4078,4335
4102,4142,4380
4174,4178,4388
4500,4550,5015
4542,4851,4877
4582,4585,4688
4639,5074,5093
4653,4830,4831
4675,4676,4936
4741,4765,5047
4760,4796,5241
4785,4942,4960
4798,4812,4964
4929,5241,5302
5007,5010,5032
5206,5209,5309
5376,5434,5458
348,353,361
389,397,658
546,547,640
696,722,724
867,983,1127
879,882,941
929,988,1018
960,970,1093
1158,1379,1534
1308,1427,1572
1376,1418,1659
1377,1978,2091
1427,1429,1695
1435,1678,1866
1462,1778,2009
1468,1527,1605
1531,1562,1587
1550,1704,1721
1571,1732,2079
1580,1581,1959
1970,2067,2149
1988,2423,2442
2010,2234,2442
2053,2059,2177
2090,2577,2597
2303,2701,2734
2352,2466,2612
2405,2619,2795
2430,2431,2713
2492,2495,2927
2652,2654,2775
2776,3106,3122
2910,2915,3308
2949,3209,3253
2980,3527,3636
2984,2986,3191
2999,3005,3336
3091,3197,3329
3153,3442,3660
3265,3272,3321
3276,3277,3605
3277,3293,3337
3493,3496,3531
3590,4137,4239
3619,3658,3781
3650,3687,3873
3689,3690,3751
3831,4039,4079
3874,4190,4227
3913,4456,4586
3937,3940,4340
4074,4082,4741
4377,4683,4700
4441,4768,4833
4459,4464,4746
4480,4481,4880
4503,4505,4831
4551,4799,4950
4617,4678,4690
4688,4891,4903
4825,4984,5103
4948,4954,4963
5028,5192,5361
5066,5067,5444
5087,5090,5192
5113,5119,5389
5124,5398,5399
5295,5361,5492
79,451,641
130,135,144
179,180,543
283,623,960
559,785,825
716,723,838
785,897,999
792,800,1080
1032,1197,1217
1130,1426,1490
1162,1385,1448
1219,1220,1506
1427,1639,1675
1702,1720,1726
1796,2131,2210
1935,2482,2590
1960,1961,2230
2227,2430,2550
2285,2416,2679
2327,2657,2802
2384,2634,2791
2532,2536,2578
2547,2550,3024
2602,2633,2710
2620,2642,2665
2634,2745,2752
2782,3071,3112
2829,3403,3568
2856,3136,3191
3089,3187,3310
3200,3286,3287
3221,3222,3306
3332,3580,3599
3367,3376,3844
3389,3390,3928
3558,3581,3855
3587,3589,3855
3676,3792,3867
3680,3716,4161
3692,3693,3878
3816,3824,3879
3867,4107,4223
3896,4286,4342
4076,4118,4359
4121,4127,4264
4161,4221,4291
4177,4178,4399
4217,4388,4409
4316,4317,4377
4476,4502,4504
4554,4577,4890
4638,4659,4761
4818,4838,4921
5072,5077,5117
5095,5096,5346
5182,5290,5413
5260,5265,5379
5363,5365,5476
96,310,436
175,179,260
306,335,616
470,957,977
575,748,970
583,761,780
622,911,952
752,754,1066
792,800,1459
848,1389,1504
933,943,1198
992,994,1175
1003,1004,1187
1057,1059,1384
1112,1115,1275
1142,1186,1335
1164,1393,1454
1230,1233,1619
1272,1616,1677
1309,1310,1623
1349,1411,1477
1406,1841,1904
1469,1471,1577
1514,1517,1704
1532,1534,1715
1538,1598,1655
1576,2011,2018
1595,1682,1683
1665,1668,1672
1714,1723,1965
1755,2025,2242
1814,2362,2475
1834,1869,1988
1849,2093,2263
1856,2124,2236
1863,2135,2222
1869,1988,2143
1964,1968,2265
2006,2016,2268
2010,2011,2247
2098,2112,2264
2132,2139,2264
2288,2293,2344
2325,2396,2663
2473,2474,2757
2591,2592,3067
2732,2902,3124
2888,2894,2936
2921,2922,3257
2938,3485,3597
2963,3234,3386
3103,3124,3158
3192,3357,3431
3221,3378,3410
3296,3485,3699
3350,3406,3716
3434,3809,3863
3443,3448,3489
3481,4040,4165
3497,3499,3811
3522,3524,3952
3558,3561,3623
3578,3580,3819
3689,4127,4146
3728,3890,4256
3842,4193,4208
3855,3884,4063
3877,4142,4148
3892,4222,4282
3946,3947,4256
4012,4019,4671
4119,4222,4291
4202,4204,4238
4504,4803,4829
4667,4669,4813
4685,4696,4908
4863,5136,5161
5106,5148,5405
5198,5240,5463
5333,5405,5503
5421,5424,5428
82,83,596
239,248,389
241,242,295
277,280,559
367,371,437
399,401,441
460,461,942
569,740,859
580,754,1003
597,598,900
688,691,1082
694,746,1124
747,749,1285
824,826,1031
843,888,1153
970,1003,1069
1010,1011,1062
1203,1206,1586
1215,1716,1727
1256,1578,1672
1355,1357,1603
1371,1647,1702
1458,1469,1567
1601,1761,1784
1610,1722,2000
1633,1636,1705
1765,1772,2175
1784,1832,2146
1954,1995,2227
2228,2433,2535
2277,2320,2444
2487,2492,2792
2608,2638,2656
2673,2677,2782
2703,2855,2886
2770,2978,2984
2772,2976,3001
2841,2844,3227
2939,2950,3337
3083,3536,3559
3104,3106,3262
3117,3298,3308
3123,3125,3250
3293,3483,3601
3579,3642,3698
3774,3958,4002
3801,3808,3858
3860,4144,4185
3892,3895,4282
4023,4134,4238
4145,4149,4154
4334,4335,4645
4391,4392,4708
4444,4987,5119
4471,4593,4702
4516,4522,4563
4555,4557,4971
4778,4838,4895
4835,5273,5288
4847,4891,4999
4886,5049,5077
4894,5040,5067
4897,4900,4957
4928,4944,5128
5114,5159,5449
5157,5263,5377
5316,5322,5437
5317,5319,5453
76,80,385
78,82,415
223,281,593
247,385,487
258,317,767
342,418,539
376,439,450
655,656,1048
698,700,1037
761,1008,1015
931,1167,1173
950,952,1070
1050,1130,1174
1211,1214,1652
1223,1619,1653
1233,1723,2007
1297,1360,1400
1304,1344,1649
1315,1558,1724
1325,1437,1679
1544,1664,1830
1594,1682,1726
1662,1721,1840
1751,2090,2574
1760,2060,2540
1869,1870,2226
1896,1900,2235
1974,2223,2266
2036,2170,2305
2134,2135,2266
2214,2516,2574
2316,2342,2344
2438,2712,2749
2463,2465,2719
2551,2651,2718
2832,2835,3213
2871,2876,3291
2942,2943,3269
3010,3052,3528
3010,3054,3301
3120,3121,3269
3158,3214,3302
3335,3337,3702
3410,3455,3760
3443,3491,3909
3482,3483,3809
3506,3656,3760
3517,3732,3890
3565,4124,4241
3580,3831,4013
3661,3685,3967
3664,3809,3863
3708,3772,3849
3823,4001,4064
3827,4009,4026
3869,4090,4112
3954,3955,4261
4050,4170,4335
4146,4151,4192
4225,4233,4507
4238,4239,4296
4271,4497,4560
4294,4383,4449
4449,4524,4590
4460,4463,4794
4463,4473,4894
4525,4969,5146
4569,4570,4926
4709,4807,4930
4850,5285,5300
4871,4964,5254
4879,5035,5102
4939,5154,5308
5333,5410,5424
5342,5363,5476
2,82,253
9,14,459
65,431,446
86,130,294
234,313,394
258,312,574
361,363,802
509,520,800
522,959,974
664,665,1059
695,1259,1387
700,1037,1099
782,783,1109
894,897,1143
1104,1266,1525
1271,1764,2080
1503,1504,1628
1555,1556,1613
1573,1694,1731
1729,1737,1780
1739,1792,2309
1748,1800,2317
1834,2083,2267
1897,2327,2395
1898,1900,2249
2196,2201,2497
2198,2376,2435
2268,2269,2981
2275,2354,2396
2300,2303,2634
2317,2611,3094
2394,2398,2754
2408,2618,2806
2423,2872,2899
2601,2609,2672
2643,2759,2939
2747,2777,2789
2759,3158,3165
2847,2871,2885
2862,2863,3563
2862,2878,3535
2931,3472,3590
2934,2955,3062
2963,3234,3237
3204,3360,3442
3220,3385,3513
3320,3338,3345
3537,3600,3663
3650,3703,3796
3848,4053,4155
3895,4438,4612
3907,3921,3962
3927,3956,4290
3987,3989,4326
4018,4373,4671
4077,4183,4297
4153,4175,4262
4296,4354,4378
4646,4879,5032
4747,4756,5022
4836,5068,5109
4910,4954,5094
4966,5290,5323
5093,5138,5412
5318,5376,5506
13,94,588
13,498,793
52,56,400
110,178,487
148,556,625
262,498,518
379,386,551
421,424,569
446,448,478
510,668,1025
533,921,982
598,608,624
633,888,895
686,693,1186
718,1259,1381
796,798,1053
914,917,1072
1018,1032,1184
1062,1187,1218
1078,1289,1306
1085,1208,1241
1258,1414,1522
1276,1323,1578
1340,1344,1706
1370,1803,1823
1426,1429,1488
1471,1577,1709
1476,1533,1562
1560,1708,1714
1588,1745,2068
1718,1725,1979
1965,1967,2442
1992,2034,2237
2192,2195,2355
2288,2344,2756
2312,2711,2715
2468,2783,3120
2528,2743,2919
2575,2593,2604
2762,2955,3022
3047,3048,3313
3158,3160,3218
3317,3555,3594
3370,3707,3716
3397,3400,3723
3423,3759,3884
3475,3477,3733
3579,3682,3751
3590,3829,3836
3661,3685,3805
3709,3821,3828
3744,3900,3982
3781,3883,4167
3809,3988,4102
3919,3923,4182
3944,3947,4310
3992,3997,4037
4142,4144,4427
4208,4243,4309
4233,4345,4401
4305,4306,4374
4458,4488,4819
4514,5055,5175
4540,4605,4882
4544,4647,4933
4650,4692,5128
4701,4705,4795
4885,5055,5175
4894,4907,4928
4972,4976,5241
5032,5079,5397
5149,5153,5215
5376,5379,5408
136,685,819
202,203,257
433,442,557
469,764,1012
475,923,941
546,579,745
623,625,967
664,832,1058
736,780,1041
859,1294,1313
943,945,1059
1220,1555,2000
1251,1266,1698
1540,1562,1585
1596,1654,1678
1624,1691,1692
1648,2067,2074
1733,1736,2184
1816,1860,2279
1820,2168,2199
1841,1842,2151
1937,1939,2372
2040,2050,2173
2155,2157,2217
2179,2335,2356
2200,2377,2629
2408,2411,2675
2512,2515,2988
2514,2521,2806
2653,2775,2804
2662,2668,2881
2811,2892,3235
2883,2884,3296
2890,2891,3161
2920,3521,3646
2954,3000,3474
3055,3298,3486
3131,3328,3564
3180,3181,3312
3273,3558,3583
3283,3461,3480
3356,3357,3839
3562,3602,3840
3642,3663,3787
3801,3805,4082
3999,4041,4516
4182,4239,4295
4445,4446,4900
4469,4766,4960
4561,5120,5245
4678,4682,4967
4818,4827,4838
4961,5234,5258
5005,5019,5058
5262,5280,5292
5282,5285,5480
5295,5297,5491
6,9,47
14,15,564
16,28,217
162,177,320
230,235,386
241,247,326
395,396,495
501,508,643
516,675,747
528,679,1014
545,726,768
579,754,773
678,757,1072
700,701,1136
771,1318,1430
1077,1081,1186
1092,1258,1414
1231,1280,1660
1267,1275,1703
1292,1294,1606
1360,1567,1576
1502,1504,1538
1585,1651,1675
1625,1628,1654
1994,2194,2207
2015,2361,2581
2114,2559,2611
2119,2207,2334
2302,2576,2764
2375,2377,2694
2466,2753,2764
2712,2717,2995
2716,2783,2785
2794,3050,3147
2813,3122,3332
2990,3212,3216
2994,2995,3685
2995,3033,3334
3093,3097,3104
3178,3196,3268
3210,3474,3499
3330,3333,3697
3691,3694,3869
3778,3779,3866
3782,3791,3945
4028,4299,4328
4095,4642,4750
4114,4137,4177
4114,4614,4768
4275,4433,4764
4288,4414,4426
4511,4767,4774
4563,4568,4681
4637,4682,4920
4824,4825,5262
4859,5178,5203
4928,4949,4961
5057,5078,5090
5080,5145,5422
5088,5354,5475
5158,5159,5449
5226,5268,5474
5358,5378,5461
27,518,601
50,210,212
75,80,493
158,160,521
168,501,689
220,540,604
262,292,343
279,360,429
297,301,549
299,583,641
315,591,634
494,935,993
554,555,865
1028,1123,1246
1107,1244,1271
1219,1850,2092
1332,1337,1343
1391,1496,1619
1449,1451,1722
1568,1570,1840
1619,1941,1958
1820,1822,2168
1844,1996,2094
1975,2450,2473
2122,2282,2610
2220,2417,2577
2470,2514,2761
2524,2583,2710
2543,2545,2733
2672,2835,3184
2759,2793,2795
2925,2932,3584
2942,2943,3198
3303,3499,3602
3398,3468,3801
3612,3654,4090
3641,3644,3851
3702,3707,3990
3737,4223,4240
3851,4034,4057
3963,3965,4502
4055,4060,4100
4105,4124,4136
4389,4422,4589
4490,4649,4880
4753,4759,4877
4779,5110,5324
4787,4794,4901
4802,4804,4827
4842,4967,4998
4881,5054,5168
4909,4913,5211
5006,5058,5326
5014,5017,5507
5057,5062,5433
5062,5103,5358
5062,5175,5284
5222,5228,5507
113,266,302
214,268,555
328,633,997
374,378,857
464,576,584
544,699,720
546,694,1011
548,698,746
561,565,621
773,819,1245
774,797,1110
827,1026,1047
858,876,889
866,1099,1252
943,945,1162
950,1222,1496
985,987,1066
1116,1298,1456
1540,1541,1696
1614,1798,1842
1693,1873,2023
1701,1703,2040
1750,2087,2096
1768,1771,2162
1973,1977,2156
2123,2453,2470
2179,2203,2332
2282,2285,2624
2300,2635,2798
2306,2361,2898
2330,2717,2779
2389,2390,2855
2478,2499,2601
2531,2629,2736
2672,2831,3184
2834,2844,3271
2835,3336,3347
2999,3005,3154
3485,3839,3875
3509,3513,3852
3541,3604,3645
3594,3601,3705
3834,3835,4133
4123,4183,4221
4175,4201,4206
4240,4724,4745
4253,4254,4423
4275,4651,4677
4306,4462,4512
4341,4514,4628
4394,4628,4668
4444,4612,4723
4459,4744,4858
4514,5062,5175
4604,4606,4811
4644,4646,5079
4680,4684,4867
5159,5384,5385
5231,5289,5356
5233,5237,5297
28,43,567
123,159,532
126,127,520
322,323,375
352,354,514
449,887,906
556,560,702
647,976,1008
656,1104,1139
677,682,732
760,763,866
810,817,930
977,1454,1478
1052,1085,1091
1120,1297,1549
1196,1370,1588
1284,1353,1634
1335,1338,1441
1405,1424,1436
1497,1498,1711
1623,1624,1723
1633,1826,1946
1655,1828,2050
1697,1888,1910
1788,1795,2207
1952,1953,2205
1981,2187,2199
1988,1990,2422
1994,1997,2429
2014,2054,2244
2072,2157,2258
2074,2075,2214
2156,2258,2358
2217,2218,2520
2223,2416,2479
2525,2529,2802
2722,2997,3064
2751,2959,2999
2753,2911,3064
2908,2949,3209
2914,3163,3347
3131,3132,3247
3336,3595,3657
3357,4202,4223
3364,3532,3643
3391,3440,3704
3566,3567,3853
3579,3582,3683
3694,3695,4133
3703,3705,3796
3723,3839,4019
3966,4008,4267
4012,4016,4022
4595,4641,5073
4724,4726,5157
4812,4977,4997
4832,4839,4964
4856,4917,4918
4907,5089,5150
5007,5036,5370
5062,5413,5485
5161,5432,5481
21,26,198
32,37,451
67,480,640
72,111,175
119,131,292
198,460,482
292,569,575
295,323,375
428,431,622
437,914,938
522,955,976
683,1014,1115
716,838,1052
779,790,1177
781,804,1113
902,1061,1062
924,1165,1170
1031,1035,1099
1095,1131,1151
1117,1294,1329
1139,1330,1542
1252,1299,1617
1313,1315,1570
1392,1399,1720
1439,1441,1671
1471,1707,1713
1511,1512,1627
1536,1544,1657
1558,1576,1648
1759,2044,2158
1771,1893,2170
1911,2187,2242
1939,2374,2393
2106,2116,2127
2298,2350,2375
2333,2338,2722
2374,2650,2690
2575,2595,2660
2761,2959,3110
2833,2908,2949
3037,3040,3075
3050,3183,3289
3210,3212,3290
3356,3804,3839
3481,3502,3609
3556,3569,4213
3608,3811,3823
3630,3823,3854
3650,3922,4196
3680,3713,3790
3708,3715,3774
4050,4322,4329
4067,4381,4720
4146,4148,4581
4231,4234,4409
4326,4478,4525
4794,5091,5337
4919,5318,5325
5391,5410,5467
60,71,104
69,238,377
73,83,470
175,262,315
308,310,587
529,600,601
775,1018,1184
796,1063,1066
935,992,1076
1079,1113,1114
1098,1253,1325
1232,1233,1672
1250,1318,1358
1357,1359,1785
1405,1408,1470
1641,1645,1701
1732,1737,2064
1787,1826,1946
1842,2165,2231
1879,1942,1982
1910,2132,2136
1928,2185,2192
1986,1991,2032
2087,2092,2201
2113,2271,2354
2205,2398,2510
2207,2237,2249
2347,2362,3009
2368,2862,3029
2491,2514,2762
2513,2516,2614
2520,2859,3078
2670,2671,2751
2726,3004,3071
2785,3023,3136
2817,2860,3259
2856,2857,3138
3191,3197,3413
3308,3329,3341
3363,3366,3901
3442,3664,3863
3504,3778,3779
3643,3664,3698
3733,3734,3854
3736,4171,4178
3754,3842,3886
3869,3881,4110
3937,4231,4714
3979,3980,4360
4055,4057,4484
4057,4270,4272
4086,4093,4418
4131,4134,4141
4138,4142,4427
4159,4162,4465
4340,4344,4491
4392,4423,4596
4446,4717,4724
4656,4661,4667
4661,4934,4964
4664,4668,4965
4707,4748,4942
4738,4861,4946
4766,4798,4816
4817,5282,5303
4844,4914,4956
4872,5031,5194
4882,5160,5219
4999,5332,5341
5052,5173,5397
5077,5231,5444
5121,5163,5419
5221,5222,5485
5317,5342,5365
5327,5328,5335
0,14,260
4,6,89
114,667,805
310,564,619
344,345,616
394,508,620
519,647,954
656,666,830
700,745,1031
707,1037,1520
727,732,739
736,739,1202
785,1139,1175
813,1354,1469
843,889,1363
983,1160,1376
1065,1066,1433
1150,1361,1476
1164,1393,1410
1189,1195,1693
1314,1872,2039
1398,1401,1418
1539,1673,1715
1642,1917,1984
1756,1770,1810
1845,1852,2253
2123,2237,2280
2237,2428,2450
2483,2487,2492
2510,2570,2607
2572,2577,2690
2616,2622,2737
2623,2683,2807
2732,2902,3120
2757,2758,3060
2997,3062,3305
2999,3001,3295
3109,3164,3222
3223,3255,3279
3225,3294,3295
3227,3228,3324
3282,3283,3613
3297,3487,3513
3312,3519,3536
3382,3771,4047
3411,3426,3858
3660,3661,3975
3696,3697,4019
3741,3906,4260
3832,3836,4012
3928,4557,4797
3955,4288,4423
4041,4043,4285
4254,4551,4799
4278,4289,4572
4340,4405,4407
4422,4702,4793
4496,4831,4910
4537,4904,4959
4612,4818,4838
4682,4920,4945
4769,4934,4942
4836,4995,5067
4922,5118,5177
4966,5271,5291
5087,5149,5214
5088,5091,5474
5150,5151,5437
5186,5188,5348
5316,5318,5325
60,107,169
84,86,303
98,109,618
115,117,722
168,693,715
208,355,464
416,520,604
533,608,609
562,721,790
863,867,1172
894,1143,1186
906,948,1383
949,967,978
1027,1036,1150
1067,1111,1219
1260,1306,1628
1304,1668,1711
1330,1444,1544
1442,1448,1550
1444,1991,2089
1504,1828,2047
1613,1614,1689
1629,1948,1965
1670,1671,1966
1730,1784,2300
1881,1886,1926
2010,2012,2174
2023,2118,2221
2452,2959,3110
2485,2506,2607
2609,2610,2671
2653,2983,3008
2670,2828,3185
2935,3357,3431
3053,3390,3619
3081,3141,3211
3141,3210,3290
3199,3470,3528
3249,3251,3254
3321,3546,3665
3492,3500,4159
3548,4089,4204
3612,3659,4091
3742,3965,4026
3806,3973,3992
3808,3812,3967
3895,3948,4368
3963,4299,4771
4008,4127,4272
4019,4023,4383
4070,4503,4568
4292,4325,4331
4295,4733,4748
4327,4420,4525
4348,4352,4507
4533,4598,4878
4603,4624,4732
4678,4685,5327
4681,4899,5072
4731,4732,4959
4809,5233,5256
4872,5028,5192
5103,5105,5463
5116,5117,5425
5300,5303,5486
74,79,647
82,145,491
138,147,298
158,160,678
158,650,684
344,830,853
509,518,529
762,915,1013
818,820,1169
909,911,1182
973,979,1251
1049,1060,1340
1118,1447,1469
1226,1229,2048
1392,1657,1687
1410,1414,1455
1658,1833,1900
1798,1905,2213
1858,2216,2253
2036,2038,2246
2122,2128,2341
2152,2429,2494
2172,2177,2239
2234,2242,2254
2416,2451,2571
2671,2672,3046
2760,2761,3107
2784,3076,3118
2787,2995,3142
3357,3631,3869
3359,3364,3416
3400,3737,3799
3613,3617,3677
3950,4216,4407
4007,4033,4038
4009,4292,4477
4023,4278,4349
4197,4199,4350
4464,4962,5240
4541,4542,4851
4545,4552,4953
4607,4838,4921
4729,5029,5287
4736,5011,5242
4778,4779,4966
4841,5122,5189
4855,4917,4958
4870,5021,5244
5043,5301,5309
5075,5380,5412
5114,5156,5415
5123,5124,5441
5211,5214,5506
126,447,454
526,530,962
787,807,819
797,799,1164
806,909,1167
842,846,853
877,883,1132
898,905,1547
920,922,963
1105,1282,1395
1217,1268,1577
1330,1830,1991
1532,1617,1718
1545,2031,2051
1550,1721,1992
1731,1734,1855
1735,2118,2413
1845,1848,1855
1912,2419,2570
1975,2428,2450
2009,2011,2249
2044,2078,2138
2116,2227,2230
2201,2385,2503
2237,2249,2448
2315,2341,2451
2416,2864,2891
2515,2723,2758
2527,2530,2547
2568,2606,3045
2709,2788,2856
2836,2850,2890
3008,3549,3664
3211,3334,3422
3237,3241,3346
3252,3257,3535
3271,3464,3504
3303,3320,3494
3366,3886,4188
3427,3435,3863
3440,3552,3663
3592,3634,4110
3656,3676,3708
3674,3711,4195
3699,4030,4242
3819,3994,4057
3962,4447,4585
4077,4142,4385
4343,4570,4611
4407,4654,4762
4500,4506,4548
4562,4780,4802
4593,4695,4939
4610,4611,4881
4649,4689,4924
4680,4701,4793
4688,4689,4924
4823,5149,5175
5012,5411,5415
5014,5066,5444
5035,5036,5358
5269,5324,5382
5293,5295,5303
25,28,568
96,560,627
179,473,480
242,300,753
277,331,822
382,429,639
486,496,507
515,669,748
552,553,863
599,998,1005
657,700,1099
702,703,1167
750,755,761
761,763,1072
799,902,1165
834,842,1112
1047,1206,1477
1056,1088,1211
1084,1472,1526
1173,1437,1539
1255,1588,2066
1286,1288,1663
1543,1545,1636
1572,1574,2015
1677,1871,1888
1755,2267,2574
2004,2171,2248
2035,2055,2120
2077,2102,2125
2177,2181,2454
2196,2197,2525
2242,2531,2572
2311,2312,2711
2321,2801,2804
2408,2618,2625
2607,2608,2796
2612,2614,2700
2675,3113,3128
2802,3083,3101
2920,3029,3286
2935,2937,3351
2945,3057,3299
2948,3248,3371
3031,3053,3152
3036,3037,3292
3048,3203,3204
3100,3105,3219
3197,3356,3682
3203,3360,3442
3393,3880,3883
3395,3471,3733
3448,3950,4109
3597,3820,3877
3832,4015,4258
3840,4037,4043
3846,4043,4106
3902,4208,4414
4002,4009,4120
4013,4015,4430
4100,4102,4421
4132,4177,4399
4239,4373,4415
4292,4299,4771
4331,4424,4714
4349,4352,4355
4357,4537,4691
4359,4537,4640
4482,4488,4907
4495,4828,4963
4570,4611,4881
4730,4840,4860
4749,4751,4816
5058,5324,5406
5191,5214,5462
5229,5234,5335
5357,5492,5505
20,27,199
39,434,954
102,435,443
127,459,520
144,275,284
174,181,235
302,308,443
352,354,602
534,559,583
539,573,574
571,583,606
662,1005,1174
691,922,1147
694,743,1059
727,732,1138
885,927,1404
985,993,1105
1059,1176,1187
1190,1249,1786
1208,1213,1264
1218,1242,1257
1283,1331,1749
1287,1289,1825
1548,1612,1689
1820,2151,2200
1828,1942,2176
1923,1965,2203
2008,2065,2075
2131,2210,2211
2194,2367,2389
2294,2342,2687
2318,2646,2981
2333,2447,2722
2416,2451,2782
2437,2867,2888
2532,2534,2968
2655,2812,3159
2677,2679,2726
2728,2891,3147
2784,3013,3074
2947,2970,3254
3026,3028,3282
3067,3354,3626
3214,3303,3369
3216,3373,3489
3238,3444,3471
3288,3292,3465
3320,3538,3557
3471,3829,4124
3551,3554,3657
3685,3693,3805
3731,3957,4020
3737,4202,4223
3745,3906,3926
3784,3935,3966
3785,3941,3963
3987,4477,4790
4064,4065,4337
4215,4279,4366
4219,4221,4292
4395,4424,4603
4396,4609,4635
4457,4512,4919
4477,4479,5016
4551,4909,5204
4593,4851,4870
4699,4703,4738
4710,5186,5207
4751,5228,5250
4881,4884,4888
4894,5067,5089
5105,5217,5459
5120,5127,5410
5136,5139,5156
5295,5359,5446
94,308,435
173,191,884
279,283,528
415,416,533
510,673,722
670,745,746
673,950,1140
674,1068,1110
710,1097,1159
719,724,1135
758,762,1151
792,806,1459
813,922,1071
866,868,1300
1033,1154,1191
1182,1463,1481
1204,1282,1323
1209,1284,1350
1344,1351,1463
1383,1385,1860
1424,1428,1435
1513,1522,1637
1540,1718,1979
1594,1683,1749
1669,1865,1977
1723,2068,2098
1814,1928,2192
1820,1932,2043
1947,1952,2063
2009,2098,2188
2061,2062,2254
2177,2346,2461
2270,2275,2328
2275,2396,2725
2400,2402,2661
2470,2475,2514
2482,2787,3133
2524,2542,2583
2576,2612,2795
2673,2727,2830
2690,2802,3080
2798,3082,3123
2856,2861,3138
2904,2928,3193
3079,3082,3385
3226,3384,3700
3287,3469,3530
3392,3393,3832
3478,3590,3836
3548,3588,3853
3571,3636,3746
3601,4036,4099
3648,3651,3854
3927,3953,4065
3939,3941,4322
3942,3958,4615
4116,4130,4777
4137,4232,4320
4323,4324,4423
4345,4348,4352
4377,4571,4588
4380,4586,4736
4520,4867,4898
4877,5036,5043
4884,5046,5308
4980,5105,5374
5028,5030,5361
5176,5180,5186
5210,5307,5389
86,91,144
137,138,580
365,366,413
448,734,993
493,614,651
574,747,769
630,633,997
664,665,1107
693,958,1166
726,831,1117
838,839,1140
851,855,1079
921,925,980
1098,1099,1411
1103,1127,1260
1138,1328,1351
1301,1548,1722
1336,1337,1645
1343,1614,1766
1782,1791,2239
1812,2079,2140
1874,1876,2348
1876,1878,2349
1897,1899,2162
1939,1941,2166
2045,2223,2246
2331,2346,2994
2340,2388,2647
2504,2517,2759
2542,2858,3086
2557,2662,2722
2787,3034,3142
2789,3010,3032
2833,2834,3271
2891,3147,3336
2924,3465,3583
2961,2966,3006
2962,3563,3684
2994,2995,3268
3040,3042,3312
3081,3139,3150
3125,3152,3237
3167,3174,3458
3196,3631,3638
3205,3271,3295
3228,3551,3616
3718,3736,3808
3758,3913,4190
3789,3868,3936
3819,3994,4013
4005,4018,4664
4051,4527,4549
4053,4600,4709
4158,4169,4429
4181,4220,4658
4303,4464,4487
4475,4478,4813
4560,4562,4821
4595,4600,4640
4604,4606,4878
4628,4943,5280
4667,4668,4933
4751,4752,4867
4760,4763,5198
4951,5203,5339
5098,5210,5456
5208,5363,5364
5299,5305,5421
140,703,862
182,197,329
199,343,458
306,309,386
329,346,459
390,395,870
519,974,994
527,741,759
613,832,943
634,950,987
682,1071,1147
747,1091,1187
748,1250,1409
1063,1107,1217
1076,1440,1462
1160,1444,1485
1424,1428,1725
1430,1971,2079
1458,1464,1470
1579,1739,2101
1830,1838,2251
1831,1834,1869
1895,1937,2372
1921,2192,2241
1932,2199,2260
1951,1954,2126
2147,2299,2634
2240,2258,2265
2367,2583,2800
2372,2417,2725
2459,2465,2796
2534,2971,3032
2819,2874,3181
2874,2875,3181
3002,3009,3660
3086,3093,3348
3121,3124,3435
3162,3167,3450
3191,3197,3258
3364,3483,3809
3375,3876,3887
3520,3853,4173
3572,4009,4026
3609,3611,3882
3642,3699,3755
3679,3681,3689
3810,3864,3977
3816,3817,3879
3919,3920,4206
3947,3949,4486
3950,4058,4369
4002,4120,4325
4204,4238,4298
4267,4437,4480
4279,4439,4801
4329,4477,4758
4403,4405,4747
4468,4797,4805
4504,4846,4915
4507,4522,4943
4528,4590,4905
4528,4876,4945
4554,4557,4574
4628,4668,4933
4649,4884,4939
4809,5237,5254
4815,5195,5212
5025,5140,5418
5296,5412,5487
19,29,986
91,284,293
198,199,498
267,271,315
539,541,858
549,865,890
580,757,1007
682,732,999
723,1059,1184
900,964,1087
902,908,1187
1002,1003,1063
1093,1109,1165
1439,1441,1874
1504,1636,1783
1528,1645,1652
1564,1565,2015
1584,1696,1697
1615,1871,1888
1618,1824,1851
1653,1829,1846
1665,1672,1710
1674,1976,2034
1758,1810,1835
1781,2004,2248
1791,1796,1803
1837,2089,2259
1940,1942,2203
2232,2552,2606
2325,2329,2393
2352,2680,2759
2503,2639,2745
2580,2583,2708
2651,2718,2789
2758,2777,2946
2968,3010,3263
2987,3218,3301
2994,2999,3005
3055,3263,3298
3244,3343,3395
3320,3538,3601
3388,3393,3672
3492,3497,3864
3641,3684,4119
3759,3887,4194
3761,3762,3887
3787,3880,3985
3801,3974,4088
3841,4039,4190
3924,4745,4795
4068,4070,4500
4167,4170,4386
4231,4262,4287
4249,4544,4794
4304,4561,4586
4313,4470,4492
4317,4520,4784
4617,4621,4837
4631,4635,4859
4664,4668,4675
4681,4887,4899
4684,5231,5329
5041,5045,5150
5136,5139,5200
5142,5184,5431
5197,5203,5452
5199,5302,5371
5301,5302,5494
5429,5435,5483
32,37,391
41,520,604
52,424,538
82,560,596
232,236,743
295,328,379
319,337,997
524,784,801
589,592,596
610,818,938
713,781,846
723,1059,1531
905,909,914
964,1096,1243
992,993,1178
1062,1063,1145
1335,1444,1685
1335,1936,2058
1372,1872,2030
1600,1765,1893
1607,1610,1817
1770,1773,2158
1809,1830,1843
1860,1865,1905
2120,2121,2499
2167,2260,2365
2196,2197,2259
2283,2286,2821
2304,2798,2802
2367,2861,3170
2612,2695,2757
2642,2644,2667
2667,2824,3100
2735,2908,3127
2903,2946,3212
2943,3061,3216
3002,3015,3660
3041,3310,3318
3177,3183,3472
3227,3270,3324
3369,3490,3761
3412,3463,3927
3415,3416,3738
3464,3828,3871
3651,3652,3861
3974,4088,4233
3978,4465,4599
4140,4144,4327
4166,4173,4428
4357,4360,4417
4419,4696,4794
4474,4525,4791
4528,5030,5189
4645,4649,4815
4713,4720,4978
4741,4744,4889
4773,5062,5280
4785,4786,4922
4871,5297,5344
4942,5231,5272
5008,5013,5292
5016,5017,5298
5082,5084,5471
5143,5147,5476
5207,5209,5475
5221,5223,5462
5242,5302,5333
5361,5365,5419
5436,5441,5491
18,25,480
42,57,226
89,93,188
217,523,677
301,560,627
344,598,786
492,526,653
658,667,1332
708,1040,1126
1109,1280,1399
1199,1206,1723
1200,1815,1941
1235,1311,1573
1337,1339,1651
1395,1936,2050
1399,1401,1626
1431,1438,1660
1606,1610,1725
1606,1812,2079
1655,1701,1703
1730,1735,1788
1772,1897,2171
1862,2080,2102
1960,1961,2238
1964,1971,2616
1992,1994,2428
1998,2004,2171
2277,2551,2789
2330,2878,3034
2336,2343,2458
2360,2708,2739
2367,2711,2807
2458,2912,2935
2532,2534,2758
2563,2669,2689
2568,2610,3046
2679,3134,3154
2720,2785,2787
2932,2939,3591
3001,3105,3337
3065,3069,3074
3074,3511,3572
3230,3383,3714
3381,3384,3767
3416,3423,3831
3469,3470,3935
3510,3511,3793
3558,3561,3578
3564,3610,4042
3627,3630,3846
3670,3950,4213
3908,3915,4424
3940,4277,4339
4352,4522,4740
4353,4529,4546
4397,4635,4674
4418,4681,4703
4480,4598,4711
4509,4513,4576
4540,4543,4602
4552,4565,4955
4591,5067,5089
4708,4767,4845
5018,5046,5088
5030,5138,5449
5096,5365,5477
5105,5319,5495
5335,5336,5469
28,448,464
79,81,696
94,104,314
159,362,468
234,237,368
247,827,936
339,343,646
422,425,899
519,674,993
543,695,726
557,716,723
619,627,979
626,836,859
665,831,945
694,697,1514
794,840,1314
838,1032,1107
838,1107,1268
839,841,1176
860,862,1181
881,887,1024
1075,1077,1327
1088,1238,1286
1125,1129,1173
1200,1325,1594
1248,1580,1666
1266,1814,1928
1269,1273,1336
1318,1673,1715
1456,1956,2099
1523,1700,1916
1560,1561,2008
1580,1739,2101
1810,2296,2432
1820,2084,2151
1993,2283,2553
2024,2458,2521
2063,2064,2206
2141,2142,2267
2152,2154,2429
2225,2425,2484
2414,2460,2934
2455,2461,2728
2489,2596,2712
2564,2998,3017
2568,2570,2607
2601,2678,2790
2686,2842,2892
2796,3057,3152
2919,2921,3386
2928,2935,3314
3095,3096,3204
3110,3163,3256
3420,3466,3934
3476,3744,3856
3661,3692,3777
3766,3770,3885
3768,3864,3919
3842,3886,4035
3865,4100,4106
3919,4550,4792
3922,3923,4321
4022,4446,4466
4037,4351,4404
4077,4080,4184
4116,4124,4777
4429,4435,4933
4441,5076,5322
4459,5090,5332
4563,4568,4923
4622,4626,4633
4623,4625,5100
4654,4877,4884
4707,4710,4926
4734,4771,5212
4763,4940,5156
4835,4922,4923
4951,5196,5339
4957,4959,5327
4973,4976,5424
5050,5051,5321
5330,5331,5465
5397,5401,5506
62,133,662
98,105,591
152,207,361
250,256,335
292,343,601
566,622,729
636,897,992
652,998,1055
675,1176,1187
892,934,1410
919,922,1071
1027,1036,1090
1028,1030,1122
1046,1160,1201
1136,1170,1173
1167,1407,1412
1235,1285,1308
1286,1288,1570
1407,1661,1693
1483,1589,1609
1598,2025,2031
1600,1611,1887
1636,1703,1705
1657,1660,1717
1683,1876,1939
1769,1770,2308
1851,1963,2099
1929,1942,2587
2042,2045,2240
2129,2302,2426
2192,2585,2612
2285,2677,2726
2406,2408,2672
2503,2793,3157
2638,2640,2656
2639,2756,2932
2667,2678,2818
2760,2957,2963
2764,2973,3082
2794,2803,3045
2981,2992,3640
2996,3001,3041
3143,3144,3286
3216,3248,3371
3247,3398,3445
3260,3264,3411
3318,3539,3694
3595,3803,3838
3702,3709,3816
3782,3945,4018
3786,3934,4251
3820,3839,3991
3824,4001,4248
4043,4045,4307
4099,4335,4484
4099,4534,4597
4133,4137,4316
4263,4565,4776
4321,4751,4766
4342,4400,4501
4344,4348,4499
4508,4556,4806
4704,4871,4948
4711,4817,4949
4883,5043,5108
4901,4905,5196
4910,5094,5119
4960,5249,5289
5031,5036,5451
5109,5383,5466
5119,5159,5449
5229,5464,5487
5233,5253,5266
5381,5383,5465
79,82,483
85,94,587
142,209,669
277,335,613
390,395,608
441,442,512
769,1241,1263
790,1004,1177
1079,1229,1512
1170,1421,1564
1201,1543,1602
1316,1318,1697
1339,1490,1589
1350,1622,1629
1369,1373,1435
1527,1529,1713
1547,1548,1555
1723,2009,2098
1763,2159,2193
1854,1921,2214
1867,1889,1995
2044,2173,2176
2145,2297,2621
2151,2170,2227
2208,2391,2637
2269,2320,2719
2355,2360,2367
2531,2589,2656
2580,2581,2895
2606,2638,2656
2609,2610,2750
2609,2782,3003
2663,2993,3010
2686,2892,3159
2718,2789,2873
2727,2739,2763
2977,2979,3242
3069,3232,3233
3145,3153,3265
3194,3354,3428
3214,3216,3495
3215,3649,3670
3286,3579,3643
3340,3629,3669
3434,3457,3497
3529,3551,3658
3551,3656,3779
3577,3583,4257
3900,3975,3989
4292,4296,4343
4329,4331,4645
4365,4368,4372
4442,4785,5268
4700,4746,5220
4724,4726,4826
4800,4954,5205
4962,5302,5333
4972,4975,5362
4987,5001,5042
5052,5397,5458
5217,5440,5497
5228,5229,5487
5247,5249,5289
5381,5382,5466
24,136,138
127,281,452
153,161,639
216,299,582
236,237,538
268,271,555
337,589,596
516,574,598
670,1008,1073
734,993,1161
1216,1225,1887
1244,1250,1295
1258,1325,1365
1260,1266,1308
1336,1811,1834
1455,1560,1691
1515,1517,1587
1575,1709,1732
1600,1763,1891
1618,1769,2052
1650,1704,1817
1767,1844,2163
1795,2282,2640
1827,2043,2051
1867,1871,1933
1994,1995,2227
2043,2168,2260
2143,2270,2304
2147,2300,2586
2214,2404,2421
2303,2634,2735
2325,2394,2459
2451,2673,2677
2617,2642,2665
2662,2666,2723
2954,2996,3473
3074,3511,3528
3076,3330,3717
3087,3090,3306
3089,3186,3207
3094,3096,3135
3114,3151,3592
3164,3277,3337
3744,4186,4202
3802,4080,4139
3836,4025,4236
3907,3916,4384
3910,4247,4256
4009,4448,4481
4030,4530,4691
4046,4593,4702
4057,4059,4485
4125,4167,4386
4207,4213,4332
4271,4275,4339
4342,4343,4617
4415,4674,4785
4432,4435,4822
4482,4491,4939
4523,4566,4832
4554,4575,4682
4663,4723,4761
4696,4716,4755
4795,4796,4853
4882,5041,5110
4954,5210,5307
4956,5276,5312
5005,5018,5470
9,14,442
99,164,537
233,316,369
352,354,795
472,473,480
483,785,999
496,657,931
707,709,1246
755,1074,1148
1185,1483,1538
1192,1196,1461
1250,1358,1669
1305,1318,1713
1341,1346,1386
1404,1446,1881
1487,1496,1600
1542,1549,1830
1576,1737,2011
1644,2061,2069
1735,1736,2183
1735,2016,2233
1858,1898,2172
1949,1989,2224
2060,2063,2498
2067,2068,2146
2112,2275,2396
2126,2128,2457
2132,2165,2317
2210,2506,2570
2255,2514,2521
2255,2518,2624
2285,2624,2728
2294,2688,2730
2322,2338,2995
2367,2369,2707
2442,2444,2872
2643,2945,3156
2688,2730,2731
2738,2739,3067
2830,3168,3233
2976,2997,3105
2997,3000,3104
3068,3271,3283
3135,3137,3331
3167,3172,3458
3205,3237,3362
3209,3218,3229
3224,3226,3294
3231,3349,3520
3261,3434,3548
3311,3541,3581
3358,3365,3807
3413,3481,3546
3413,3483,3754
3446,3709,3727
3475,3737,3766
3585,3627,4104
3732,3807,3831
3758,3769,3907
3769,3780,3916
3772,3773,3882
3952,3955,4469
3995,4001,4388
4155,4391,4423
4271,4339,4432
4308,4404,4459
4314,4351,4466
4463,4464,4908
4487,4489,4808
4535,4541,4694
4751,4752,4898
4831,4910,4911
4892,4895,5055
4916,5105,5316
4923,5182,5222
5027,5289,5297
5309,5474,5482
5329,5436,5499
5384,5454,5496
51,425,475
84,98,316
87,130,301
113,441,449
183,187,197
186,190,214
213,217,261
249,262,518
270,348,363
401,458,575
585,778,890
827,1372,1483
851,877,882
891,904,1542
904,1451,1549
922,1027,1036
965,966,1137
1050,1314,1339
1060,1223,1233
1176,1496,1532
1330,1353,1392
1339,1402,1442
1412,1849,1866
1455,1456,1723
1468,1559,1574
1575,1577,1951
1609,1620,1756
1630,1781,2004
1643,1803,1868
1669,1672,1676
1697,1910,1933
1793,1863,2134
1854,1877,2190
1874,1879,1919
1998,2006,2269
2035,2036,2153
2120,2499,2563
2126,2460,2519
2135,2289,2368
2252,2500,2519
2279,2286,2803
2469,2476,3127
2532,2574,3010
2535,2767,2779
2721,2887,3008
2889,2915,3232
2900,2902,3279
2926,2931,2970
2933,2979,3405
2976,3043,3315
3047,3049,3523
3392,3789,3794
3397,3724,3881
3424,3766,3835
3444,3467,3573
3469,3713,3883
3752,3759,3884
3756,3988,4029
3767,3981,3999
3794,3945,4018
3841,4036,4071
3889,3925,4390
3894,3897,4275
3934,3985,4251
3959,3974,4622
3986,4106,4270
4084,4087,4146
4118,4160,4383
4158,4169,4267
4239,4360,4531
4242,4249,4530
4294,4449,4528
4340,4498,4762
4362,4697,4714
4387,4590,4597
4447,4454,4464
4504,4511,4625
4522,4635,4895
4618,4619,4909
4642,4947,5293
4671,4678,5322
4713,4723,4978
4728,4731,4934
4761,4832,4954
4863,4932,4963
4971,5098,5363
5071,5099,5497
5095,5338,5344
65,70,430
267,274,568
292,370,418
395,396,871
513,566,622
589,779,897
608,874,915
701,924,1168
711,726,1158
761,1199,1233
872,873,1125
999,1133,1175
1020,1021,1084
1052,1059,1184
1315,1737,1811
1635,1787,1808
1696,1697,2022
1738,1745,2187
1957,1960,1995
2216,2405,2616
2306,2313,3128
2587,2596,2712
2724,2883,3141
2811,2887,2901
2884,2891,3005
2929,3173,3343
2988,2990,3420
3045,3087,3564
3069,3304,3327
3344,3693,3722
3348,3364,4033
3454,3489,3846
3480,3522,3774
3500,3504,3511
3534,3535,3808
3586,3589,3689
3598,3602,3887
3622,3624,3791
3662,3701,4182
3816,3998,4156
4030,4244,4417
4065,4070,4400
4174,4218,4693
4190,4243,4336
4221,4298,4410
4313,4467,4498
4324,4325,4708
4370,4414,4554
4710,5163,5186
4833,4839,5049
4875,5027,5095
4948,5210,5251
5116,5117,5436
0,14,29
44,58,230
66,70,408
118,274,448
123,750,917
130,138,147
132,137,168
214,220,272
383,386,449
422,424,458
584,764,1012
625,860,866
674,1112,1124
728,734,776
753,814,826
757,1009,1179
893,896,954
988,1105,1112
1008,1009,1074
1053,1059,1269
1073,1227,1258
1105,1112,1161
1137,1178,1327
1274,1297,1337
1316,1322,1697
1400,1402,1721
1438,1451,2087
1509,1568,1662
1529,1694,1702
1686,1886,1989
1751,2054,2574
1758,1837,2152
1787,2273,2635
1848,2112,2234
1882,1991,2229
1931,1995,2232
1936,1940,1946
1994,1995,2239
2024,2211,2223
2069,2070,2210
2246,2503,2544
2393,2435,2683
2444,2446,2651
2475,2578,2791
2477,2522,2760
2494,2602,2717
2505,2552,3025
2576,2578,2701
2618,2620,2678
2754,2755,3053
2977,3192,3350
2980,3521,3636
2996,2998,3255
3116,3118,3241
3116,3136,3168
3183,3299,3479
3186,3198,3493
3194,3314,3315
3209,3374,3503
3317,3508,3530
3400,3401,3800
3405,4012,4136
3426,3490,3531
3611,3871,4252
3623,3624,3870
3691,3725,4175
3765,4133,4196
3863,4102,4210
3895,3948,4254
3938,4266,4393
3964,3971,4085
4268,4363,4486
4270,4488,4794
4322,4334,4408
4442,4445,4784
4474,4526,4904
4549,4793,4800
4551,4912,4950
4651,4671,4683
4707,4748,5226
4984,5263,5461
5158,5193,5494
5213,5313,5396
5226,5231,5272
5274,5312,5495
5283,5284,5500
5323,5383,5507
5379,5496,5507
147,551,974
372,373,531
407,447,633
484,938,994
488,763,822
495,497,558
521,522,647
668,725,1262
737,758,770
855,964,1109
933,940,1198
1412,1625,1643
1521,1592,1714
1622,1631,1634
1747,1756,2420
2115,2117,2178
2146,2300,2620
2177,2180,2184
2230,2447,2556
2294,2613,2629
2512,2515,2747
2680,2843,2853
2694,2719,2743
2711,2860,3183
2851,2973,3082
3219,3374,3693
3243,3244,3311
3284,3464,3714
3323,3552,3671
3380,3381,3919
3389,3686,4167
3422,3423,3725
3458,3465,3870
3471,3583,3719
3750,3751,3831
3776,3878,3978
3783,3784,3883
3866,3878,4097
4083,4085,4339
4217,4218,4362
4395,4606,4623
4522,4635,4744
4558,4913,5211
4601,4612,5260
4632,4639,4960
4647,4652,4952
4692,4694,4918
4858,4861,4893
4912,5095,5338
4969,5005,5470
4997,5050,5321
5098,5119,5159
5256,5342,5432
5257,5368,5480
5374,5376,5462
41,409,600
64,378,418
231,240,926
369,480,611
429,437,490
498,518,601
514,515,603
688,1317,1557
852,859,971
918,929,1027
928,985,995
948,951,1154
1136,1540,1562
1240,1563,1640
1315,1316,1566
1316,1322,1435
1361,1365,1700
1454,1654,1667
1650,1817,1844
1653,1824,1851
2205,2388,2395
2215,2226,2242
2227,2434,2549
2318,2646,2773
2346,2887,3008
2472,2475,2739
2618,2619,2676
2652,2653,2775
2699,2848,3179
2701,2800,2803
2734,2758,2903
2831,3170,3336
2967,2980,3196
3016,3029,3673
3040,3291,3473
3083,3084,3330
3110,3112,3324
3290,3334,3474
3352,3356,3621
3358,3367,4032
3410,3569,3676
3798,4115,4132
3817,3997,4151
3824,4248,4255
3891,3969,4037
3909,3984,4050
3955,4446,4800
3971,3973,4305
4016,4284,4396
4133,4136,4234
4243,4244,4427
4290,4453,4502
4502,4503,4805
4510,4514,4855
4574,4619,4909
4677,4717,4939
4728,4766,4948
4730,4829,4920
4873,5066,5186
4900,5077,5329
4901,5082,5200
5055,5060,5067
5110,5133,5172
5120,5133,5410
5194,5302,5417
5220,5238,5252
5301,5303,5378
13,507,613
35,87,95
147,149,547
289,577,607
301,353,600
681,684,1067
746,1027,1124
864,906,1135
881,1033,1034
1004,1116,1124
1076,1077,1137
1085,1103,1127
1284,1305,1317
1368,1413,1665
1376,1422,1896
1489,1509,1569
1510,1790,2053
1675,1839,1862
1745,1876,2139
1785,1789,1897
1822,1884,2201
1824,1828,2174
1907,1968,2241
2068,2354,2613
2112,2277,2297
2194,2340,2367
2235,2264,2443
2278,2293,2760
2290,2628,2693
2357,2380,2487
2403,2675,2762
2455,2493,2794
2638,2644,2652
2652,2817,2837
2654,2811,2894
2811,2815,3203
2844,3112,3324
2886,2928,3187
3022,3084,3330
3043,3103,3141
3088,3433,3685
3100,3110,3209
3115,3169,3233
3139,3141,3212
3141,3142,3334
3143,3580,3644
3270,3271,3551
3383,3384,3828
3473,3515,3763
3474,3477,3538
3775,4027,4053
3831,3843,3860
3896,3946,4282
3917,3924,4425
3983,4031,4449
4069,4073,4135
4090,4134,4381
4260,4710,4769
4342,4620,4679
4408,4670,4711
4487,4749,4757
4491,4506,5154
4516,4560,4979
4526,4810,4903
4686,4733,5164
4756,5038,5302
4803,4913,4919
4882,5045,5106
4928,5133,5235
4944,4961,4967
5247,5289,5499
5445,5449,5493
5459,5493,5495
107,201,254
168,501,541
188,497,526
445,447,526
539,626,688
691,813,1090
721,725,786
785,1291,1444
841,881,1150
930,1383,1406
979,988,1259
982,1097,1159
1048,1174,1186
1124,1304,1554
1247,1577,1722
1288,1790,1949
1348,1353,1392
1492,1610,1704
1644,1806,2065
1937,1983,2415
2040,2050,2323
2107,2275,2447
2180,2335,2595
2197,2377,2531
2219,2618,2625
2364,2369,2386
2375,2381,2534
2511,2524,2740
2524,2737,2740
2578,2783,2791
2661,2694,2701
2808,2809,3313
2840,2843,3174
2844,3665,3680
2908,3402,3569
3134,3171,3655
3700,3878,4139
3893,4202,4721
3975,3988,4405
3977,4000,4107
3990,3991,4419
4072,4572,4730
4126,4129,4229
4348,4514,4773
4387,4600,4709
4390,4598,4718
4417,4691,4789
4484,4532,4997
4512,4519,4918
4687,4691,4809
4709,4711,4949
4900,4919,5071
4927,5140,5249
4940,5158,5177
5014,5065,5331
5151,5421,5437
5177,5182,5222
5235,5236,5503
18,60,67
35,143,235
392,396,451
510,511,591
555,778,818
560,715,975
582,763,822
585,589,884
587,608,766
591,778,839
614,827,888
624,641,647
642,982,1013
698,700,1099
705,772,784
825,827,1160
852,853,1117
862,1100,1167
912,914,1348
1069,1492,1497
1083,1235,1266
1188,1198,1681
1240,1575,1638
1452,1454,1678
1480,1490,1589
1576,1587,1728
1908,1910,2340
1938,1956,1969
1988,2203,2379
2014,2055,2251
2147,2190,2244
2152,2432,2490
2161,2260,2263
2285,2608,2740
2499,2503,2671
2541,2885,3139
2642,2663,2776
2666,2668,2722
2709,3028,3045
2872,2875,3389
2883,2885,3422
2935,3197,3226
2936,2942,3317
3030,3032,3274
3034,3318,3685
3112,3227,3270
3320,3541,3645
3352,4031,4236
3373,3424,3836
3380,3680,3878
3398,3726,3853
3411,3416,3831
3578,3625,4098
3605,3616,4252
3635,3639,3724
3764,3835,3970
4002,4311,4337
4015,4437,4457
4016,4128,4262
4195,4249,4313
4236,4242,4531
4331,4421,4424
4464,4732,4737
4652,4653,4921
4698,4699,4851
4778,4780,4838
4798,4813,4935
4994,5329,5432
5051,5053,5385
5057,5080,5187
5084,5445,5490
5277,5278,5483
5382,5383,5465
5441,5444,5448
173,178,188
198,666,739
267,303,979
431,432,547
433,439,557
473,474,643
700,1100,1136
707,1197,1555
907,970,1029
909,914,1182
1147,1350,1357
1279,1773,2085
1353,1414,1455
1453,1457,1517
1483,1578,1681
1614,1773,1795
1617,1621,2048
1716,1724,1972
1774,1781,2267
1912,1953,2205
1918,1953,2069
1996,2094,2201
2336,2458,2672
2440,2667,2773
2585,2786,3017
2667,3097,3104
2673,2726,2782
2756,2759,2939
2853,3340,3343
2938,2959,2999
3034,3057,3097
3084,3242,3254
3168,3234,3342
3186,3356,3366
3402,3411,3859
3432,3777,3838
3471,3583,3832
3504,3814,3866
3607,3628,3718
3652,3861,3879
3730,3737,3882
3761,4045,4104
3831,3851,4013
3847,4060,4169
3858,4088,4233
3900,3903,3976
3952,3958,4002
3994,4270,4460
4076,4122,4596
4148,4150,4301
4281,4446,4800
4378,4397,4566
4475,4525,4548
4542,4544,4865
4586,4870,4927
4602,4647,4901
4610,4613,4822
4689,4691,4928
4699,4727,4840
4848,4890,4891
5062,5124,5441
5074,5323,5330
5105,5217,5319
5200,5235,5340
5334,5441,5491
5463,5486,5498
39,470,636
53,54,679
56,71,574
118,734,848
253,715,782
298,754,817
314,769,830
506,508,837
643,930,989
744,767,873
781,800,812
782,1077,1202
790,852,1147
842,849,1115
908,910,1342
956,976,1008
988,1018,1036
1071,1238,1360
1080,1463,1498
1123,1367,1407
1132,1170,1171
1162,1180,1186
1184,1476,1562
1271,1273,1605
1295,1297,1614
1356,1359,1376
1430,1490,1527
1635,1671,1691
1656,1844,1996
1683,1706,1718
1728,1738,2413
1851,1890,2173
1879,2030,2129
2107,2116,2170
2190,2361,2379
2275,2276,2723
2320,2657,2719
2362,2475,2735
2531,2572,2781
2687,2688,2731
2790,3041,3047
2802,3082,3173
2879,2887,3542
2899,2900,3280
2918,2931,3576
2991,2992,3322
3140,3143,3326
3192,3255,3350
3241,3671,3686
3247,3610,3627
3386,3440,3820
3471,3573,3841
3549,3562,3796
3682,3797,3859
3696,3698,3756
3705,4167,4191
3712,3713,3720
3803,3963,4028
3889,3894,3985
3944,3992,4306
4044,4349,4361
4117,4123,4372
4258,4260,4348
4368,4411,4419
4554,5112,5279
4645,4668,4936
4652,4655,4906
4722,4779,4835
4771,4774,5212
4841,4842,4967
4863,4864,4931
4939,5193,5309
5018,5140,5249
5020,5065,5351
5159,5449,5460
5196,5204,5456
171,585,630
218,226,417
262,401,498
559,718,825
804,811,1166
884,888,895
922,924,1168
1122,1181,1300
1158,1388,1533
1292,1337,1645
1306,1309,1628
1322,1746,1766
1412,1413,1681
1603,1606,1647
1753,2296,2426
1754,2148,2190
1863,2118,2189
1881,1923,2179
1946,2381,2400
1949,2455,2602
2482,2720,2787
2632,2633,2640
2674,2955,3022
2729,2908,3022
2950,3276,3605
3020,3188,3189
3062,3068,3170
3101,3104,3536
3143,3144,3200
3387,3390,3461
3483,3756,3843
3518,3520,3799
3544,3547,3606
3662,3698,3758
3673,3682,3951
3697,3717,4012
3792,3958,4114
3816,4004,4156
3939,3941,4329
3964,4305,4374
4120,4597,4618
4151,4192,4401
4335,4490,4598
4373,4379,4415
4379,4568,4778
4386,4583,4602
4394,4402,4414
4454,4773,4789
4549,4550,5015
4741,4772,4857
4761,4838,4950
4859,5181,5198
4995,5496,5507
5140,5161,5201
5253,5257,5264
5265,5379,5482
5297,5298,5349
57,642,920
162,167,177
196,227,573
245,559,629
328,479,585
370,883,1019
402,403,637
457,482,505
490,523,680
504,505,942
591,603,620
619,834,988
623,852,859
665,1004,1108
684,1505,1520
710,755,1060
731,732,1060
766,808,1056
822,827,867
845,846,1144
1032,1037,1066
1065,1217,1541
1228,1557,1565
1280,1627,1658
1297,1451,1549
1311,1559,1710
1328,1331,1749
1333,1361,1598
1462,1464,1708
1463,1465,1619
1601,1758,1790
1650,1651,1931
1725,2044,2078
1757,1762,1812
1812,1814,2218
2072,2160,2255
2080,2258,2519
2201,2208,2251
2296,2303,2734
2620,2798,3059
2674,2675,2763
2678,2835,3105
2742,3073,3096
2810,2864,3230
2817,3091,3098
2824,3103,3301
2926,2970,3253
3143,3144,3579
3207,3364,3640
3299,3698,3705
3395,3959,4087
3420,3423,3791
3523,3590,3856
3717,3718,3724
3722,3745,3885
3904,4023,4349
4050,4053,4408
4315,4317,4567
4339,4495,4562
4375,4394,4560
4509,4533,4640
4558,5099,5217
4584,4591,4703
4603,4622,4634
4610,5043,5108
4643,4654,4884
4788,4790,4860
4822,4982,5310
4866,4867,4960
5060,5067,5179
5150,5153,5362
5193,5194,5451
5318,5320,5435
5333,5334,5503
5364,5476,5477
5431,5443,5466
19,103,481
45,50,64
55,159,552
107,442,619
159,168,608
171,585,876
208,355,580
226,227,569
251,308,581
262,792,950
269,349,398
331,382,606
408,464,522
593,783,901
620,838,857
620,841,945
631,639,1012
659,664,716
783,901,1056
808,811,1283
825,1103,1160
860,1116,1150
1046,1102,1103
1100,1255,1515
1116,1295,1454
1201,1278,1280
1205,1215,1336
1269,1290,1303
1399,1834,1897
1488,1490,1527
1490,1510,1543
1609,2032,2037
1703,1932,1939
1908,1910,2165
1935,2176,2245
1991,2009,2049
2137,2290,2629
2156,2306,2626
2209,2405,2517
2228,2494,2535
2243,2476,2590
2248,2260,2484
2254,2510,2607
2454,2468,2732
2476,2480,2486
2580,2587,2863
2812,2817,3144
2932,2936,3317
3108,3150,3586
3229,3240,3376
3342,3622,3713
3368,3422,3725
3460,3464,3826
3541,3581,3850
3623,4076,4099
3686,3718,3736
3779,3781,3813
4047,4060,4706
4184,4185,4417
4320,4703,4738
4344,4399,4407
4399,4621,4768
4477,4771,4961
4496,4653,4761
4544,4908,4951
4609,4613,4675
4642,4663,4704
4696,4912,4950
4753,4759,5031
4765,4767,4774
4788,4860,4880
4812,4846,4973
4847,4848,4891
5073,5182,5442
5107,5127,5139
5233,5237,5254
5242,5244,5488
5269,5273,5325
5,15,642
64,69,377
130,138,298
370,581,588
387,491,558
534,718,762
628,866,887
775,1066,1193
801,843,1320
828,830,1085
874,1381,1528
1036,1195,1473
1250,1409,1516
1290,1298,1711
1350,1470,1635
1402,1464,1710
1526,1561,2008
1635,1790,1898
1642,1805,1866
1653,1706,1824
1664,1841,2088
1704,1933,1994
1776,2404,2617
1791,1799,2454
1875,1878,1937
1924,2525,2636
2162,2169,2175
2214,2256,2401
2270,2273,3140
2272,2350,2352
2284,2563,2761
2417,2419,2731
2445,2717,2753
2450,2672,2676
2688,2690,3011
2694,2851,2922
2817,3345,3641
2843,3275,3288
2946,2988,3420
2991,3213,3217
3075,3311,3343
3090,3543,3566
3115,3133,3144
3198,3209,3300
3209,3374,3384
3227,3271,3379
3268,3318,3319
3311,3320,3332
3366,3637,3644
3421,3532,3806
3458,3465,4116
3482,3484,3743
3551,3554,3612
3656,3658,3781
3667,3676,3942
3767,3920,4206
3901,3904,4293
4089,4096,4747
4221,4229,4292
4268,4269,4363
4270,4433,4795
4445,4494,4833
4449,4452,4568
4520,4522,4899
4640,4642,4961
4691,4951,5332
4846,5004,5320
4862,4869,4875
4903,5081,5100
5138,5140,5419
5169,5176,5416
5215,5423,5458
5263,5265,5482
5339,5449,5456
384,479,494
413,416,468
445,447,454
657,700,824
711,716,1131
744,749,811
753,816,881
873,874,1174
914,917,1349
941,944,1151
952,957,1070
989,990,1130
1078,1081,1113
1191,1318,1583
1219,1552,1561
1238,1566,1693
1529,1967,1986
1548,1555,1614
1629,1634,1635
1738,1753,2412
1788,2094,2106
1799,1814,2241
1942,2004,2250
1953,2205,2221
2000,2042,2519
2041,2044,2355
2150,2303,2584
2290,2295,2615
2374,2623,2630
2477,2482,2522
2513,2578,2699
2606,2641,3088
2633,2635,2724
2679,2834,3153
2702,2709,2715
2717,2720,2724
2838,2862,2877
2927,2930,2988
3039,3042,3143
3096,3186,3313
3110,3130,3163
3199,3286,3332
3210,3290,3334
3220,3229,3240
3221,3223,3502
3239,3558,3583
3378,3457,3772
3383,3384,3815
3563,3574,3804
3592,3595,3827
3622,3682,3713
3660,3663,3671
3774,3899,3933
3883,4169,4258
3887,4196,4248
3907,3914,3924
3922,3995,4332
4057,4058,4369
4148,4363,4539
4320,4471,4702
4534,4783,4967
4711,4718,4817
4817,4952,4965
4924,4927,5238
5094,5097,5158
5143,5164,5272
5255,5259,5344
5269,5287,5298
5348,5349,5443
5404,5471,5472
69,487,814
90,183,200
115,519,644
201,346,459
283,575,623
384,385,494
416,691,922
435,436,632
500,882,941
551,700,976
768,771,1032
914,1351,1412
1035,1411,1437
1228,1231,1622
1285,1549,1568
1458,1466,1567
1477,1582,1642
1534,1975,2037
1633,1787,1826
1672,1858,2077
1705,1943,2056
1858,2213,2255
2193,2364,2391
2268,2284,2761
2276,2450,2668
2315,2318,2653
2316,2320,2575
2415,3016,3138
2420,2427,3078
2464,2468,2688
2465,2467,2684
2515,2990,3013
2676,2723,2828
2740,2759,2911
2803,3090,3108
2843,2964,3118
2879,2894,3321
2888,2936,3186
2921,2923,3387
2945,3057,3159
2987,3532,3643
3082,3084,3328
3101,3140,3326
3308,3309,3621
3364,3907,4039
3398,3629,3850
3543,3585,3823
3571,3593,3692
3767,3810,3864
3816,3995,4154
3932,3978,4322
3935,3961,4071
4030,4071,4341
4113,4229,4371
4181,4183,4221
4188,4226,4408
4336,4490,4756
4418,4702,4743
4583,5059,5081
4657,4663,4912
4862,4874,4948
4931,5114,5137
5091,5449,5493
48,53,645
131,148,856
226,227,581
353,606,647
391,395,454
435,436,501
459,790,1004
486,507,613
503,829,855
520,529,540
522,523,605
547,640,745
556,575,703
584,1008,1015
687,738,762
696,1022,1044
736,742,783
782,1000,1022
793,796,831
824,1041,1045
958,1163,1171
1054,1055,1186
1087,1180,1285
1187,1516,1548
1299,1304,1344
1346,1386,1673
1412,1415,1847
1475,1476,1584
1488,1526,1708
1562,1585,1725
1663,1841,1904
1677,1980,2002
1722,2002,2093
1772,1773,2176
1851,2392,2510
1882,2483,2604
2124,2125,2562
2245,2480,2486
2316,2317,2598
2380,2445,2722
2393,2398,2438
2405,2759,2795
2410,2451,2721
2520,2523,2540
2638,2653,2775
2695,2757,2798
2705,2886,2928
2726,3007,3066
2897,2920,3027
2904,2927,3033
2971,2972,3273
3034,3534,3688
3043,3296,3333
3078,3084,3251
3302,3346,3495
3319,3573,3689
3386,3438,3706
3511,3512,3813
3530,3531,3801
3551,3613,3675
3581,3583,3884
3586,3921,4187
3669,3671,3736
3780,3931,4158
3800,4215,4223
3868,4109,4171
4117,4120,4155
4232,4320,4415
4262,4285,4425
4278,4445,4576
4345,4515,4635
4366,4547,4612
4438,4453,5112
4466,4473,5288
4645,4709,4815
4725,4839,4942
4831,4832,4910
4956,4964,5212
4964,5313,5342
4973,5282,5492
4993,5068,5109
5011,5082,5417
5070,5071,5499
5134,5138,5144
5145,5147,5423
85,87,627
120,131,849
152,157,347
307,534,559
436,564,711
540,550,685
540,600,604
548,701,1010
571,712,739
674,1009,1112
702,711,1159
739,1233,1545
844,907,969
1009,1121,1128
1017,1018,1024
1022,1024,1112
1069,1080,1216
1195,1248,1554
1199,1257,1794
1261,1327,1392
1308,1421,1558
1573,1734,1808
1592,1753,1804
1611,1630,1687
1612,1688,1767
1631,1780,2056
1875,2476,2598
1880,1887,2170
1978,1982,2267
2112,2114,2235
2136,2183,2288
2147,2361,2379
2148,2190,2191
2192,2362,2580
2238,2239,2605
2267,2554,2577
2268,2283,2326
2291,2292,2830
2388,2389,2647
2408,2835,2854
2412,2413,3107
2434,2447,2667
2458,2493,2609
2741,2922,3040
2749,2753,2795
2780,2792,2996
2818,2827,3300
2961,3006,3293
2992,3229,3300
3019,3255,3404
3064,3105,3318
3220,3383,3511
3224,3295,3430
3301,3492,3650
3377,3428,3737
3522,3524,3774
3581,3850,3858
3614,3615,3847
3615,3783,3784
3657,4093,4154
3719,3836,4012
3761,3921,3944
3784,3939,3960
3784,4168,4228
3797,3956,3963
3850,4061,4176
3861,4086,4093
3963,3964,4376
3966,4514,4628
4023,4028,4383
4326,4359,4525
4341,4345,4622
4349,4520,4527
4447,4454,4891
4483,4490,5183
4522,4584,4901
4600,4709,4807
4644,4686,4915
4771,4802,4827
4865,4868,4894
4902,4903,5233
4943,5172,5179
4944,5175,5278
4966,5247,5271
4989,5110,5381
5267,5272,5277
5325,5326,5462
5340,5488,5494
20,25,61
40,43,513
69,698,820
120,140,849
121,155,215
511,512,590
641,647,912
656,657,1104
769,1052,1091
785,806,846
797,1105,1116
852,1119,1180
929,1195,1473
934,974,1164
949,953,1005
1043,1369,1395
1113,1166,1284
1156,1486,1502
1220,1555,1718
1260,1263,1777
1293,1354,1366
1321,1325,1677
1490,1527,1713
1552,1557,1665
1584,1585,2022
1623,1625,1896
1707,1915,2062
1888,1934,2407
2002,2004,2248
2149,2220,2221
2279,2334,2641
2294,2629,2732
2297,2304,3122
2374,2375,2712
2380,2443,2508
2457,2518,2530
2461,2721,2728
2660,2792,2874
2690,2798,2802
2992,3499,3650
3027,3143,3287
3064,3123,3250
3076,3583,3719
3264,3681,3689
3416,3418,3831
3432,3760,3839
3437,3462,3783
3466,3512,3984
3487,3555,3818
3570,3574,3615
3719,3829,3836
3743,4073,4090
3763,3922,3995
3803,3963,3983
3809,3943,4102
3893,4240,4721
3931,4429,4600
4118,4165,4638
4153,4157,4174
4162,4164,4331
4191,4625,4688
4294,4382,4426
4362,4540,4607
4362,4543,4602
4541,4788,4795
4688,5123,5142
4744,4873,4876
4808,5080,5147
4854,4879,4903
4856,5006,5326
4866,4899,5065
4881,4885,5162
4936,5153,5170
5014,5063,5379
5046,5088,5347
5155,5193,5494
5172,5179,5291
5248,5307,5385
5353,5354,5474
5385,5454,5455
17,31,792
90,189,503
217,731,754
304,337,387
355,639,1007
377,496,649
425,426,597
480,481,612
489,490,913
600,797,957
611,841,881
886,988,1065
948,951,1383
985,987,994
1057,1210,1549
1123,1301,1364
1192,1197,1524
1222,1272,1679
1238,1576,1690
1446,1448,1881
1604,1864,1881
1758,1788,2119
1830,1835,2228
1925,1927,2214
2010,2012,2485
2051,2248,2484
2185,2362,2475
2186,2464,2531
2297,2300,3122
2445,2662,2666
2538,2546,2647
2562,2580,2592
2572,2687,2730
2657,2792,2805
2662,2668,2722
2816,3206,3262
2824,2876,3179
2865,2934,2999
2889,2893,2912
2929,3212,3397
2964,2966,3274
3008,3112,3339
3154,3155,3225
3191,3259,3352
3373,3760,3844
3432,3699,3760
3475,3476,3726
3480,3526,3953
3507,3514,4166
3516,3534,3547
3825,3829,3873
3948,4254,4266
3974,4037,4356
3997,4151,4249
4099,4101,4326
4130,4671,4779
4319,4638,4663
4338,4339,4651
4370,4557,4574
4382,4383,4729
4516,4560,4821
4703,4705,4893
4808,4809,4961
4897,5109,5228
5047,5062,5483
20,29,62
145,469,488
159,533,609
319,330,997
332,409,447
400,420,432
443,444,879
503,833,850
528,851,916
595,614,780
712,715,1229
773,778,818
844,848,1068
856,863,1513
1042,1103,1201
1117,1290,1451
1176,1435,1452
1284,1289,1306
1294,1570,1760
1381,1485,1717
1433,1770,1999
1566,1578,1681
1625,1643,1667
1660,1837,2089
1706,1712,1722
1814,1877,2196
1830,1835,1841
1842,2164,2232
1849,2321,2343
2224,2227,2538
2236,2566,2582
2281,2622,2631
2344,2459,2607
2421,2463,2940
2464,2570,2688
2564,2566,2666
2669,2836,2966
2671,2750,2751
2707,2708,3067
2815,2816,3208
2938,3479,3597
2943,2948,3303
2980,3041,3318
2983,2987,3316
2990,2993,3202
3291,3303,3320
3459,3461,3777
3600,3603,3620
3660,3670,3943
3764,3922,3970
3818,3996,4055
3829,3833,4131
4057,4272,4430
4095,4405,4747
4106,4107,4393
4170,4171,4413
4283,4613,4630
4294,4296,4382
4354,4528,4590
4428,4444,4921
4474,4481,4967
4479,4481,5016
4490,4598,4909
4582,4643,4655
4780,4781,4824
4952,5263,5301
4998,5050,5075
5343,5453,5459
69,169,557
77,82,483
669,746,1028
673,1060,1340
690,693,1228
692,701,1095
695,721,831
731,987,1176
742,1243,1402
748,789,1049
872,1309,1370
913,917,977
916,1170,1557
926,936,1188
934,975,1171
1032,1033,1363
1035,1037,1098
1084,1183,1235
1166,1423,1464
1214,1533,1549
1278,1765,1899
1360,1400,1656
1390,1432,1667
1452,1454,1888
1516,1632,1707
1531,1565,2015
1583,1585,1696
1596,1753,1869
1631,1724,2014
1664,1844,2092
1736,1910,2128
1759,2093,2164
1834,2304,2327
1865,1905,2177
1893,1954,1995
1910,2343,2408
2184,2239,2247
2194,2391,2430
2277,2551,2558
2496,2497,2752
2653,2774,2811
2714,3028,3045
2761,2952,3110
2774,2782,2794
2777,2990,3013
2851,3187,3310
2977,2978,3289
2985,3257,3293
3062,3306,3347
3270,3437,3464
3520,3541,3581
3531,3651,3807
3574,3682,3797
3628,3973,4225
3719,4018,4263
3727,3736,3850
3756,3814,3838
3922,3972,4379
3937,4231,4421
3950,4337,4399
3956,4259,4278
4001,4281,4321
4072,4380,4727
4106,4108,4362
4260,4261,4708
4375,4586,4626
4388,4654,4695
4430,4484,5000
4442,4443,4981
4537,4691,4904
4551,5092,5210
4609,4612,4922
4682,4684,4926
4709,4975,5256
4947,5187,5303
5066,5068,5350
5096,5215,5365
5280,5283,5408
5288,5290,5323
15,632,645
48,122,497
84,97,267
96,159,520
158,159,520
212,261,410
233,236,314
240,256,507
333,681,947
361,583,759
493,651,734
586,770,828
587,769,830
753,1354,1479
1008,1009,1182
1028,1190,1556
1049,1222,1346
1297,1337,1645
1428,1583,1584
1463,1465,1938
1536,1542,1831
1775,2339,2467
1798,2346,2461
1803,1804,2216
1833,1898,2178
1891,1892,2364
1981,2199,2372
2013,2023,2278
2055,2057,2251
2073,2185,2241
2129,2140,2420
2190,2474,2532
2211,2223,2240
2230,2233,2553
2269,2275,2981
2288,2291,2804
2303,2350,2698
2354,2902,3015
2409,2410,2766
2417,2419,2784
2437,2650,2652
2487,2603,2747
2648,2923,2982
2655,3031,3057
2689,2842,3116
2891,2893,3225
2936,2938,3205
2981,2992,3218
3036,3037,3717
3168,3170,3240
3204,3316,3317
3239,3389,3672
3254,3255,3565
3259,3295,3314
3272,3439,3692
3274,3420,3447
3382,3506,3656
3511,3785,3934
3704,3817,3877
3728,4003,4062
4152,4199,4631
4175,4263,4284
4306,4310,4425
4324,4712,4766
4336,4749,4757
4361,4364,4368
4377,4418,4567
4494,4498,4830
4586,5127,5242
4597,5027,5095
4680,4744,4867
4741,4765,4885
4855,5107,5133
4902,5233,5256
4984,5152,5378
5145,5150,5264
5171,5197,5202
5176,5180,5501
5306,5308,5338
143,178,493
187,191,457
272,589,600
465,640,906
524,677,1001
568,734,961
710,869,1100
764,804,1109
781,802,909
876,877,1557
1064,1217,1541
1169,1176,1184
1545,1702,1720
1566,1736,1746
1594,1596,1875
1665,1848,1855
1683,1879,1982
1737,2011,2249
1887,1900,2116
2062,2093,2170
2144,2145,2256
2175,2199,2324
2251,2500,2535
2319,2321,2856
2398,2459,2760
2472,2591,2739
2475,3016,3130
2827,2842,3500
3102,3106,3160
3111,3306,3501
3156,3157,3293
3411,3426,4074
3541,3812,3861
3590,3839,3875
3591,3598,4242
3607,3670,3729
3628,3719,3734
3797,3966,4081
3842,4038,4097
3987,4203,4211
4032,4046,4320
4098,4656,4805
4250,4251,4735
4428,4436,4446
4566,4570,4611
4811,5037,5100
4896,4901,5197
4987,4994,5431
5089,5333,5340
67,446,927
204,235,554
281,535,536
350,352,591
423,546,578
430,560,702
477,478,492
532,687,718
603,799,902
604,607,918
659,717,1254
689,1020,1180
698,1026,1361
760,869,1126
765,778,1173
813,1360,1469
867,869,1127
895,896,1156
1002,1007,1290
1107,1119,1143
1210,1547,1556
1258,1806,1921
1367,1912,2023
1393,1394,1867
1431,1438,2082
1453,1516,1580
1507,1513,1632
1702,1928,2032
1795,2128,2263
1896,2454,2615
1904,2125,2279
1909,1913,1975
2018,2470,2492
2108,2202,2261
2118,2129,2412
2284,2669,2760
2310,2313,2698
2395,2817,2891
2401,2404,2421
2837,2893,3430
2867,3197,3680
2879,2884,3295
2888,2891,3353
3315,3639,3691
3408,3567,3675
3479,3483,3843
3905,3906,4348
3926,3981,4518
3982,4095,4355
4210,4490,4756
4322,4477,4758
4395,4603,4628
4441,4783,4842
4448,4451,5311
4453,4454,4891
4466,4516,4828
4501,4612,4886
4643,4647,4652
4649,4711,4953
4759,4765,4881
4782,4787,5070
4831,5209,5268
4991,5294,5496
5101,5168,5457
5129,5132,5190
5152,5263,5358
5261,5264,5471
80,496,610
84,94,314
230,247,385
321,328,1017
720,723,1237
771,1129,1173
786,828,1085
830,831,1117
968,971,1446
1059,1187,1494
1279,1621,2048
1297,1400,1690
1297,1549,1719
1308,1567,1641
1340,1347,1998
1531,1534,1972
1571,1575,1639
1626,1659,1825
1782,1788,2207
1801,1912,2186
1858,1970,2216
2145,2146,2513
2158,2159,2246
2209,2396,2402
2335,2337,2659
2372,2377,2417
2420,2433,3078
2437,2867,2935
2450,2883,2903
2651,2657,2718
2835,3105,3322
2846,2849,3668
2849,3146,3627
2863,2906,3283
2921,2922,3231
2976,2979,2996
3022,3130,3253
3033,3149,3291
3078,3084,3090
3078,3089,3349
3089,3091,3329
3227,3230,3270
3374,3384,3811
3486,3528,3960
3574,3597,3637
3657,3659,4091
3663,3664,3880
3671,3672,3818
3793,3950,4109
3797,3800,3804
3963,3965,4291
3986,3987,4267
4162,4478,4709
4200,4201,4349
4289,4300,4384
4299,4454,4789
4302,4461,4484
4457,4464,5282
4462,4535,4872
4481,4964,5254
4549,4832,4871
4576,4578,4833
4687,4690,4751
4785,4960,5226
4807,5020,5144
4880,4945,4947
4974,4977,5355
5006,5013,5506
5124,5434,5486
5280,5287,5413
5413,5416,5435
75,81,110
87,96,627
92,648,833
181,772,890
297,300,378
324,442,511
409,509,600
414,451,629
469,576,639
469,764,1014
529,540,676
577,750,911
761,1008,1182
792,793,1487
839,845,994
911,952,1161
980,1013,1090
1003,1061,1145
1074,1258,1302
1114,1287,1309
1255,1746,2100
1344,1649,1661
1353,1894,2009
1389,1392,1399
1699,1921,2068
1720,2009,2049
1875,1936,1948
1922,1929,2195
2006,2013,2268
2069,2507,2571
2076,2078,2136
2312,2716,2752
2318,2656,2770
2861,3084,3090
2886,3001,3268
2924,3285,3576
3004,3007,3066
3012,3013,3277
3125,3601,3623
3168,3170,3260
3192,3226,3353
3222,3347,3378
3234,3271,3386
3286,3582,3641
3375,3645,3862
3689,3862,4083
3705,3706,3755
3796,3947,4209
3877,4151,4249
4044,4354,4406
4055,4101,4533
4090,4093,4566
4117,4155,4423
4178,4179,4338
4226,4261,4708
4327,4358,4359
4406,4642,4704
4415,4678,4784
4600,5141,5256
4632,4633,4927
4695,4931,4963
4910,5097,5114
5113,5151,5482
5158,5160,5370
5166,5173,5285
3,82,559
34,39,73
129,569,849
177,320,356
178,179,487
238,377,531
374,422,620
505,742,783
627,867,983
723,981,989
752,794,1268
779,783,788
818,1099,1169
842,846,1178
881,887,1184
930,1123,1154
983,984,1040
1052,1213,1264
1053,1057,1107
1103,1138,1157
1231,1353,1630
1232,1241,1635
1342,1405,1471
1358,1571,1575
1367,1407,1661
1476,1477,1588
1490,1543,1636
1595,1596,1682
1740,1794,1863
2082,2083,2090
2173,2176,2195
2340,2386,2708
2344,2669,2756
2448,2450,2880
2497,2525,3172
2577,2579,3011
2723,2883,2948
2796,3055,3072
2896,2943,3198
2957,3265,3276
2989,3057,3302
3012,3246,3247
3172,3177,3285
3249,3254,3255
3304,3307,3618
3396,4024,4237
3940,4216,4263
3940,4340,4376
3966,4071,4357
4006,4052,4524
4046,4330,4387
4104,4146,4581
4148,4149,4407
4197,4199,4308
4214,4251,4735
4362,4421,4540
4440,4494,4563
4495,4497,4820
4496,4818,4912
4541,4542,4877
4611,4881,4897
4660,4662,4932
4761,4763,4950
4823,4825,5149
4882,4883,5157
4906,5199,5263
5038,5424,5479
5082,5084,5405
5084,5334,5491
5126,5166,5453
5206,5269,5323
162,181,328
242,296,567
315,510,511
328,379,625
755,1073,1149
803,1074,1226
1026,1036,1047
1042,1201,1544
1096,1163,1165
1136,1325,1539
1179,1456,1554
1210,1285,1286
1309,1781,1803
1365,1367,1700
1395,1498,1711
1502,1505,1979
1521,1523,1598
1589,1756,1886
1676,1865,2079
1701,1929,2044
1822,2195,2243
1840,1843,1946
1959,2062,2131
2107,2320,2444
2108,2270,2636
2174,2485,2510
2254,2263,2505
2276,2602,2759
2306,2360,2740
2540,2583,2797
2554,2558,3030
2649,2815,2866
2672,2679,3151
2970,3242,3249
3203,3205,3529
3271,3439,3461
3328,3543,3566
3343,3630,3689
3355,3408,3714
3384,4205,4220
3467,3529,3594
3474,3497,3810
3486,3528,3785
3489,3490,3846
3518,3520,3869
3552,3555,3819
3583,3719,3825
3635,3639,3691
3738,3749,4032
3742,3803,3901
3793,3809,3865
3805,3972,3979
3860,4078,4097
3921,3924,4308
4134,4245,4383
4296,4343,4448
4416,4677,4772
4417,4685,4789
4447,4456,4924
4518,4784,4866
4532,4537,4577
4553,4595,5024
4611,4887,4942
4696,4738,4943
4702,5018,5249
4774,4937,4944
4906,5090,5148
5046,5110,5151
5117,5277,5431
5200,5201,5470
5347,5391,5470
30,44,221
148,207,509
414,455,893
467,472,581
535,691,738
634,643,885
894,1054,1055
945,1158,1177
1031,1098,1169
1044,1486,1502
1063,1066,1107
1068,1220,1506
1076,1137,1138
1131,1339,1379
1158,1382,1533
1232,1241,1357
1243,1250,1707
1280,1282,1659
1287,1631,2054
1376,1418,1895
1428,1693,1701
1548,1620,1640
1753,1754,2150
1792,1842,2151
1889,1915,1920
1901,1905,2240
1904,2335,2402
1989,1994,2095
2030,2302,2576
2120,2279,2641
2130,2293,2342
2130,2394,2419
2265,2563,2618
2309,2606,2800
2414,2459,2749
2464,2525,2537
2477,2523,2955
2514,2625,2763
2548,2605,2615
2809,2815,3313
3008,3265,3272
3023,3027,3332
3064,3339,3707
3082,3231,3307
3188,3189,3341
3258,3417,3480
3258,3571,3597
3313,3493,3643
3335,3594,3601
3401,3624,3630
3415,3748,3883
3599,3641,4076
3613,3903,4173
3637,3638,3875
3643,3749,3769
3656,3931,4158
3663,3665,3790
3681,3683,3870
3910,4248,4313
3940,4263,4340
4085,4087,4561
4201,4225,4507
4435,4978,5152
4514,4577,4896
4577,4891,4944
4695,4927,4939
4839,4994,5329
5077,5117,5425
5119,5270,5369
5283,5406,5438
1,26,92
8,13,389
59,80,610
249,262,940
337,897,999
428,463,529
512,724,1023
652,653,984
1081,1180,1183
1110,1277,1304
1311,1372,1413
1314,1317,1378
1343,1345,1650
1344,1346,1706
1430,1977,2079
1461,1462,1624
1571,1638,1709
1572,1573,1695
1603,1635,1659
1618,1619,1654
1656,1657,1985
1826,1940,2049
2015,2041,2046
2234,2468,2508
2341,2345,2406
2348,2351,2657
2702,2715,2856
2708,2711,3134
2722,2885,2946
2725,2728,2732
2828,2831,3691
3025,3089,3195
3225,3382,3430
3238,3239,3274
3358,3373,4032
3487,3509,3615
3584,3588,3595
3620,3623,3843
3819,3851,3866
3854,4041,4064
3895,3896,4343
3980,3982,4359
4050,4057,4408
4105,4109,4275
4110,4152,4588
4128,4393,4401
4321,4472,4750
4332,4336,4340
4395,4719,4771
4421,4427,4692
4518,5005,5139
4539,4585,5057
4598,4600,4949
4671,4678,4900
4810,4973,5335
4870,5018,5249
5294,5328,5400
37,413,414
71,643,927
96,557,835
163,167,177
169,544,612
265,267,985
274,326,610
308,499,500
313,316,506
550,698,926
648,649,1153
666,937,944
689,692,1019
713,718,1102
747,963,971
858,861,923
965,992,1077
1091,1184,1474
1116,1121,1171
1334,1336,1808
1434,1435,1703
1509,1511,1576
1592,1751,2104
1741,1745,2008
1744,1912,2138
1806,2185,2241
2031,2033,2186
2142,2143,2225
2182,2183,2457
2240,2252,2456
2312,2358,2702
2450,2451,2721
2506,2569,2623
2556,2658,2678
2697,2701,3128
2698,2699,2786
2702,2709,2788
2780,3001,3105
2811,3427,3554
2840,3175,3338
2948,3375,3394
2974,2978,2984
3027,3032,3143
3195,3353,3684
3208,3334,3346
3211,3586,3650
3280,3299,3451
3455,3461,3614
3623,3625,4098
3775,3777,4027
3777,3781,3886
3789,4108,4125
3908,3911,4424
3950,4109,4340
4095,4156,4198
4112,4115,4547
4478,4600,4816
4501,4531,4536
4621,4892,4941
4633,4836,4894
4642,4750,4873
4668,4675,4780
4682,4688,4967
4769,4770,4831
4918,4937,5106
5297,5468,5489
5312,5313,5498
5375,5462,5463
44,56,236
184,215,269
238,814,929
284,289,298
325,369,480
344,563,598
360,430,489
475,476,533
556,969,977
655,1038,1333
688,689,972
715,717,1039
820,841,881
976,1104,1251
996,1004,1291
1028,1195,1246
1035,1037,1411
1101,1274,1388
1326,1373,1801
1578,1598,1681
1579,1580,1712
1713,1968,1975
1861,1880,1892
1902,1904,2154
1980,1984,2167
2118,2285,2295
2316,2642,2664
2395,2397,2654
2468,2613,2725
2525,2529,2534
2711,3137,3184
2929,2930,3395
3046,3148,3225
3079,3107,3376
3128,3131,3322
3152,3153,3338
3190,3355,3408
3200,3579,3643
3221,3381,3404
3236,3297,3298
3458,3471,4116
3536,3538,3795
3673,3682,3797
3786,3788,3993
3856,3857,4182
4035,4038,4097
4055,4100,4356
4468,4472,4729
4496,4498,4911
4703,4704,4950
4723,4818,4921
4812,4875,4970
4972,4973,5304
4972,5050,5052
4975,4976,5423
4999,5000,5286
5289,5291,5356
5312,5314,5400
33,43,644
140,199,498
186,274,594
236,545,694
339,348,1002
514,515,646
540,923,958
549,551,554
556,707,969
601,831,951
628,640,864
769,770,1235
911,969,1036
1022,1023,1185
1046,1380,1439
1223,1554,1655
1237,1564,1721
1355,1401,1833
1630,1684,1687
1659,1900,1940
1747,1762,2224
1748,1751,2611
1755,2256,2267
1971,1978,2200
2201,2382,2389
2279,2337,2874
2419,2482,2522
2539,2542,2845
2670,2751,2882
2767,2970,2977
2849,2852,3256
2852,2898,3242
2894,2957,3276
2894,3442,3555
2942,2944,3360
3066,3068,3501
3078,3079,3231
3188,3283,3406
3383,3504,3658
3614,3617,3772
4160,4162,4203
4200,4207,4333
4260,4261,4392
4343,4503,4523
4424,4718,4734
4478,4548,4881
4496,4618,4832
4544,4905,4950
4659,4725,4837
4732,4850,4944
4818,4993,5119
4894,4918,5063
4943,5172,5291
4982,4985,5324
23,28,448
38,468,533
142,203,512
143,149,174
208,576,905
254,256,563
271,567,728
271,775,796
311,316,394
475,923,983
538,688,1019
678,1242,1415
1012,1013,1020
1050,1208,1565
1137,1331,1348
1199,1204,1256
1238,1240,1639
1239,1241,1776
1333,1339,1609
1425,1471,1707
1636,1790,2056
1903,1924,2032
1905,1910,2240
1905,2024,2183
2174,2329,2393
2205,2209,2504
2303,2431,2701
2306,2311,2360
2323,2330,3023
2468,3009,3124
2476,2483,2720
2589,2648,2742
2774,2987,3048
2863,2870,3563
2883,2885,3211
3029,3069,3304
3031,3591,3706
3117,3119,3551
3125,3578,3601
3207,3218,3358
3210,3211,3291
3213,3219,3266
3223,3410,3455
3238,3273,3326
3372,3375,3757
3452,3494,3732
3478,3833,3875
3539,3835,3876
3558,4116,4265
3660,3670,3793
3746,3860,3901
3766,3924,4240
3804,3966,4228
3817,3833,4138
3852,3883,4056
3908,3913,3964
3945,3949,4057
3958,4025,4065
3991,3994,4029
4105,4126,4227
4121,4264,4394
4397,4588,4610
4440,4520,4866
4464,5285,5335
4532,4577,4885
4555,4817,4846
4570,4684,4784
4584,4591,4946
4630,4633,4883
4640,4646,4961
4670,5217,5319
4680,4698,4712
4730,4767,4953
4732,4737,4850
4740,4741,4889
4854,4891,5006
4876,5289,5297
5002,5052,5319
5130,5137,5250
16,30,211
122,126,497
191,337,483
310,387,633
352,567,579
360,384,478
510,512,774
630,881,1024
797,803,1164
930,932,1094
969,1036,1179
1033,1191,1274
1060,1225,1353
1090,1144,1147
1126,1307,1372
1158,1159,1525
1204,1372,1483
1301,1548,1555
1312,1325,1971
1389,1392,1720
1407,1409,1667
1475,1563,1584
1476,1562,1652
1483,1504,1538
1651,1663,1686
1691,1874,1897
1827,2317,2630
1867,1871,1888
1921,1984,2025
1924,1987,2049
2098,2113,2235
2133,2187,2290
2152,2154,2229
2380,2383,2442
2392,2405,3051
2426,2967,3082
2506,2567,2579
2605,2613,2887
3023,3034,3679
3060,3078,3092
3073,3076,3200
3204,3642,3664
3374,3375,3812
3410,3676,3867
3453,3456,3515
4020,4062,4314
4316,4680,4702
4437,4480,4604
4452,4455,4990
4576,4611,4942
4583,4585,4890
4604,5035,5102
4675,4883,4918
4893,5064,5091
4920,5117,5123
5140,5201,5478
5149,5172,5438
5328,5330,5420
79,82,560
93,95,706
338,348,464
369,607,619
570,854,912
676,685,1147
732,734,1138
785,1117,1438
940,950,1049
943,981,1170
1033,1034,1154
1045,1282,1323
1178,1418,1441
1298,1305,1710
1416,1430,2077
1421,1427,1564
1462,1503,1717
1509,1511,1719
1725,2023,2078
2153,2307,2338
2187,2211,2348
2421,2466,2753
2617,2619,2753
2675,3109,3130
2777,2992,3054
2819,2872,3389
2845,2852,3255
2896,2899,3208
2945,3277,3337
3015,3054,3301
3114,3155,3593
3213,3217,3267
3248,3251,3674
3250,3398,3629
3255,3279,3404
3267,3431,3454
3309,3621,3682
3403,3410,3867
3424,3539,3687
3454,3456,3761
3479,3490,3877
3580,4057,4078
3754,3843,3909
3761,4042,4109
3768,4094,4152
3878,4162,4203
3880,4148,4170
3897,4412,4425
3922,4311,4587
3943,3950,4407
4133,4233,4316
4317,4321,4426
4472,4869,4874
4500,4546,4868
4568,4868,4991
4603,4606,4667
4612,4653,4905
4695,4696,4963
4839,5314,5330
4941,5166,5173
5043,5044,5369
5086,5130,5413
5129,5132,5234
5175,5416,5485
5307,5384,5454
5313,5429,5435
141,147,179
297,324,441
322,374,603
346,459,593
501,666,1020
606,869,909
609,925,980
638,901,923
713,783,1054
748,810,1125
914,1114,1127
958,1078,1113
989,1427,1446
1087,1238,1285
1111,1282,1344
1117,1120,1139
1118,1180,1293
1328,1329,1589
1344,1618,1619
1533,1649,1655
1570,1733,2095
1573,1906,1923
1872,1880,2160
1902,1948,2380
1952,2165,2183
2007,2010,2226
2117,2265,2561
2134,2289,2368
2294,2295,2732
2363,2368,2409
2428,2470,2723
2486,2921,2984
2541,2542,2704
2648,2650,2920
2655,2813,3144
2744,2924,3174
2868,3174,3186
2924,3076,3174
2926,2968,3443
2947,2951,3013
2994,2999,3336
3165,3322,3340
3165,3340,3606
3174,3471,3719
3247,3248,3278
3266,3429,3457
3282,3613,3636
3553,3756,3814
3664,3796,3943
3765,3922,3970
3848,4051,4068
3990,4004,4411
4097,4142,4380
4134,4135,4381
4184,4383,4574
4185,4191,4299
4501,4506,4886
4551,4909,4953
4566,4611,4881
4626,4633,4745
4649,4872,4880
4664,4677,4919
4729,4733,4785
4810,4977,5335
4870,5244,5250
5091,5130,5413
5350,5352,5415
20,132,194
98,118,618
103,107,510
110,141,147
111,208,261
154,158,526
382,432,907
402,838,857
411,530,624
508,665,988
565,569,849
668,673,724
744,748,1094
841,1382,1533
940,950,1207
960,961,1109
996,1004,1117
1024,1176,1432
1045,1099,1199
1135,1154,1320
1216,1225,1687
1286,1570,1663
1421,1573,1574
1426,1487,1499
1454,1455,1699
1517,1688,1709
1531,1533,1562
1543,1601,1685
1563,1673,1679
1742,1743,2281
1844,2205,2250
1943,1954,2599
2100,2101,2548
2289,2292,2408
2311,2338,2382
2363,2411,2829
2548,2639,2654
2583,2591,2708
2662,2723,2821
2772,3092,3146
2857,3151,3341
2906,3169,3187
2962,2966,3309
3002,3015,3275
3040,3517,3538
3147,3229,3333
3152,3240,3335
3192,3197,3226
3318,3321,3661
3331,3576,3719
3351,3406,3476
3369,3373,3761
3395,3399,3420
3581,3854,3884
3628,3632,3720
3633,3643,3738
3736,3897,4171
3772,3848,3927
3823,3846,3999
3873,4128,4240
3916,3923,4354
4021,4025,4377
4058,4271,4275
4081,4144,4185
4083,4125,4602
4213,4219,4337
4242,4243,4250
4253,4255,4344
4444,4496,4799
4458,5022,5195
4631,4736,4859
4816,5251,5258
4915,4934,5100
4917,5111,5128
4969,4975,5473
5088,5095,5474
5204,5208,5505
5207,5208,5481
5261,5301,5490
5313,5342,5367
15,82,253
45,68,125
55,229,540
138,464,531
186,218,570
287,370,418
427,429,490
453,742,964
491,652,999
521,606,678
692,970,1019
788,998,1186
1089,1408,1425
1199,1206,2066
1206,2069,2085
1355,1400,1656
1407,1412,1712
1505,1706,1937
1545,1546,1595
1579,1580,1667
1626,1774,2091
1772,1781,2175
1822,2173,2245
1839,1884,2189
1840,1903,1968
1950,1992,2218
1966,2027,2039
2045,2521,2543
2146,2352,2619
2271,2347,2361
2350,2836,2972
2381,2628,2635
2507,2508,2773
2517,2557,2779
2549,2608,2638
2575,2877,3133
2618,2678,2735
2773,2985,2990
2839,2843,3102
3048,3050,3345
3061,3062,3325
3075,3243,3244
3105,3111,3219
3202,3362,3690
3311,3312,3628
3529,3552,3818
3688,3718,3736
3774,3933,3955
3873,3875,4236
3920,4255,4418
3940,3985,4271
3980,3982,4328
4036,4038,4293
4213,4215,4223
4222,4506,4768
4284,4285,4722
4431,4486,4556
4458,4462,4852
4522,4873,4945
4644,4646,4891
4864,5252,5306
4876,5027,5289
4908,4912,5085
4937,5175,5214
5115,5180,5442
5227,5251,5355
138,298,548
208,576,639
364,588,631
377,531,607
421,452,537
463,470,523
482,484,507
503,617,660
590,634,774
937,1042,1102
976,1097,1104
1066,1224,1540
1321,1880,2005
1414,1921,2068
1418,1423,1464
1542,1543,1550
1646,1924,1991
1693,1905,1910
1867,1887,1899
1908,1912,1953
1918,1919,2220
2034,2036,2072
2066,2098,2116
2212,2216,2392
2244,2473,2490
2334,2639,2670
2388,2652,2774
2477,2519,2751
2546,2556,2646
2665,2719,2819
2679,2807,3114
2788,3050,3091
2827,2836,3500
2870,3411,3574
2902,3403,3562
2917,2957,3265
2970,3090,3255
2990,2991,3277
3005,3007,3224
3080,3083,3557
3440,3771,3820
3450,3458,4117
3584,3588,3885
3652,3657,3770
3699,4030,4244
3754,3755,3843
3778,3813,3866
3828,4009,4253
3948,4266,4368
4268,4435,4486
4284,4726,4742
4311,4330,4387
4326,4327,4420
4444,4563,4889
4485,4552,4564
4549,4988,5021
4877,5036,5158
111,115,206
146,148,583
174,232,743
198,666,686
494,654,728
607,810,930
632,883,981
771,883,1132
803,1252,1279
883,1430,1563
904,1117,1120
936,1022,1112
998,1000,1115
1166,1376,1399
1232,1629,1634
1377,1438,1450
1382,1395,2040
1444,1544,1657
1591,1748,2105
1960,1995,2100
1973,1976,2074
2000,2042,2240
2059,2068,2181
2067,2074,2146
2083,2084,2143
2184,2343,2601
2236,2453,2470
2482,3029,3136
2793,3048,3160
2815,3096,3313
2856,2860,3115
2989,2992,3302
3004,3007,3111
3011,3073,3135
3011,3116,3239
3213,3217,3322
3282,3463,3522
3289,3479,3597
3295,3306,3322
3330,3581,3587
3360,3363,3436
3436,3442,3483
3454,3703,3887
3583,3873,4237
3636,3904,4180
3775,3837,3878
3807,3831,3968
3891,3894,4015
3933,4163,4198
4071,4341,4357
4238,4240,4355
4273,4274,4394
4310,4422,4700
4376,4562,4802
4390,4393,4713
4429,4465,5134
4438,4445,4455
4542,4660,4865
4617,4682,4925
4646,4854,4879
4660,5114,5137
4742,4778,4838
4888,5054,5281
4903,5081,5144
4931,5161,5201
5306,5338,5356
80,178,561
85,86,310
186,211,228
296,353,600
580,757,1009
668,675,1531
689,986,1467
705,709,817
823,826,887
888,890,1185
926,931,1037
1054,1142,1186
1205,1206,1660
1226,1281,1818
1254,1559,1590
1469,1567,1690
1554,1661,1711
1583,1740,1822
1763,1773,1891
1855,1856,2106
1882,1885,1944
1970,2517,2619
2056,2184,2331
2063,2231,2240
2173,2189,2245
2290,2293,2687
2314,2363,2831
2341,2345,2450
2419,2570,2669
2423,2425,2730
2430,2437,2788
2485,2508,2776
2639,2749,2756
2640,2788,2794
2660,2661,3039
2670,2937,2954
2768,2789,2801
2852,2861,2977
2863,2895,3556
2987,3186,3207
3108,3111,3543
3124,3256,3403
3125,3126,3236
3173,3250,3264
3224,3382,3430
3245,3368,3401
3253,3269,3556
3365,3414,3753
3365,3688,3704
3743,3857,3900
3914,4249,4352
4146,4193,4624
4219,4225,4499
4233,4349,4355
4249,4544,4792
4266,4267,4393
4391,4574,4597
4406,4412,4422
4802,4823,4936
4820,4821,4906
4953,5217,5319
4995,5265,5482
5079,5084,5124
5152,5193,5445
5238,5246,5347
5307,5314,5386
5328,5392,5469
20,23,61
24,462,471
69,377,607
181,328,592
201,346,599
268,326,610
294,303,973
346,416,452
433,435,501
446,481,928
494,939,991
594,896,954
705,776,1043
818,820,1099
908,909,1167
975,983,1041
1070,1223,1554
1091,1181,1184
1221,1224,1759
1275,1280,1287
1413,1665,1681
1456,1476,1515
1480,1487,1589
1728,1744,2413
1748,1802,2105
1754,1764,2191
1774,1781,2594
2003,2479,2500
2208,2391,2639
2223,2246,2258
2257,2522,2528
2291,2594,2796
2343,2679,2804
2346,2461,2728
2415,2478,2544
2521,2523,2762
2547,2588,3066
2618,2620,2735
2625,3087,3111
2696,2697,2757
2712,2720,2787
2784,2796,3010
2858,3196,3310
2864,2912,3226
3083,3118,3241
3295,3506,3546
3298,3513,3552
3402,3418,4075
3410,3478,3518
3444,3449,3466
3474,3478,3834
3487,4047,4172
3591,3604,3820
3728,3730,4000
3746,4080,4139
3761,3763,3845
3897,3940,4064
3905,4228,4244
3928,3929,4212
3929,3930,4468
3985,3987,4251
4081,4622,4773
4093,4094,4377
4104,4106,4351
4209,4276,4419
4215,4217,4287
4270,4277,4422
4272,4273,4395
4291,4370,4371
4296,4299,4328
4328,4331,4754
4334,4645,4670
4544,4794,4951
4549,4832,5017
4619,4844,4845
4761,4763,4838
4829,4994,5004
4832,4993,5044
4860,4870,5005
4915,5105,5166
4990,4991,5315
5003,5013,5434
5115,5119,5465
5265,5478,5497
5324,5436,5444
90,95,185
115,116,509
191,272,600
340,344,587
478,484,492
675,945,1162
691,1027,1150
692,970,1132
719,727,1382
810,1093,1125
811,812,1284
908,910,1145
957,959,1068
1268,1274,1316
1292,1297,1337
1336,1371,1702
1374,1382,1652
1521,1523,1710
1587,1746,2017
1699,1914,2068
1715,1984,2084
1748,1805,2342
1751,2054,2256
1764,2262,2540
1860,1902,2332
1926,1928,2218
1940,2057,2203
2010,2203,2234
2023,2078,2195
2251,2496,2639
2405,2517,2619
2472,2479,2800
2723,2883,2903
2810,2813,3680
2841,2844,3379
2861,3677,3724
2919,2961,3205
2999,3001,3336
3002,3009,3275
3066,3108,3314
3069,3074,3175
3087,3089,3129
3088,3179,3194
3173,3174,3343
3235,3237,3487
3244,3245,3312
3345,3620,3644
3428,3431,3737
3503,3505,3767
3539,3829,3840
3578,3624,3865
3683,3684,3826
3749,3914,3924
3808,3971,4227
3834,4021,4046
3972,3979,4378
4005,4008,4394
4020,4022,4281
4036,4071,4191
4041,4083,4560
4074,4088,4352
4075,4103,4759
4264,4409,4416
4300,4320,4384
4426,4707,4731
4435,4556,4885
4483,4515,4945
4498,5039,5161
4503,4505,4830
4610,5043,5063
4623,4628,4668
4624,5225,5336
4652,4655,5087
4904,5081,5328
4909,5105,5217
5011,5012,5411
5046,5425,5481
5074,5075,5412
5107,5129,5235
5169,5182,5416
156,160,242
172,182,330
229,807,922
277,280,780
350,399,611
479,589,596
673,724,1136
704,707,1070
895,1138,1326
1003,1069,1096
1031,1037,1253
1040,1419,1483
1067,1277,1304
1080,1233,1498
1099,1255,1276
1268,1313,1730
1404,1446,1675
1413,1414,1714
1423,1970,2103
1534,1535,1973
1578,1589,1680
1744,1745,2187
1775,1799,1813
1782,1788,1795
1883,1885,2357
1919,1925,2256
1932,1939,2051
1991,2208,2251
2038,2243,2251
2266,2547,2571
2271,2274,2348
2342,2346,2684
2365,2629,2648
2472,2475,2800
2534,2537,2969
2647,2691,2770
2677,2830,3169
2723,2747,2880
2728,2732,2887
2766,2788,2800
2772,2803,2976
2778,2781,3121
2810,2864,3380
2828,2882,3185
2926,2972,3444
2960,2973,3618
2966,3069,3327
3029,3319,3679
3247,3607,3629
3292,3478,3697
3350,3353,3882
3372,3375,3910
3420,3423,3937
3648,3650,3687
3740,3872,3954
3742,3961,4030
3778,3929,4212
3786,3787,3880
3945,4552,4676
4081,4121,4390
4127,4375,4560
4135,4343,4378
4196,4300,4384
4228,4341,4398
4324,4325,4392
4372,4555,4798
4384,4584,4591
4562,4986,5059
4724,4725,4957
4816,4977,5251
4819,5090,5148
4896,4904,4959
4914,5101,5126
4937,4949,5148
5116,5151,5271
28,43,217
319,326,644
326,614,644
353,361,470
387,395,497
463,464,647
468,540,560
473,545,643
499,587,714
575,748,967
640,929,969
665,675,1107
738,742,1086
747,963,1180
865,886,987
981,989,1052
1038,1049,1332
1241,1464,1470
1264,1266,1675
1284,1845,1969
1475,1479,1564
1649,1655,1703
1661,1668,1711
1799,1804,2215
1811,2150,2582
1933,2408,2431
1998,1999,2305
2094,2391,2637
2290,2294,2555
2306,2309,3128
2392,2399,3051
2427,2440,2656
2577,2579,2730
2650,2868,3174
2685,3056,3114
2732,3125,3152
2773,2992,3103
2780,3064,3105
2807,3117,3137
2837,2888,3197
2845,2852,2861
2941,3500,3625
2949,3062,3163
2949,3068,3223
2966,3507,3622
3212,3373,3424
3217,3219,3266
3365,3704,3808
3388,3414,3416
3514,3521,4173
3516,4074,4235
3536,3582,4056
3545,3745,3811
3553,3814,3983
3559,3561,3993
3599,3601,3831
3688,3974,4233
3841,4032,4190
3890,3897,4422
3893,3894,4432
3917,3968,4433
3994,3995,4332
4036,4037,4345
4176,4177,4400
4260,4408,4414
4301,4303,4385
4367,4549,4566
4377,4680,4702
4407,4647,4652
4492,4542,4851
4527,5021,5330
4618,4812,4887
4679,4726,5157
4696,5196,5339
4709,4749,4959
4901,4905,4950
5084,5236,5334
5232,5274,5477
5392,5393,5468
53,475,920
110,174,694
281,290,638
501,534,541
510,777,794
552,553,627
577,754,789
596,1000,1022
656,999,1104
724,726,1066
757,911,1009
776,888,1022
824,1255,1276
923,1119,1151
1000,1484,1505
1036,1047,1188
1094,1245,1318
1128,1311,1559
1330,1371,1641
1400,1517,1663
1515,1587,1711
1529,1702,1923
1825,2269,2446
1826,1946,2110
1925,1926,2224
1942,2050,2173
2102,2104,2192
2135,2573,2588
2148,2300,2586
2176,2327,2589
2227,2440,2549
2290,2291,2615
2358,2845,2979
2375,2694,2768
2421,2426,2466
2430,2702,2709
2452,2514,2783
2454,2462,2732
2673,2830,3169
2830,2835,3155
2841,2844,3228
2940,2942,3359
2969,2995,3000
3084,3090,3251
3090,3092,3565
3214,3215,3346
3355,3356,3748
3393,4211,4226
3424,3545,3766
3779,4098,4123
3840,4046,4196
3963,4221,4229
4089,4102,4747
4116,4121,4424
4195,4213,4224
4311,4320,4330
4518,4522,4866
4693,4983,5253
4800,4948,4954
5091,5193,5461
5109,5382,5465
5110,5224,5440
5154,5159,5165
5159,5314,5455
67,480,927
85,98,619
167,171,472
201,254,557
252,337,616
268,271,773
418,541,626
447,526,636
503,504,617
521,522,606
610,821,936
659,714,1021
667,682,1340
1105,1108,1112
1319,1323,1328
1360,1693,2013
1634,1708,1785
1771,1798,1842
1868,1871,2289
1870,1932,2227
1890,1891,2205
1891,1892,2158
1924,2030,2148
2066,2068,2098
2141,2425,2484
2306,2358,2626
2357,2918,3042
2359,2612,2798
2438,2651,2655
2478,3036,3185
2512,2559,3031
2961,2963,3436
3046,3112,3228
3072,3074,3508
3201,3208,3686
3238,3241,3444
3273,3449,3466
3444,3465,3477
3482,3722,3885
3673,3675,3683
3755,3912,3983
3791,3940,4216
3900,4025,4294
3911,4250,4734
4156,4372,4410
4163,4198,4321
4202,4205,4679
4293,4297,4402
4305,4306,4673
4413,4415,4776
4471,4807,5134
4527,4743,4960
4582,4586,4929
4682,4841,4842
4819,4820,4907
4884,5043,5301
4896,4897,5225
5117,5119,5484
5149,5153,5170
5385,5386,5454
14,29,260
17,41,600
42,572,584
113,118,445
116,118,526
154,158,677
279,282,410
306,330,345
386,388,554
428,431,906
687,690,761
688,692,949
1064,1222,1270
1485,1599,1702
1503,1511,1628
1562,1564,1587
1588,2069,2085
1798,2062,2239
1868,1869,2173
1973,1976,2034
2128,2266,2568
2289,2342,2409
2424,2426,2734
2469,2476,2716
2599,2608,2721
2666,2821,3164
2857,2860,3183
2858,2886,2928
2884,2886,3295
2886,3148,3318
3124,3158,3218
3148,3265,3272
3285,3472,3590
3320,3332,3536
3346,3651,3671
3366,4208,4229
3379,3380,3666
3382,3931,4053
3546,3775,3776
3862,3874,4083
3919,4252,4261
3922,3972,4239
3964,4085,4306
4043,4314,4466
4070,4071,4341
4085,4539,4562
4127,4129,4395
4130,4369,4376
4309,4732,4737
4328,4477,4790
4412,4660,4679
4488,4806,4908
4593,4654,4695
4729,4747,4758
4749,4808,4902
4807,4977,5020
4972,5302,5362
5002,5391,5467
5022,5023,5487
5256,5358,5378
1,14,563
127,290,537
192,199,352
244,492,650
315,449,591
353,355,647
600,601,947
611,612,928
842,855,1500
852,1086,1087
1000,1001,1482
1083,1356,1381
1149,1465,1520
1170,1173,1537
1201,1836,2082
1250,1798,1954
1362,1364,1792
1586,1920,1979
1593,1599,1646
1612,1770,1792
1706,1718,1937
1804,1919,2067
1921,2068,2181
1938,1942,2169
2068,2192,2347
2079,2213,2255
2093,2094,2165
2151,2269,2440
2278,2287,2952
2377,2741,3037
2381,2383,2693
2388,2654,2775
2434,2441,2667
2498,2540,3017
2606,2609,2788
2924,3174,3331
2998,3033,3149
3169,3288,3458
3621,3965,4219
3654,3656,3692
3674,3708,3780
3732,3766,3893
3845,3846,4195
3946,4254,4279
4027,4049,4155
4030,4053,4092
4069,4091,4198
4343,4503,4568
4527,4529,5065
4555,4798,4964
4635,5176,5290
4638,4642,4869
4694,5131,5192
4715,4719,4771
4853,4928,4929
4858,4859,4946
4890,5174,5232
4902,4961,5080
4967,5296,5328
5043,5379,5504
5243,5244,5485
5320,5342,5365
5406,5438,5500
49,55,532
169,179,325
220,800,956
267,303,564
347,357,469
420,427,553
442,473,550
448,561,618
486,658,832
504,663,736
701,1181,1184
913,935,1022
938,1390,1412
962,1001,1482
1054,1209,1288
1104,1521,1529
1131,1143,1160
1148,1353,1455
1591,1592,1670
1598,1753,2030
1831,1859,2257
1840,1949,2206
1911,2031,2187
2034,2075,2513
2069,2070,2131
2097,2098,2104
2106,2107,2441
2144,2214,2256
2152,2310,2332
2159,2308,2639
2354,2729,3009
2408,2411,2674
2521,2739,2912
2539,2543,2578
2590,2623,2689
2611,2614,2789
2620,2621,3102
2655,2789,2812
2735,2781,2783
2858,2928,3261
2876,3211,3290
2992,3033,3285
3015,3325,3667
3098,3099,3571
3112,3321,3339
3124,3269,3323
3136,3418,3679
3187,3231,3310
3200,3332,3414
3249,3396,3723
3326,3562,3624
3451,3489,3846
3500,3513,3790
3518,3638,3799
3648,3687,3873
3729,3895,3946
3745,3906,3979
3799,3958,4065
3845,4042,4109
3859,4074,4228
3878,4118,4141
3950,4109,4216
4068,4115,4547
4107,4367,4412
4120,4371,4553
4144,4357,4360
4197,4388,4588
4286,4342,4343
4447,4461,4502
4468,4798,4814
4520,4527,4899
4587,4594,4816
4694,4697,4852
4761,4762,4832
4829,5002,5126
4886,5164,5231
4976,5302,5459
5018,5066,5444
5145,5264,5423
5206,5209,5268
5212,5215,5447
34,148,207
41,676,806
75,116,524
223,226,505
330,339,599
362,532,533
488,490,760
541,692,1019
561,565,842
810,1095,1168
941,984,1419
998,1056,1186
1102,1377,1444
1385,1386,1684
1569,1662,1663
1688,1954,1995
1737,1780,1904
1826,1828,2203
1956,1957,2637
1974,1977,2223
2023,2129,2149
2028,2030,2067
2049,2110,2261
2054,2091,2575
2195,2367,2583
2365,2809,2986
2403,2405,2763
2417,2731,2784
2458,2460,2670
2549,2638,2728
2569,2573,2625
2582,2618,2678
2628,2635,2694
2825,2835,2956
2860,2861,3296
2907,3123,3131
3038,3080,3557
3191,3353,3684
3204,3345,3360
3215,3216,3649
3251,3677,3724
3273,3274,3558
3276,3280,3284
3431,3432,3760
3461,3933,3955
3679,3685,3801
3738,3913,4039
3821,4002,4120
3868,4106,4127
3977,4538,4662
3990,3998,4411
4153,4443,4713
4486,4794,4819
4554,4572,4585
4561,4580,4592
4747,4756,4872
4795,5243,5303
4979,4986,5503
5015,5044,5384
5164,5225,5237
5166,5458,5498
33,117,722
105,315,441
303,316,979
346,904,1004
399,440,626
414,451,892
491,559,652
533,534,609
830,833,1102
834,839,845
996,998,1005
1055,1142,1143
1056,1215,1287
1234,1286,1664
1238,1286,1664
1336,1338,1646
1368,1370,1800
1402,1943,2056
1452,1494,1930
1511,1512,1987
1514,1516,1548
1601,1882,1949
1608,1650,1651
1698,1919,1925
1699,1953,2069
1742,2085,2254
1806,2188,2238
1819,2161,2266
1847,1850,1952
1866,1911,2181
2078,2080,2138
2189,2195,2243
2191,2203,2226
2255,2257,2622
2289,2863,3028
2325,2392,2404
2344,2346,2755
2405,2737,2797
2510,2643,2749
2557,2558,2779
2590,2712,2720
2673,2677,2727
2745,2932,3050
2791,3043,3179
2827,2834,2844
2859,2861,3396
2860,3136,3183
2938,3050,3296
3027,3287,3332
3226,3230,3345
3343,3688,3718
3413,3418,3802
3732,3733,3855
3765,4136,4194
3813,4098,4123
3916,3925,4387
3932,4259,4336
3940,3941,4376
4095,4134,4381
4123,4413,4777
4210,4490,4753
4266,4436,4610
4438,4447,5112
4456,4463,4473
4480,4481,4916
4527,5017,5330
4534,4535,4872
4558,4803,4953
4677,4772,4860
4723,4761,4950
4777,4779,4913
4779,4900,5071
4831,4954,5042
4878,5037,5100
4899,4931,4946
5126,5380,5400
5159,5161,5496
5371,5450,5451
104,106,714
150,163,370
358,359,406
598,813,852
716,1052,1131
728,773,1030
827,1141,1480
970,1250,1516
981,983,1058
1316,1584,1696
1389,1396,1636
1523,1524,1959
1527,1534,1606
1552,1557,1845
1642,1801,1870
1740,1744,2134
1754,2073,2089
1946,2154,2179
1982,2226,2267
1994,2207,2386
2002,2107,2116
2015,2016,2124
2017,2128,2240
2088,2089,2154
2291,2294,2732
2377,2924,3076
2416,2891,2914
2597,2598,3073
2601,2603,2790
2738,2913,2980
2805,3124,3158
2872,2878,2922
2917,3458,3616
3048,3317,3345
3156,3158,3165
3365,3375,3807
3434,3982,4095
3452,3494,3968
3471,3510,3793
3472,3479,3875
3931,4053,4330
4029,4303,4386
4077,4080,4139
4096,4109,4340
4472,4871,4875
4556,4824,4936
4575,5176,5298
4590,4593,4948
4748,4750,4783
4807,4975,5147
4828,5309,5325
4961,5236,5295
5008,5009,5292
5099,5103,5463
5100,5102,5361
5269,5270,5382
5272,5390,5484
5456,5490,5493
5,92,476
33,34,111
405,416,676
430,710,976
491,713,785
704,752,1217
821,825,1160
1009,1128,1298
1026,1204,1372
1195,1196,1643
1229,1560,1720
1283,1329,1589
1358,1632,1669
1363,1366,1383
1414,1455,1687
1597,1751,2075
1645,1652,1701
1903,1906,1967
1939,1941,2373
1959,1962,2021
1979,2021,2231
1981,2416,2479
2113,2443,2468
2145,2516,2574
2306,2356,2668
2322,2338,2779
2374,2650,2840
2448,2452,2493
2471,2535,2772
2475,2536,2578
2475,2785,3127
2549,2815,3093
2596,2628,2700
2646,2658,2953
2692,2694,2969
2875,2876,3198
3110,3220,3240
3322,3334,3543
3363,3366,3742
3459,3464,3504
3599,3604,3645
3723,3833,3839
3779,4101,4118
3905,3915,4036
3932,4336,4372
4140,4143,4160
4151,4411,4792
4245,4246,4295
4472,4876,4912
4691,5236,5334
5024,5027,5390
5039,5044,5051
5099,5110,5497
5115,5224,5465
5148,5150,5405
5220,5241,5333
5270,5369,5460
5288,5291,5482
9,422,443
61,67,465
189,198,344
487,496,610
503,616,645
522,647,678
533,687,718
636,956,992
724,731,1135
772,776,782
895,1370,1393
987,994,1066
998,1054,1142
1005,1006,1055
1012,1017,1305
1053,1057,1162
1072,1073,1148
1215,2054,2074
1564,1565,1695
1567,1611,1690
1601,1685,1727
1637,1806,1921
1645,1649,1929
1685,1727,1882
1757,1812,2219
1765,1778,2434
1858,1919,2220
1898,1904,2018
2109,2537,2554
2159,2478,2503
2178,2249,2333
2264,2558,2574
2270,2326,2636
2362,2424,2741
2522,2630,2766
2996,3038,3515
3179,3289,3296
3244,3245,3628
3281,3462,3580
3373,3650,3840
3457,3520,3560
3500,3504,3866
3500,3507,4158
3607,3626,3639
3668,3670,3703
3726,3896,3906
3798,3957,4020
4013,4055,4303
4140,4164,4329
4149,4255,4388
4183,4309,4447
4255,4703,4721
4293,4299,4346
4335,4359,4484
4385,4582,4649
4424,4716,4802
4475,4499,4513
4720,4727,4987
4740,4741,5055
4810,4975,5028
4826,5157,5224
4937,5150,5173
4975,5028,5334
5130,5131,5413
118,727,848
206,209,669
254,557,593
495,871,897
514,798,857
544,932,986
700,976,1136
708,867,975
769,1208,1241
865,884,896
913,1203,1473
921,979,990
956,958,1081
960,967,1243
1145,1499,1514
1159,1374,1528
1199,1252,1769
1264,1563,1589
1456,1661,1668
1611,1778,1900
1779,1781,2169
1868,2295,2314
1928,2243,2580
2183,2343,2408
2222,2266,2415
2314,2366,2744
2340,2346,2388
2405,2911,3064
2478,2496,2509
2543,2544,2790
2625,2782,2800
2663,2989,3015
2721,2724,2728
2729,2732,2735
2828,2884,3296
2830,3167,3176
3016,3020,3341
3115,3116,3233
3174,3285,3292
3348,3356,3803
3353,3700,3872
3440,3442,3788
3579,3583,3751
3593,3655,3708
3602,3604,3887
3649,3653,3668
3683,4120,4184
3738,3758,3841
3762,3887,3918
3875,3877,4242
3934,3989,4525
3987,3989,4327
4082,4089,4355
4135,4610,4633
4152,4154,4378
4247,4254,4361
4281,4444,4496
4286,4441,4784
4450,4453,4847
4477,4804,5254
4577,4583,4737
4579,4730,4829
4593,4816,4930
4617,5218,5331
4635,4744,4889
4636,4640,4646
4692,4734,5170
4783,4785,4876
4800,4801,4932
4825,5062,5103
4872,4873,5183
4910,5206,5270
4981,5323,5382
5117,5123,5484
5130,5250,5415
5350,5357,5502
151,159,168
199,515,602
283,364,411
367,436,500
431,628,864
488,655,706
492,657,677
686,689,1508
786,788,1052
797,803,957
867,1039,1040
956,1231,1462
961,964,1109
1061,1345,1404
1072,1227,1258
1196,1206,1643
1255,1256,1578
1258,1641,1698
1445,1449,1722
1505,1506,1980
1580,1581,1666
1610,2045,2095
1740,1815,1829
1942,2173,2176
1967,1969,2113
2003,2231,2435
2056,2338,2602
2142,2301,2324
2279,2332,2701
2340,2343,2711
2351,2607,2796
2389,2633,2803
2490,2535,2767
2625,2626,2762
2696,2697,3060
2739,2917,3020
2790,3050,3183
2813,3122,3641
2865,2932,2944
2950,3164,3337
3060,3063,3080
3124,3253,3256
3190,3197,3342
3239,3241,3273
3371,3710,4194
3373,3922,4046
3389,3720,3880
3604,3704,3817
3657,3659,3768
3674,3677,4152
3745,3811,3835
3911,4250,4416
3917,3920,4425
3974,4515,4635
4030,4360,4417
4109,4344,4399
4205,4232,4317
4254,4361,4411
4291,4292,4666
4295,4382,4383
4314,4439,4473
4396,4397,4722
4435,4818,5113
4526,4527,4807
4589,4653,4910
4612,4723,4818
4660,4875,4911
4723,4849,4987
4917,4918,5220
4969,4974,5065
5127,5130,5488
5375,5376,5462
2,58,240
25,28,464
41,220,529
84,86,302
99,170,687
126,680,1000
178,181,614
307,761,824
376,474,544
595,759,782
605,606,955
727,735,1389
843,845,1320
862,1167,1513
878,920,1397
1149,1461,1522
1160,1378,1441
1315,1737,1757
1351,1625,1628
1574,2015,2073
1659,1834,1897
1685,1686,2035
1691,1692,2008
1755,2614,2630
1788,2121,2207
1880,1884,2246
2171,2320,2643
2203,2447,2487
2297,2304,2805
2307,2311,2703
2330,2489,2720
2347,2355,2783
2415,2524,2765
2430,2550,2715
2539,2567,2836
2596,2717,2724
2674,2829,2908
2708,2906,3169
2938,2978,3252
3115,3119,3134
3117,3553,3570
3200,3364,3414
3252,3253,3327
3310,3313,3633
3386,3391,3440
3479,3490,4138
3580,3581,3858
3680,3683,4118
3890,3944,4310
3931,3980,4360
4091,4155,4392
4190,4462,4699
4221,4290,4370
4272,4273,4603
4375,4565,4626
4623,4665,5142
4710,4711,4947
4743,4868,4960
4748,4751,4942
4753,4755,4763
4757,5234,5258
4827,4838,4978
5007,5010,5081
5027,5289,5501
5096,5098,5477
5102,5104,5363
5143,5210,5476
5359,5361,5446
5367,5470,5473
97,102,113
256,308,581
274,621,961
310,835,982
351,354,425
520,531,807
554,709,773
680,683,1115
1019,1318,1537
1083,1084,1183
1133,1291,1444
1173,1175,1536
1188,1204,1681
1284,1308,1573
1340,1353,1998
1421,1564,1694
1495,1549,1613
1515,1516,1712
1525,1527,1606
1597,1599,1924
1676,1710,1713
1736,1786,2122
1876,2351,2374
1925,1927,2401
2189,2192,2195
2357,2361,2423
2359,2853,3165
2391,2493,2761
2452,2760,3107
2475,2514,2761
2499,2565,2677
2514,2763,2806
2644,3098,3154
2657,2805,3101
2752,2935,3178
2778,3002,3153
2789,2801,3030
2813,2816,3264
2825,2991,3105
3079,3118,3241
3093,3103,3198
3095,3099,3151
3104,3106,3206
3201,3205,3259
3342,3623,3641
3351,3355,3743
3388,3718,3734
3577,3583,3832
3604,4145,4249
3635,3723,3744
3648,3686,4125
3665,3666,3837
3694,3695,3765
3958,4114,4222
3980,4099,4328
4007,4114,4370
4082,4086,4093
4085,4351,4516
4148,4583,4646
4285,4444,4563
4435,4488,4908
4649,5155,5302
4723,4744,4778
4844,4845,4956
4954,5207,5271
6,129,189
8,15,387
112,751,910
158,160,522
218,220,571
311,314,344
422,461,942
656,982,999
660,714,783
669,672,743
887,889,1033
1061,1063,1342
1119,1294,1313
1368,1410,1846
1405,1408,1425
1410,1412,1846
1464,1631,1708
1542,1543,1603
1590,1857,1874
1687,1690,2006
1775,1778,2113
1814,2189,2243
1900,2441,2556
1907,2413,2563
2285,2451,2565
2290,2365,2366
2408,2409,2713
2438,2558,2719
2482,2544,2790
2494,3001,3148
2956,2958,3266
2961,3003,3259
3134,3168,3240
3140,3143,3578
3284,3464,3712
3378,3405,3518
3397,3691,3881
3423,3911,4264
3440,3559,3788
3502,3506,3849
3703,3710,3763
3802,3860,3961
3830,4017,4034
3835,4025,4086
4004,4368,4411
4058,4064,4178
4072,4309,4380
4190,4192,4310
4392,4596,4621
4404,4696,4738
4586,4626,4913
4671,4684,4900
4738,4943,4951
4747,4749,4810
4945,5180,5297
5233,5255,5342
5249,5289,5499
5370,5371,5451
3,13,613
79,484,934
114,483,524
234,267,273
333,337,525
460,920,944
591,611,773
650,706,1016
671,974,1176
758,771,1416
811,1287,1309
817,818,1129
1040,1199,1561
1223,1351,1621
1227,1304,1623
1280,1399,1628
1323,1441,1596
1323,1595,1682
1360,1381,1421
1385,1862,1883
1481,1484,1916
1496,1611,1630
1568,1569,1663
1627,1987,2009
2001,2094,2164
2141,2142,2226
2145,2214,2215
2201,2382,2500
2215,2426,2466
2312,2437,2711
2380,2981,3106
2435,2437,2683
2445,2450,2780
2499,2502,2603
2505,2510,2551
2622,2623,2630
2737,2914,2949
2762,2958,3017
2870,2915,3220
2925,2938,3584
3057,3604,3704
3289,3476,3595
3305,3505,3564
3307,3514,3629
3527,3588,3861
3594,3595,3863
3720,4170,4188
3739,3740,3827
3753,3911,4235
3860,3878,3885
3895,4016,4345
3929,4226,4707
3974,4016,4266
4064,4495,4516
4098,4162,4329
4110,4112,4354
4233,4522,4740
4354,4500,4527
4495,4986,5340
4499,4514,4941
4533,4536,4595
4591,4592,4893
4718,4719,4815
4725,4938,4957
4729,4784,4842
5011,5347,5470
5070,5078,5491
5115,5176,5188
5137,5139,5402
5194,5417,5424
5295,5296,5361
5402,5414,5488
39,42,469
55,127,599
207,509,553
211,213,529
340,390,870
691,740,1004
832,1339,1490
937,944,1048
965,966,1076
1010,1011,1495
1042,1102,1160
1149,1182,1349
1307,1310,1412
1316,1566,1645
1321,1324,1385
1350,1635,1708
1438,1451,1664
1442,1686,1727
1605,1716,1810
1625,1781,1803
1648,1652,1807
1669,1673,1971
1914,1928,2192
2018,2019,2178
2076,2084,2371
2155,2218,2358
2175,2327,2348
2207,2228,2386
2330,2438,2749
2396,2398,2665
2403,2658,2729
2422,2487,2746
2486,2488,2920
2539,2542,2691
2576,2710,2845
2602,2728,2879
2703,2859,2880
2713,2870,3029
2729,2863,3022
2809,2814,2905
2867,2906,3026
2917,3020,3310
2984,2986,3413
3018,3039,3141
3116,3118,3326
3133,3142,3411
3164,3457,3707
3368,3420,3937
3447,3449,3787
3904,4453,4579
3992,4038,4509
4098,4101,4163
4098,4102,4329
4121,4394,4424
4178,4652,4675
4225,4227,4306
4253,4323,4392
4272,4347,4371
4274,4715,4773
4359,4383,4532
4502,4987,5125
4525,4528,4808
4596,4663,4935
4607,4628,4668
4702,4704,4948
4731,4915,4926
4860,5243,5278
4899,5077,5180
4922,4923,5269
5060,5067,5439
5068,5109,5369
5068,5290,5485
5150,5151,5421
5374,5375,5463
150,162,320
395,396,558
513,517,567
545,701,723
634,890,987
670,673,1067
673,789,1093
962,998,1058
1040,1041,1126
1041,1074,1229
1134,1135,1433
1220,1520,2000
1288,1311,1350
1301,1739,1773
1326,1368,1800
1453,1743,2013
1602,1603,2035
1612,1614,1889
1748,1751,2264
1753,2149,2220
1944,1986,2215
1947,2201,2233
1986,2028,2463
2164,2319,2340
2245,2247,2593
2264,2558,2614
2307,2310,2381
2316,2596,2651
2340,2343,2857
2384,2487,2773
2522,2524,2766
2597,3074,3098
2669,2678,2689
2736,2741,3037
2745,2749,3044
2820,2897,2964
2834,3153,3284
2911,2914,2949
3046,3381,3647
3149,3314,3322
3193,3351,3434
3226,3432,3699
3285,3289,3333
3306,3503,3522
3374,3693,3709
3488,3489,3793
3495,3604,3845
3627,3668,3862
3631,3737,3869
3683,4120,4139
3838,4030,4092
3979,3981,4315
4168,4172,4226
4252,4259,4545
4257,4263,4552
4300,4311,4587
4308,4310,4631
4373,4376,4379
4381,4611,4731
4398,4399,4765
4398,4622,4773
4428,4443,4486
4435,4436,4883
4478,4526,4904
4545,4548,4555
4598,4600,4879
4639,4640,4930
4699,4702,5005
4880,5038,5302
5384,5386,5454
261,262,622
325,326,610
407,409,447
417,598,608
460,482,505
460,944,965
486,487,613
539,541,573
549,696,1023
897,937,1159
1044,1185,1200
1078,1228,1559
1090,1241,1464
1093,1096,1165
1393,1868,1891
1406,1408,1568
1410,1452,1888
1420,1897,1918
1482,1503,1627
1741,2082,2091
1796,1798,2211
1870,2200,2257
2048,2051,2526
2082,2089,2370
2123,2280,2362
2246,2482,2544
2306,2356,2822
2430,2431,2745
2517,3064,3164
2522,2528,2630
2668,3128,3149
2691,2852,2977
2875,2877,3199
3086,3093,3186
3156,3157,3479
3278,3453,3520
3323,3325,3667
3343,3630,3648
3385,3392,3795
3448,3510,3825
3468,3469,3801
3469,3908,3941
3532,4039,4190
3559,3763,3795
3576,3577,3832
3576,3590,4237
3584,3591,3839
3735,3737,4111
3735,3892,4239
3739,3827,3954
3776,3777,4140
3778,3984,4011
3783,4056,4081
3848,4051,4112
3888,3889,4393
3914,4233,4249
3951,3966,4398
4072,4579,4730
4266,4438,4612
4268,4362,4421
4405,4407,4753
4410,4670,4803
4475,4551,4813
4485,4489,4597
4552,4559,5211
4566,4568,4988
4576,4578,5049
4614,4619,4956
4792,4797,5085
4806,4978,5152
4820,4821,5199
4820,5202,5261
5170,5212,5447
7,127,535
59,80,814
159,161,608
173,178,614
213,248,401
232,257,260
292,856,970
318,329,457
348,364,584
401,403,622
403,410,519
414,417,617
468,469,642
475,632,878
482,505,645
543,612,643
566,729,757
746,866,1030
778,1133,1431
801,846,1133
851,956,1079
1038,1205,1215
1069,1222,1459
1101,1105,1161
1104,1263,1521
1220,1520,1718
1235,1264,1604
1253,1323,1594
1294,1543,1727
1335,1398,1464
1618,1619,1706
1619,1653,1654
1863,1868,2223
1880,1893,2538
2115,2117,2491
2291,2630,2796
2302,2303,2734
2373,2436,2501
2380,2441,2453
2419,2522,2785
2433,2656,2770
2520,2524,2707
2582,2585,3059
2630,3117,3137
2821,2825,3088
2822,2825,3268
2942,3208,3237
3076,3135,3207
3104,3291,3303
3186,3198,3301
3381,3384,3919
3400,3676,3836
3437,3458,3470
3626,3633,3888
3637,3859,3875
3649,3650,3762
3674,3676,3708
3837,3838,4140
3852,4168,4228
4002,4155,4253
4044,4163,4354
4062,4104,4351
4112,4115,4366
4132,4135,4367
4134,4381,4403
4144,4203,4330
4170,4171,4407
4170,4394,4602
4192,4401,4419
4258,4264,4272
4343,4506,4611
4441,4445,4708
4445,4768,4900
4471,4472,4871
4611,4612,4942
4873,5027,5066
4965,5240,5264
5089,5333,5503
19,25,986
181,589,633
189,191,505
226,228,570
253,254,593
518,945,951
650,653,1182
661,1003,1062
672,675,1210
757,1124,1179
760,823,888
813,852,1117
1038,1205,1336
1111,1279,1301
1168,1406,1427
1186,1510,1543
1195,1367,1476
1213,1756,1886
1242,1243,1943
1307,1369,1434
1452,1498,1703
1731,1807,1821
1837,1991,2204
1972,2014,2490
1974,2221,2243
1981,1982,2245
2074,2515,2577
2112,2277,2351
2141,2225,2267
2141,2298,2330
2318,2320,2657
2410,2472,2767
2503,2544,2785
2536,2752,2790
2585,2586,2696
2587,2593,2712
2642,2643,2665
2824,3218,3301
2914,2916,3378
3040,3255,3291
3102,3159,3215
3130,3410,3676
3242,3251,3254
3481,3485,3837
3585,3587,4062
3768,3919,4254
3887,4197,4217
3937,4264,4421
3974,4352,4401
3978,4244,4326
4000,4003,4106
4125,4127,4363
4131,4134,4426
4232,4233,4317
4232,4234,4415
4376,4379,4559
4464,5285,5300
4993,5380,5464
5044,5159,5307
5133,5242,5391
5166,5285,5458
5222,5228,5330
5276,5328,5420
5278,5398,5433
5295,5367,5491
5452,5490,5491
29,989,1005
109,116,126
154,218,565
211,229,540
326,334,644
692,1091,1095
732,853,1077
1051,1429,1488
1065,1134,1135
1065,1433,1496
1150,1358,1364
1243,1286,1663
1256,1258,1592
1372,1413,1665
1469,1558,1648
1497,1688,1888
1544,1837,2087
1603,1730,1764
1663,1844,1947
1767,1793,1905
1848,1855,1967
1984,2531,2629
2120,2284,2334
2197,2370,2531
2370,2371,2799
2410,2740,2797
2511,2524,3162
2588,2626,3109
2633,2635,2710
2667,2824,3103
2763,2780,2954
2765,2965,3024
2873,2877,2984
3067,3070,3131
3142,3426,3685
3178,3192,3344
3429,3433,3496
3451,3457,4145
3455,3457,3848
3616,3636,3675
3622,3624,3868
3628,3687,3765
3630,3631,3873
3748,4229,4245
4215,4281,4412
4343,4378,4397
4618,4653,4769
4785,5247,5271
4793,4865,4963
4806,4818,5113
4849,5004,5272
5036,5372,5451
5064,5069,5131
5089,5372,5411
5213,5216,5274
5242,5391,5467
169,171,545
248,262,401
288,367,435
333,405,419
384,388,480
392,483,504
395,587,617
523,684,707
566,847,906
659,712,1229
686,693,1508
807,820,1036
879,942,998
975,976,1172
1023,1139,1319
1084,1085,1468
1195,1738,1912
1248,1407,1515
1322,1323,1578
1397,1439,1671
1398,1956,2105
1423,1676,1713
1447,1466,1479
1513,1515,1581
1584,2026,2042
1661,1842,1960
1741,2376,2622
1750,1755,2075
1785,1854,1919
1791,1799,2238
1812,1926,2072
1817,2378,2502
1833,1836,1939
1862,2286,2359
1887,1900,2546
2047,2049,2057
2063,2500,2519
2122,2341,2410
2135,2136,2222
2273,2582,2792
2346,2410,2451
2443,2446,2507
2485,2488,2550
2724,2886,3145
2734,2907,2929
2752,2938,3157
3095,3099,3184
3231,3392,3517
3461,3708,3882
3774,3799,3823
3835,3846,3862
3988,4482,4649
4147,4171,4275
4187,4196,4456
4188,4190,4227
4284,4722,4744
4290,4291,4414
4397,4610,4633
4474,4523,4839
4533,4642,4902
4565,4626,4924
4589,4592,4694
4688,4690,5122
4716,4838,4978
4736,4756,4788
5012,5416,5452
5121,5126,5166
5180,5297,5443
5377,5426,5427
5393,5468,5469
5445,5452,5490
11,460,632
74,79,974
191,596,633
373,377,685
449,622,843
532,534,809
553,746,866
581,762,880
635,894,1005
650,657,1182
753,862,1122
781,848,1137
825,827,1103
850,896,1369
879,982,1051
887,1099,1135
1082,1245,1318
1278,1279,1546
1363,1382,1394
1378,1855,1876
1411,1476,1586
1477,1478,1699
1528,1558,1576
1529,1530,1591
1902,1904,2332
1944,1986,2421
2021,2024,2456
2126,2128,2182
2185,2189,2243
2325,2932,3056
2360,2707,2738
2544,2702,2714
2571,2573,2677
2799,3037,3174
2813,3160,3332
2880,2883,3251
2892,2899,3298
2973,3310,3626
2975,2977,3404
3012,3019,3340
3151,3185,3635
3314,3548,3588
3326,3559,3580
3361,3703,3762
3523,4082,4206
3576,3577,4257
3633,3643,3898
3656,3708,3800
3771,3932,3941
3788,3938,3986
3808,3974,4233
3938,4428,4607
4007,4069,4134
4124,4128,4135
4126,4130,4305
4209,4210,4421
4227,4228,4306
4240,4241,4396
4291,4448,4805
4453,4840,5120
4551,4612,4653
4693,4756,4820
4718,5170,5192
4735,4755,4820
4817,4976,5319
4844,5002,5050
4996,5005,5467
4998,5025,5138
5096,5102,5215
5191,5195,5212
5238,5249,5347
96,557,619
141,148,235
145,649,826
212,220,409
514,795,862
665,988,1004
687,1251,1380
704,707,1220
780,826,1253
816,820,1155
836,878,1355
1010,1474,1497
1058,1141,1153
1061,1062,1146
1139,1173,1175
1252,1258,1302
1275,1280,1659
1313,1359,1785
1402,1707,2053
1421,1423,1724
1587,1744,2023
1591,1670,1671
1753,2140,2224
1919,2144,2145
1945,1966,2067
1985,1989,2262
2172,2328,2492
2209,2399,2517
2294,2417,2572
2351,2352,2680
2534,2535,2767
2855,2931,3193
2865,2869,2977
3105,3213,3266
3203,3529,3555
3284,3288,3458
3483,3755,3842
3502,3563,3575
3504,3623,3814
3581,3733,3734
3751,3913,3962
3864,4156,4198
3896,3906,4070
4004,4156,4254
4008,4011,4394
4027,4030,4358
4095,4198,4411
4166,4173,4266
4201,4204,4349
4345,4352,4401
4349,4483,4642
4490,4880,4947
4547,4611,4886
4737,4739,4890
4769,5207,5271
4816,4927,4930
4959,5236,5334
5012,5409,5414
5018,5249,5470
5187,5192,5492
5222,5381,5382
5258,5259,5418
55,540,604
235,244,386
244,490,492
376,441,511
377,442,473
382,385,429
486,664,832
489,650,1016
533,642,687
571,739,761
671,674,1009
698,1026,1153
705,1312,1436
850,894,1141
950,1003,1096
997,1017,1312
1003,1063,1187
1015,1172,1418
1029,1030,1453
1193,1194,1732
1203,1206,1582
1214,1533,1664
1222,1611,1887
1241,1464,1708
1256,1591,1670
1276,1279,1588
1766,1816,2128
1776,2056,2111
1806,1921,2188
1925,1926,2213
1947,2119,2120
1996,2503,2639
2034,2072,2255
2132,2344,2643
2141,2143,2422
2309,2312,2716
2403,2521,2676
2507,2719,2755
2531,3076,3174
2577,2758,2768
2701,3131,3146
2788,2794,2803
2897,2922,3243
2914,3350,3384
2918,2922,2929
2964,3274,3326
3032,3033,3301
3060,3081,3173
3121,3145,3265
3223,3226,3267
3455,3773,3849
3545,3999,4022
3607,3610,3627
3845,4195,4216
3864,4093,4154
3911,3912,4450
3923,4355,4368
3938,3986,4249
3992,3994,4457
4025,4357,4678
4201,4232,4317
4237,4239,4559
4486,4490,4819
4552,4556,4562
4607,4647,4901
4693,4697,4757
4864,5248,5308
4921,5112,5270
5105,5126,5166
5129,5236,5472
5238,5239,5391
5412,5420,5487
140,424,623
155,247,299
176,261,566
239,245,395
241,274,326
270,898,1011
369,611,643
417,853,870
535,536,598
545,574,694
596,782,1022
649,685,1354
724,1066,1135
727,742,1163
728,731,1193
1146,1343,1406
1218,1270,1295
1458,1459,1765
1509,1576,1719
1622,1785,1858
1671,1858,1919
1728,1738,2221
1746,2254,2266
1773,2038,2246
1846,1890,2173
1875,1938,2004
1877,2037,2191
1883,2154,2157
1978,1991,2204
2148,2471,2536
2222,2415,2482
2225,2422,2489
2234,2248,2442
2246,2252,2262
2386,2391,2430
2520,2544,2709
2563,2689,2827
2710,2858,3089
2856,3182,3204
2970,2977,3328
3082,3398,3626
3102,3103,3215
3268,3687,3694
3383,3393,3511
3391,3790,3847
3709,4004,4254
3743,3900,3982
3894,3897,4432
3903,3906,4282
4009,4253,4260
4035,4096,4108
4037,4039,4404
4054,4058,4409
4065,4070,4184
4135,4588,4610
4271,4493,4565
4280,4444,4494
4284,4396,4397
4304,4457,4781
4478,4806,5141
4492,4539,4857
4563,4565,4923
4612,4920,5267
4751,4926,4948
4843,4875,4899
4905,4912,4950
4953,4955,5316
5038,5421,5478
5133,5235,5479
5384,5385,5455
5437,5440,5497
13,256,393
83,379,628
151,171,877
335,617,645
483,785,996
661,1002,1011
723,1211,1564
818,1031,1035
881,1150,1158
1098,1411,1437
1379,1534,1675
1409,1954,2062
1469,1509,1719
1537,1539,1673
1672,1676,1852
1748,1804,2216
1763,1764,2208
1766,1769,2266
1812,1814,2157
1832,1874,2112
1838,1851,2250
1949,2494,2602
2133,2290,2629
2158,2194,2308
2163,2165,2436
2173,2322,2489
2273,2274,2812
2308,2638,2654
2450,2676,2828
2458,2459,2760
2463,2508,2773
2533,2536,2660
2538,2539,2845
2584,2908,3127
2691,2710,2767
2883,3219,3691
2936,3055,3205
3164,3284,3450
3169,3281,3288
3229,3382,3656
3236,3603,3620
3282,3617,3634
3744,3903,3976
3812,3982,4204
3865,3867,4213
3890,3948,4368
4259,4369,4376
4442,4445,4888
4509,4530,4543
4736,4738,4946
4869,5185,5210
4898,5227,5249
4997,5002,5052
5007,5058,5082
5135,5180,5436
5165,5166,5453
5243,5278,5401
5,15,980
69,487,610
108,116,280
140,227,581
205,329,338
213,220,947
290,516,574
343,603,646
403,519,622
606,803,822
754,789,1146
906,952,1161
997,1017,1129
1058,1069,1207
1064,1066,1321
1130,1314,1339
1149,1349,1414
1234,1238,1286
1237,1531,2014
1288,1636,1705
1304,1845,1963
1392,1393,1687
1573,1574,1694
1615,1678,1818
1665,1852,1970
1683,1700,1874
1710,1970,2103
1777,2104,2554
1879,2426,2576
1898,1904,2249
2188,2192,2347
2289,2292,2363
2293,2344,2756
2305,2318,2974
2315,2319,2340
2358,2359,2626
2381,2383,2692
2472,2473,2767
2663,2820,2902
2904,2908,3254
3059,3064,3105
3098,3099,3195
3135,3137,3207
3238,3389,3672
3246,3456,3515
3492,3506,3780
3548,3611,3652
3555,3658,3871
3562,4109,4216
3629,3669,3879
3668,3703,3769
3753,3969,3997
3793,3942,4109
3913,3988,4029
3926,3929,4748
4029,4302,4385
4036,4037,4356
4527,4743,4751
4544,4607,4647
4548,4814,4935
4702,4793,4884
4861,4960,4963
4862,5029,5093
4932,5252,5306
4964,5258,5274
4984,5062,5103
5020,5021,5456
5214,5215,5461
5327,5328,5394
74,142,519
101,196,281
104,105,592
162,169,179
178,188,614
279,282,359
318,326,334
324,327,399
361,362,604
376,380,475
389,394,402
446,449,885
545,698,768
632,880,944
633,897,999
673,799,950
779,783,1143
908,1111,1123
918,926,1027
940,945,951
1087,1447,1469
1270,1756,1892
1304,1367,1407
1368,1415,1847
1494,1497,1697
1557,1563,1669
1623,1624,1691
1663,1841,1860
2100,2550,2609
2210,2397,2414
2216,2405,2619
2225,2579,2594
2233,2445,2564
2248,2463,2486
2339,2354,3002
2344,2465,2686
2351,2352,2759
2415,2419,2765
2461,2524,2565
2478,2501,2775
2547,2550,2766
2601,2602,2672
2670,2934,2959
2723,2950,2991
2865,2870,3258
3003,3005,3480
3057,3159,3293
3125,3303,3326
3192,3193,3315
3204,3363,3436
3272,3665,3692
3278,3279,3607
3281,3465,3583
3353,3356,3699
3405,3410,3798
3443,3486,3752
3566,3567,3821
3700,3860,3878
3752,3913,3964
3909,4483,4648
3974,4349,4403
4029,4030,4386
4039,4320,4384
4062,4067,4107
4120,4155,4260
4250,4714,4737
4293,4347,4450
4303,4347,4457
4304,4374,4416
4409,4421,4650
4446,4966,5268
4467,4471,4863
4488,4794,4806
4601,4605,4940
4660,4661,4930
4784,5077,5329
4854,4857,4891
4993,5044,5343
5066,5180,5289
5084,5187,5473
5135,5140,5180
5276,5391,5410
21,138,546
70,549,554
176,259,343
197,460,482
400,459,515
507,664,943
617,855,894
664,716,1132
684,952,957
893,919,925
1000,1160,1178
1268,1313,1570
1384,1449,1689
1398,1419,1521
1562,1563,1585
1581,1588,1723
1762,2036,2224
1786,2094,2119
1909,1913,1930
1972,2014,2228
2305,2312,2321
2336,2493,2601
2407,2411,2473
2608,2732,2887
2630,3094,3117
2668,2825,3164
2695,2947,2973
2891,2893,3430
2915,3069,3168
3001,3272,3321
3062,3068,3347
3074,3077,3509
3114,3117,3550
3245,3248,3274
3413,3417,3480
3414,3719,3750
3474,3541,3834
3478,4019,4137
3515,3517,3763
3535,3541,4225
3896,4222,4239
4009,4481,4503
4081,4628,4773
4128,4135,4425
4257,4263,4369
4262,4263,4285
4412,4663,4761
4487,4817,5300
4688,4689,4947
4762,4881,4888
4954,5270,5307
5015,5019,5040
5173,5174,5395
10,791,996
87,96,863
176,316,590
389,401,658
395,872,895
410,412,844
596,785,999
665,1059,1107
704,710,755
870,872,1114
891,904,1120
985,993,1267
992,994,1080
1000,1460,1484
1151,1160,1172
1426,1430,1605
1581,1614,1769
1623,1625,1692
1630,1778,2009
1661,1665,1710
1694,1702,1714
1743,1746,2126
1780,1781,2216
1803,2139,2264
1840,1901,1913
1853,1855,2110
1860,1906,2333
1869,1870,2143
1876,1911,2242
2139,2294,2613
2162,2171,2174
2172,2173,2483
2239,2247,2599
2370,2371,3065
2427,2430,2437
2444,2875,2896
2447,2678,2761
2468,2531,2572
2497,2503,2752
2570,2680,2700
2580,2590,2863
2720,2878,3139
2776,3102,3124
3061,3496,3515
3170,3341,3612
3191,3195,3259
3199,3359,3721
3271,3283,3306
3461,3463,3927
3520,3560,3816
3524,3525,3833
3541,3688,3801
3738,3747,3758
3746,3901,4244
3798,3799,4111
3834,4133,4196
3900,3977,4044
3977,3981,4043
4051,4052,4353
4139,4186,4617
4191,4193,4624
4221,4223,4298
4228,4514,4741
4336,4490,4753
4467,4470,4492
4509,4513,4532
4542,4865,4931
4573,4601,4838
4616,4621,4661
4765,4773,4885
4766,4769,5205
4816,4975,5253
4836,4868,4991
5056,5103,5358
5100,5105,5145
5145,5150,5480
5320,5321,5364
43,636,647
153,158,207
183,201,635
360,363,382
435,443,501
633,635,996
726,841,988
729,753,860
810,813,1168
962,965,1439
963,971,1088
1198,1212,1254
1444,1462,1503
1613,1722,1767
1754,1764,1883
1917,1921,2137
1954,2062,2177
1977,2257,2622
2023,2149,2287
2113,2235,2264
2118,2287,2419
2190,2471,2536
2271,2275,2663
2311,2647,2974
2463,2505,2743
2485,2504,2516
2570,2572,2784
2584,2713,2716
2722,2881,2950
2831,2832,3370
2845,2859,2898
2858,2980,3196
2959,3240,3304
3047,3048,3321
3082,3173,3264
3098,3572,3595
3140,3142,3173
3244,3311,3312
3353,3356,3804
3357,3872,3885
3600,3618,3632
3605,3616,3828
3759,3914,4233
3810,3981,3999
3813,3984,4011
3829,3836,3873
3893,3896,4344
3927,3951,3965
3948,3955,4367
3955,3956,4372
3961,4531,4690
4054,4067,4287
4084,4088,4308
4096,4103,4753
4109,4216,4332
4169,4171,4277
4264,4265,4715
4282,4442,4770
4561,4628,4917
4579,4924,5239
4642,4873,4876
4844,4846,4914
4855,4856,4918
4855,4857,5107
4971,5026,5096
5002,5126,5400
5283,5408,5500
5440,5495,5497
38,453,527
90,772,896
151,171,631
167,347,356
178,487,561
278,280,361
368,811,872
393,482,572
431,432,907
516,563,668
580,599,751
680,1015,1178
681,684,1068
755,909,1008
857,859,1107
872,875,1307
897,992,1080
949,1004,1062
998,1058,1115
1078,1114,1228
1154,1168,1362
1301,1303,1612
1442,1444,1727
1585,1744,1863
1661,1665,1956
1667,1912,1953
1714,1967,2031
1838,1851,2496
1852,1859,2511
1854,1872,1885
1890,2010,2175
1907,2221,2560
2173,2330,2489
2180,2245,2247
2181,2185,2462
2216,2219,2399
2289,2366,2648
2327,2589,2801
2436,2459,2754
2442,2484,2919
2461,2732,2781
2588,2591,3066
2590,2870,3136
2698,2849,3132
3123,3248,3340
3137,3308,3329
3352,3430,3432
3386,3389,4208
3410,3569,3800
3448,3489,3749
3475,3718,3884
3604,3663,3790
3611,3816,3824
3651,3846,4041
3839,4030,4244
3876,4137,4232
3986,3987,4364
4060,4601,4716
4062,4107,4361
4335,4487,4508
4336,4340,4482
4379,4570,4784
4568,4778,4785
4642,5189,5296
4659,4762,4831
4661,4663,4934
5070,5075,5468
45,59,607
51,349,375
147,423,640
163,181,630
339,343,352
347,353,470
495,875,892
499,586,632
503,505,829
553,556,575
595,782,803
624,853,870
644,938,954
718,1104,1159
769,1013,1020
1041,1202,1560
1318,1865,1977
1386,1678,1718
1581,1796,2099
2032,2037,2150
2072,2073,2258
2133,2349,2377
2162,2317,2598
2381,2853,2875
2542,2656,2809
2590,2720,2862
2652,2727,2751
2664,3102,3124
2678,2833,3110
2792,3040,3104
2806,3130,3163
2817,3683,3700
2818,2827,3492
2952,2953,3647
2994,3002,3661
3103,3209,3229
3114,3152,3335
3146,3148,3178
3158,3218,3275
3238,3241,3273
3268,3272,3427
3365,3375,3496
3392,3510,3624
3407,3446,3566
3509,3512,3570
3601,3602,3840
3642,3643,3755
3704,3997,4249
3741,3774,3781
3789,3791,3794
3818,3880,3993
3888,3889,4601
3910,3913,4307
3971,4227,4416
3980,4328,4359
4063,4084,4192
4121,4273,4274
4284,4440,4522
4316,4418,4518
4528,4642,4876
4560,4606,5033
4591,4865,4868
4681,4682,4945
4976,4986,5150
5103,5105,5376
5105,5459,5495
5409,5411,5414
5,11,980
19,25,643
66,430,542
116,118,595
460,638,899
546,548,753
790,1120,1177
828,875,1307
846,848,1138
857,899,1131
981,1052,1174
1128,1553,1560
1181,1432,1454
1185,1484,1505
1386,1615,1616
1490,1492,1704
1585,1639,1739
1709,1716,1724
1774,1829,2365
1791,1806,2238
1966,2029,2083
2099,2205,2250
2108,2109,2203
2110,2117,2600
2126,2281,2624
2231,2461,2501
2298,2302,2692
2321,2804,3094
2466,2758,2798
2550,2552,3025
2819,2876,3292
3050,3091,3327
3262,3320,3421
3319,3538,3573
3396,3676,3731
3478,3590,3723
3507,3510,3868
3546,3838,3878
3569,4075,4222
3601,3807,3819
3637,3644,3748
3692,3775,3837
3766,3770,4202
3816,3821,3871
3858,3861,4201
4196,4198,4406
4447,4462,5120
4457,4464,4965
4523,4566,4988
4561,4584,4893
4618,4887,5048
4812,4814,5255
4855,5006,5326
4886,5053,5072
4901,5085,5203
5020,5138,5251
5268,5271,5474
5352,5427,5451
10,13,502
61,138,464
64,210,221
157,161,467
163,173,630
220,409,509
384,733,985
499,770,828
746,748,1030
836,838,1313
864,869,909
866,868,1122
876,881,1184
890,987,1069
894,895,1163
1200,1254,1323
1251,1259,1698
1283,1287,1751
1309,1592,1631
1386,1388,1678
1399,1400,1690
1440,1504,1627
1608,1934,1992
1710,1713,2077
1713,1968,2080
1762,1835,2172
1806,1848,2107
1922,1926,1933
1971,1974,1981
2286,2557,2780
2304,3125,3175
2312,2590,2752
2321,2544,2550
2354,2732,2781
2373,2376,2479
2388,2507,2652
2391,2752,2790
2487,2489,2747
2520,2541,2633
2570,2607,2793
2605,2607,2614
2633,2634,2803
2705,2858,2928
2752,2938,3183
2910,2924,3331
2947,2967,2979
2982,3024,3271
2982,3028,3460
2987,3096,3186
3001,3041,3310
3051,3058,3280
3072,3076,3118
3137,3138,3613
3324,3616,3658
3350,3408,3828
3454,3924,3947
3503,3505,3810
3504,3506,3814
3514,3518,3869
3537,3643,3757
3565,3584,3596
3615,3616,3851
3620,3666,4140
3670,3792,3800
3687,3764,3834
3796,3950,4216
3922,4465,4593
3926,3976,4442
4244,4357,4417
4292,4455,4804
4308,4310,4350
4516,4564,4980
4657,4660,4695
4727,4736,4840
4841,4998,5030
4848,4850,4890
4927,5130,5250
5064,5087,5193
5107,5130,5414
5282,5284,5318
5323,5325,5416
155,241,295
224,304,358
465,951,971
486,656,830
678,705,818
801,803,1045
1055,1212,1283
1061,1062,1187
1077,1233,1545
1086,1118,1180
1090,1238,1466
1149,1352,1410
1175,1177,1542
1222,1223,1654
1244,1247,1610
1247,1249,1786
1248,1554,1566
1271,1273,1604
1455,1691,1723
1484,1671,1683
1501,1532,1617
1522,1641,1648
1773,2003,2038
1777,2071,2261
1782,1783,2483
1806,1911,2197
1828,2050,2245
1875,1879,2225
1952,1955,2119
1970,2030,2067
2001,2005,2060
2022,2040,2052
2113,2114,2264
2173,2327,2366
2222,2223,2569
2428,2472,2737
2441,2452,3100
2491,2495,2512
2593,2595,2661
2833,3110,3300
2969,3535,3690
3025,3044,3056
3064,3277,3280
3089,3148,3178
3192,3194,3315
3211,3212,3290
3440,3447,3559
3447,3663,3880
3522,3564,3811
3627,3668,4146
3884,4178,4194
3936,3940,4195
4023,4295,4382
4064,4066,4338
4102,4210,4333
4119,4122,4223
4195,4215,4280
4503,4839,4964
4522,4873,5176
4577,4583,4944
4615,4621,4888
4617,4680,4743
4626,4628,4958
4643,4647,4952
4822,4882,4940
4864,5015,5046
4890,5171,5236
4944,4956,5170
4992,4995,5377
53,440,638
118,568,618
196,222,237
221,227,378
244,246,554
331,332,383
401,673,950
443,611,620
659,666,1526
806,956,1060
835,841,1525
856,869,1513
1325,1365,1637
1388,1703,2040
1439,1486,1917
1801,1805,1910
1884,2158,2159
1886,2427,2542
1917,2023,2137
1966,1970,2145
2048,2050,2083
2438,2719,2789
2457,2520,2583
2690,2843,3124
2698,2701,2904
2753,2759,2795
2886,2991,3277
2917,3071,3284
3031,3035,3052
3054,3057,3303
3109,3127,3138
3127,3133,3252
3149,3587,3651
3303,3326,3338
3434,3809,4089
3495,3556,3568
3861,4089,4204
3887,4216,4248
3956,4078,4292
3971,4310,4742
3999,4004,4044
4035,4039,4385
4100,4363,4421
4205,4206,4680
4222,4348,4499
4282,4286,4343
4471,4498,4542
4517,4586,4893
4563,4681,4836
4572,4586,4860
4579,5126,5276
4730,4750,4783
4792,4793,4800
4860,5011,5242
4902,5083,5142
5213,5275,5328
5227,5248,5338
5391,5400,5410
100,104,198
196,225,362
225,364,609
294,303,560
427,436,552
441,510,590
465,466,515
538,541,744
585,768,887
585,772,890
616,617,942
621,846,965
723,724,1049
761,763,1227
781,785,1137
885,927,1146
885,931,1167
906,953,1384
1057,1162,1210
1101,1108,1158
1166,1402,1464
1174,1183,1425
1275,1288,1936
1367,1476,1566
1371,1372,1647
1550,1551,1685
1583,1585,1909
1583,1696,1725
1668,1711,1719
1710,1964,2103
1712,2023,2061
1759,2092,2101
1800,1803,2171
1886,2140,2160
1923,1925,2179
1939,1941,2198
1944,1946,2191
1949,1970,2011
1978,1982,1988
2077,2097,2392
2092,2097,2205
2130,2288,2645
2251,2503,2639
2424,2734,2786
2484,2486,2731
2533,2553,2566
2541,2545,2635
2829,2863,2869
2900,3231,3280
2913,2916,3019
2955,2959,3305
3149,3587,3606
3202,3206,3320
3257,3426,3541
3434,3548,3693
3476,3478,3745
3499,3780,3844
3592,3637,3859
3669,3730,3881
3688,3801,3858
3718,3733,3855
3789,3791,4105
3800,3804,3951
3857,3869,4068
3946,3950,4279
3950,4491,4654
4049,4052,4110
4240,4241,4284
4279,4444,4494
4283,4396,4425
4374,4676,4734
4476,5104,5317
4527,4871,5294
4534,4536,4841
4631,4634,4737
4755,4756,4821
4808,4810,5080
4836,4883,4988
4849,5002,5239
4892,4938,4941
5034,5035,5341
5052,5059,5173
5228,5230,5465
41,116,483
80,486,821
108,113,124
198,200,503
217,218,576
311,346,394
501,664,716
518,529,667
576,764,916
615,939,991
618,842,993
666,937,1160
734,848,1112
740,742,1119
754,1190,1224
901,1119,1292
904,963,1090
941,944,1376
1036,1471,1478
1261,1265,1326
1264,1266,1606
1266,1807,1928
1347,1360,2006
1467,1509,1719
1476,1515,1711
1586,1642,1643
1590,1671,1802
1616,1617,1677
1757,1760,2265
1788,1790,2207
1834,1836,2142
1915,1943,2599
1923,1928,1968
2008,2012,2066
2030,2050,2083
2094,2205,2212
2111,2115,2249
2153,2154,2541
2299,2632,2641
2305,2312,2715
2308,2312,2569
2565,2679,2782
2706,2858,2905
2718,3035,3052
2742,2801,2920
2828,2880,3251
2906,2907,3187
2924,3076,3288
3041,3043,3344
3228,3554,3612
3306,3322,3501
3347,3676,3708
3374,3812,3824
3447,3791,3887
3490,3816,4145
3801,3804,3808
3821,3824,3828
3923,3933,4051
3932,4210,4372
3934,3941,4427
3971,4227,4234
4139,4181,4616
4163,4165,4638
4297,4450,4789
4341,4507,4628
4380,4577,4583
4519,4521,5058
4549,4793,4963
4722,5069,5280
4814,4974,5048
4821,5036,5339
4824,4825,4936
4899,5074,5137
5346,5358,5461
192,205,338
214,215,269
236,237,744
425,426,900
448,565,572
524,526,781
537,541,646
724,726,1135
765,772,1173
893,993,1076
933,937,944
949,950,1062
955,973,984
1061,1218,1250
1061,1342,1409
1219,1223,1482
1232,1510,1672
1261,1329,1601
1263,1751,2104
1328,1538,1545
1381,1444,1485
1484,1485,1698
1580,1712,1794
1667,1849,1866
1744,2138,2221
1787,2117,2262
1873,1901,2138
1882,1945,2011
2076,2077,2399
2160,2220,2224
2195,2241,2243
2217,2407,2433
2303,2313,2734
2339,2347,2781
2507,2509,2983
2682,3115,3136
2820,2895,2909
3010,3052,3287
3172,3173,3245
3266,3322,3429
3276,3458,3616
3329,3572,3595
3347,3656,3708
3374,3497,3652
3516,3519,3536
3534,3539,3876
3550,3594,3841
3731,3737,3953
3732,3897,3971
3877,3879,4247
4116,4117,4372
4134,4141,4245
4162,4276,4429
4184,4618,4681
4223,4400,4616
4260,4710,4728
4364,4544,4792
4483,4487,4526
4629,4642,5287
4636,4640,4961
4749,4751,4959
4950,5201,5207
5011,5410,5467
5156,5201,5470
5271,5273,5426
163,173,876
165,168,195
234,315,590
264,266,445
278,283,411
384,447,525
682,1231,1353
775,777,1034
874,937,1175
901,1107,1119
1069,1224,1492
1605,1606,1674
1780,2115,2178
1822,1935,2195
1881,1883,2356
2072,2155,2217
2092,2099,2205
2193,2369,2386
2259,2529,2534
2318,2549,2770
2327,2328,2646
2333,2403,2674
2349,2353,2416
2382,2691,2717
2452,2689,2760
2500,2501,2770
2529,2531,2802
2574,2577,2777
2689,3112,3117
2696,2757,2758
2747,2992,3033
2816,2817,3264
2816,3264,3299
2878,3034,3142
3111,3545,3608
3232,3234,3509
3256,3410,3676
3280,3703,3710
3407,3409,3946
3407,3737,4220
3489,3608,3763
3531,3753,3757
3555,3594,3841
3735,3893,4224
3864,3876,4090
3899,3952,4321
3918,3997,4312
4019,4030,4417
4054,4061,4287
4168,4513,4765
4194,4232,4415
4278,4287,4298
4327,4474,4791
4419,4689,4795
4562,4802,4965
4638,5196,5345
4755,4757,4951
4860,5011,5238
4891,5062,5124
4975,5147,5256
5016,5317,5321
5235,5467,5479
5253,5263,5358
5338,5352,5504
5398,5399,5434
56,125,538
162,172,319
310,436,552
352,796,815
382,428,622
465,622,640
519,636,647
543,545,816
546,547,579
585,588,592
592,778,1023
653,962,1172
734,848,993
855,916,958
949,1249,1507
1075,1331,1348
1132,1136,1312
1157,1395,1434
1200,1203,1276
1271,1273,1810
1276,1279,1742
1288,1402,1636
1334,1376,1635
1337,1607,1608
1391,1395,1619
1566,1576,1587
1567,1576,1630
1605,1762,1810
1682,1878,1937
1695,1906,1923
1778,1826,2204
1897,1899,2174
1954,2017,2255
2030,2160,2296
2062,2346,2608
2111,2179,2272
2121,2128,2263
2130,2211,2342
2324,2372,2686
2336,2658,2752
2374,2409,2528
2429,2455,2460
2469,2472,2800
2480,2648,2649
2489,2779,3139
2653,2654,2774
2742,2743,3073
2805,3103,3158
2878,3261,3534
2967,2974,3196
3120,3127,3253
3129,3196,3339
3240,3300,3304
3492,3493,4187
3510,3511,3825
3515,3560,3816
3557,3602,3840
3624,3630,3791
3642,3989,4200
3654,3691,3869
3759,4234,4250
3837,4027,4053
3928,4257,4265
3946,4428,4613
3947,3986,4363
4000,4063,4128
4004,4044,4349
4099,4100,4390
4180,4190,4447
4420,4709,4749
4480,4815,4878
4548,4667,4812
4645,4664,4676
4946,5179,5200
4990,5313,5387
5051,5390,5505
5064,5085,5097
5115,5118,5177
5177,5222,5460
5219,5224,5265
252,279,411
510,774,799
513,733,752
808,850,1103
817,819,1245
900,903,920
1069,1222,1496
1255,1257,1794
1323,1434,1538
1350,1357,1470
1363,1366,1427
1519,1525,1641
1540,1541,1584
1596,1755,1774
1729,1735,2233
1803,2139,2611
1823,1866,2132
2151,2312,2437
2178,2337,2400
2311,2433,2710
2356,2362,2403
2374,2810,2844
2491,2556,2666
2531,3037,3174
2623,2630,2683
2815,3198,3493
2881,2885,2946
2908,2931,2970
2971,3447,3469
2975,3020,3276
2997,3598,3711
3004,3605,3716
3067,3130,3189
3127,3133,3402
3190,3223,3230
3252,3256,3260
3262,3537,3604
3457,3497,3805
3496,3498,3969
3590,3875,4236
3608,3610,4042
3688,3812,3967
3705,4191,4211
3803,3827,3960
3906,4177,4400
3908,3960,4477
3914,4037,4192
3915,4754,4774
3942,3943,4643
4049,4615,4770
4106,4108,4540
4205,4383,4406
4389,4589,4654
4408,4646,4667
4667,5144,5165
4711,4947,4953
4799,4916,5092
4853,4854,5241
4882,5157,5224
5056,5059,5368
5254,5258,5468
5256,5346,5473
5307,5308,5386
107,316,564
155,161,299
188,478,484
240,245,253
274,561,568
366,414,617
385,655,936
410,412,566
472,479,585
535,791,808
660,663,736
789,1049,1093
834,842,1501
935,1281,1501
955,1009,1073
1073,1230,1252
1217,1273,1810
1277,1838,1962
1305,1308,1315
1348,1351,1823
1375,1381,2065
1381,1641,1648
1447,1471,1575
1478,1697,1908
1482,1539,1595
1517,1994,2018
1567,1611,1894
1703,1932,2051
1746,2017,2024
1755,2594,2614
1912,2118,2138
2001,2059,2070
2057,2058,2202
2074,2515,2532
2178,2179,2491
2398,2753,3051
2450,2883,2948
2669,2842,2966
2702,2869,2933
2743,2921,2940
2778,3008,3153
2792,2802,3038
2887,2902,3323
2926,2968,3216
3017,3063,3495
3031,3051,3063
3135,3136,3332
3139,3141,3149
3229,3384,3652
3234,3391,3462
3245,3426,3468
3339,3609,3614
3426,3974,4088
3638,3639,4111
3671,3672,3787
3738,3749,3840
3756,3788,3911
3767,3770,3977
3811,3823,3846
3853,4033,4183
3865,4103,4216
3901,4228,4293
3918,3921,3944
3993,3997,4362
4048,4051,4296
4058,4064,4409
4071,4191,4347
4107,4112,4223
4130,4227,4309
4162,4253,4344
4271,4275,4409
4289,4454,4583
4317,4471,4520
4366,4367,4659
4372,4558,4777
4376,4565,4776
4414,4667,4731
4520,4632,4743
4534,4970,5004
4626,4628,4918
4636,4643,5293
4636,4649,4880
4703,4705,5178
4789,5084,5334
4873,5022,5189
4975,5096,5425
4984,4985,5427
5013,5278,5486
5052,5166,5312
5159,5165,5314
5161,5201,5470
5177,5219,5451
5211,5224,5440
5241,5245,5300
5257,5479,5495
187,478,484
421,424,735
492,497,526
533,690,712
624,853,914
650,653,1520
667,676,1340
670,671,995
947,956,1216
1053,1107,1210
1293,1358,1638
1311,1852,1970
1451,1668,1711
1466,1471,1478
1505,1506,1677
1507,1509,1570
1679,1870,2084
1888,1930,2183
1979,1981,2211
2088,2160,2180
2130,2131,2211
2280,2283,2356
2360,2624,2691
2417,2687,2688
2479,2914,2977
2601,2670,2750
2724,2779,2787
2731,2743,2766
2821,2824,3213
2828,2833,2884
3004,3065,3077
3302,3653,3668
3400,3800,3836
3418,3804,3859
3442,3793,3865
3476,3482,3595
3489,3762,3845
3490,3816,3879
3694,3695,3834
3707,3714,3821
3838,4028,4051
3844,3847,4158
3892,3897,4224
4000,4004,4366
4060,4081,4121
4204,4349,4403
4226,4258,4276
4240,4400,4418
4301,4303,4582
4473,5291,5306
4547,4573,4578
4568,4995,5067
4604,4606,5033
4744,4889,4943
4750,5030,5296
4841,4926,4998
4877,4880,4884
4946,5156,5179
5099,5103,5108
5241,5242,5404
5398,5399,5486
5453,5459,5495
81,83,542
222,231,550
352,796,859
449,450,886
507,664,940
521,605,647
667,674,684
783,1056,1143
880,881,1150
899,945,1158
983,1420,1484
1087,1088,1118
1134,1321,1346
1330,1656,1985
1388,1492,1719
1409,1644,1699
1481,1521,1710
1504,1649,1703
1531,1534,1709
1543,1550,1603
1591,1753,1802
1848,1851,2112
1900,2009,2107
2018,2019,2491
2087,2088,2154
2130,2210,2254
2281,2608,2673
2284,2336,2752
2356,2400,2661
2409,2683,2766
2571,2755,2766
2574,2612,2795
2677,2679,3004
2711,2860,3136
2730,2897,2924
2826,3097,3104
2836,2851,3507
2864,2915,3220
2887,2902,3549
3009,3016,3256
3082,3123,3337
3280,3284,3450
3358,3373,3840
3550,3592,3827
3577,3605,3828
3613,3616,3740
3681,3752,3874
3714,4011,4259
3851,3866,4055
3865,4109,4216
3887,4174,4197
3961,3965,4070
3962,3966,4304
4005,4012,4413
4208,4210,4243
4312,4389,4422
4352,4522,4744
4534,4810,4850
4567,4571,4633
4661,4813,4814
4722,4743,4867
4759,4761,4832
4988,5042,5345
5219,5261,5471
5268,5306,5488
119,130,284
232,289,577
264,272,280
378,379,625
416,436,468
437,438,489
628,890,931
664,1049,1332
853,1306,1328
1073,1465,1520
1171,1416,1559
1197,1725,2021
1267,1275,1929
1334,1379,1669
1346,1630,1687
1398,1402,1629
1448,1449,1707
1453,1457,1474
1453,1473,1486
1536,1538,1545
1695,1903,1928
1830,1831,2259
1835,1994,2154
1848,2107,2181
1862,2157,2282
1881,1923,2400
1890,1897,2248
1900,1940,2196
1918,1920,2210
1936,1940,2261
1992,2039,2471
2022,2023,2135
2051,2528,2550
2093,2095,2170
2100,2550,2568
2178,2333,2405
2264,2556,2642
2373,2376,2435
2426,2680,2700
2524,3065,3169
2583,2585,2797
2583,2706,2738
2622,2623,2683
2726,2893,2912
2748,3173,3180
2815,2987,3207
2856,3484,3697
2858,2906,3169
2984,3201,3205
3218,3373,3650
3364,3643,3841
3365,3531,3645
3374,3709,3812
3424,3426,3835
3432,3434,3777
3795,3947,4015
3810,4091,4156
3958,4499,4621
4063,4086,4377
4162,4311,4387
4173,4177,4288
4262,4283,4396
4289,4454,4464
4429,4434,4525
4528,5022,5189
4558,4579,4619
4632,4635,4899
4645,4648,4665
4660,4695,4963
4811,4879,4972
4820,5199,5263
4825,4857,4982
4859,4861,4893
4926,4942,5121
5117,5387,5388
5193,5370,5371
5201,5344,5474
5270,5272,5390
146,148,490
238,610,926
267,315,634
409,520,540
442,726,988
482,483,645
655,1038,1141
846,853,965
870,912,1138
911,929,969
916,1416,1559
1055,1489,1510
1153,1333,1483
1258,1365,1673
1294,1730,1764
1395,1705,2047
1455,1456,1691
1483,1485,1599
1516,1644,1791
1555,1712,1958
1587,1744,2020
1599,2054,2074
1661,1664,1668
1806,1870,1911
1809,1813,1876
1811,1813,2144
2036,2038,2161
2104,2105,2555
2120,2502,2561
2162,2169,2248
2239,2458,2493
2382,2704,2772
2387,2413,2418
2402,2668,2697
2466,2695,2696
2563,2601,2790
2670,2833,2882
2685,2686,2754
2712,2878,3034
2815,3358,3532
2821,2898,2900
2899,2901,3236
2906,2908,3190
2989,3549,3672
3033,3034,3291
3189,3190,3282
3202,3262,3320
3356,3406,3742
3359,3412,3781
3451,3479,4138
3764,4021,4046
3865,4100,4217
3985,3988,4268
4036,4303,4457
4084,4685,4796
4116,4130,4376
4119,4452,4720
4171,4407,4413
4203,4205,4417
4207,4213,4482
4319,4406,4468
4340,4755,4763
4341,4504,4625
4406,4616,4639
4440,5055,5181
4447,4456,5120
4560,4605,4877
4631,4693,4755
4639,4641,4866
4723,4778,4895
4762,4888,5039
4772,4855,4917
5055,5060,5439
5082,5391,5417
5262,5263,5375
53,56,474
107,564,619
206,458,465
299,576,610
307,559,712
325,327,612
370,592,630
754,1030,1070
776,778,1157
787,810,1094
803,1279,1301
907,910,927
930,1154,1362
930,1406,1427
936,1026,1153
1047,1477,1484
1229,1232,1636
1233,1498,1706
1253,1367,1642
1263,1755,2104
1459,1463,1498
1580,1962,2021
1613,2001,2062
1692,2008,2068
1741,2068,2133
1808,1811,2273
1926,2155,2156
1932,1935,2260
2140,2305,2433
2182,2341,2410
2284,2336,2639
2389,2633,2640
2449,2469,2481
2479,2480,2770
2493,2745,2761
2654,3095,3153
2684,2842,2890
2706,2707,2739
2717,2879,3001
2854,2906,3284
2922,3244,3312
3257,3260,3264
3331,3583,3719
3392,3393,3796
3395,3424,3764
3555,3616,3658
3613,3637,3746
3626,3636,3726
3676,3804,3951
3693,3982,4204
3772,3773,3848
3792,3793,4103
3806,4084,4151
3842,4035,4102
3994,4243,4427
4001,4439,4473
4114,4177,4415
4126,4129,4188
4215,4223,4281
4258,4260,4276
4272,4514,4556
4286,4617,4684
4293,4450,4789
4312,4313,4422
4396,4726,4742
4463,4744,4908
4603,4626,4917
4621,5162,5313
4721,4764,5199
4728,4731,5163
4740,4747,4873
4875,5098,5138
4943,5176,5290
5014,5021,5507
5034,5339,5370
5107,5175,5438
5136,5159,5454
5224,5283,5410
5333,5403,5472
5402,5409,5488
6,13,189
56,236,541
333,411,528
364,877,1014
492,555,650
522,681,704
572,742,960
635,904,1004
729,1290,1457
829,897,1142
871,893,992
1026,1027,1153
1070,1505,1520
1245,1312,1324
1258,1641,1914
1277,1300,1407
1339,1880,2036
1341,1387,1861
1346,1409,1449
1364,1585,1739
1607,1608,1704
1700,1712,1916
1771,2107,2434
1804,1925,2146
1832,1834,2146
1856,1862,1975
1975,1976,2123
2008,2353,2605
2022,2369,2580
2053,2062,2177
2112,2117,2146
2121,2284,2336
2143,2146,2187
2362,2908,3022
2408,2835,2907
2441,2452,2678
2468,2508,2773
2470,2516,2989
2607,2609,2689
2658,2669,2760
2665,2697,2822
2677,2782,2830
2758,2948,2971
2761,2991,3111
2814,2817,3195
2834,2963,3230
2842,2966,3240
2870,2938,2978
2896,2899,3362
2956,3223,3377
3225,3226,3593
3370,3708,3773
3461,3741,3929
3566,3568,3728
3717,3723,4012
3718,3719,3732
3805,3972,4093
3825,4008,4015
3830,4014,4039
3918,3921,3994
3924,4418,4422
4039,4289,4309
4088,4635,4744
4123,4670,4803
4141,4143,4575
4148,4149,4384
4153,4173,4186
4209,4211,4276
4272,4435,4556
4666,4727,4739
4874,5029,5093
4952,5200,5264
5038,5194,5302
5172,5291,5439
5183,5187,5192
5238,5244,5250
5413,5429,5485
4,13,94
88,154,526
146,487,584
292,625,967
330,339,996
418,623,631
537,691,740
572,739,992
778,1023,1173
782,1206,1226
960,963,1088
1069,1140,1141
1311,1858,1970
1312,1319,1715
1417,1420,1455
1463,1464,1710
1586,1742,2070
1669,1859,1977
1749,2323,2488
2272,2275,2662
2293,2842,2966
2323,2355,2785
2338,2721,2994
2449,2453,2515
2482,3023,3136
2519,2565,2778
2548,2607,2685
2746,2930,2988
3016,3029,3260
3029,3136,3252
3045,3087,3306
3073,3093,3106
3127,3136,3252
3202,3361,3704
3222,3655,3676
3266,3544,3611
3271,3295,3436
3572,3575,3739
3638,3857,4068
3783,3784,3851
3986,4249,4267
4102,4643,4756
4168,4259,4274
4312,4313,4388
4318,4529,4546
4408,4623,4646
4488,4647,4755
4587,4600,5246
4629,4636,5287
4644,4649,4689
4663,5204,5343
4734,4775,5213
4912,5338,5344
4916,5102,5342
4960,5228,5250
5008,5338,5354
5187,5441,5473
5201,5353,5354
5229,5335,5468
5243,5245,5433
0,2,248
42,528,570
88,93,530
94,486,588
136,137,466
148,552,627
186,216,353
326,334,484
435,499,586
439,448,719
487,531,814
524,682,730
616,833,850
686,689,1186
715,716,1038
720,766,1234
766,812,1284
831,1101,1117
832,894,1163
851,854,912
865,888,1156
876,877,1132
948,986,1168
986,988,1018
1108,1158,1159
1208,1215,2071
1214,1224,1343
1218,1221,1294
1306,1309,1774
1319,1330,1978
1364,1366,1571
1488,1527,1713
1497,1933,1994
1624,2008,2068
1629,1631,1634
1707,1947,1952
1758,2322,2495
1825,2089,2108
1922,1926,2258
1970,2103,2209
2090,2091,2575
2228,2249,2261
2247,2487,2603
2347,2362,2783
2352,2697,2758
2360,2367,2479
2366,2486,2650
2496,2501,2804
2524,2624,2737
2662,2881,2950
2687,2688,2784
2707,2738,2739
2740,2795,2797
2758,2926,2948
2839,2844,3126
3057,3598,3704
3120,3130,3403
3217,3547,3606
3371,3710,3876
3394,3397,4214
3408,3740,3826
3454,3703,3710
3520,3581,3858
3553,4028,4051
3627,3630,4104
3630,4083,4106
3828,4011,4257
3856,4182,4204
3984,4007,4113
3991,3997,4685
4142,4144,4386
4239,4570,4782
4294,4578,4637
4421,4672,4694
4523,4528,4569
4546,4551,4590
4610,4613,4882
4656,4657,4912
4731,5165,5184
4788,4789,4962
4858,4861,5064
4946,4958,5177
4997,5004,5505
5106,5108,5372
5110,5440,5497
5421,5425,5481
28,217,519
84,91,102
191,220,272
208,238,289
208,289,607
410,606,801
577,593,637
602,603,949
626,862,924
790,1116,1445
859,1063,1095
862,883,924
880,882,1152
1013,1014,1183
1058,1215,1485
1168,1430,1471
1191,1194,1315
1409,1471,1713
1461,1805,2059
1464,1470,1631
1523,1524,1666
1619,1769,2052
1793,1797,1860
1891,2340,2367
1954,2188,2238
2059,2065,2339
2166,2167,2260
2313,2543,2578
2356,2403,2658
2388,2395,2774
2535,2536,2803
2638,2639,2652
2654,2774,2775
2693,2847,2878
2695,2758,2898
2741,2925,3043
2824,2825,3219
2835,3674,3694
2852,2970,3084
3188,3190,3282
3223,3382,3455
3248,3251,3347
3300,3500,3656
3406,3714,3739
3597,4144,4244
3613,3635,3722
3624,3782,3794
3644,3843,4034
3729,4153,4176
3732,3733,4063
3732,3737,3766
3742,3802,3860
3821,3828,3871
3825,4018,4130
3997,4538,4696
4016,4022,4397
4029,4030,4303
4154,4155,4399
4287,4444,4720
4320,4380,4384
4435,4436,4828
4476,4777,4781
4568,4571,4989
4692,4694,5128
4760,4793,4870
4841,4843,4925
4968,4978,5461
5066,5349,5442
5130,5133,5488
5210,5251,5487
5234,5237,5392
5318,5325,5376
223,282,781
260,263,721
279,409,528
301,379,630
375,378,399
434,471,955
500,659,1021
512,545,697
602,949,970
613,825,830
723,725,1050
877,880,915
988,1274,1501
1014,1121,1171
1259,1274,1701
1469,1735,2016
1567,1576,1690
1639,1865,1905
1666,1847,1912
1807,1822,2243
2068,2181,2238
2164,2165,2232
2218,2410,2472
2311,2858,2980
2662,2822,3150
2683,2810,2844
2801,3096,3135
2820,2874,2943
2875,2877,3414
2884,3209,3296
3018,3022,3249
3061,3267,3279
3169,3464,3714
3187,3348,3527
3207,3366,3637
3467,3470,3528
3600,3621,3713
3665,3843,3866
3694,4135,4197
3779,3866,3928
3871,4116,4259
4063,4066,4127
4220,4223,4658
4348,4514,4741
4459,4486,4488
4753,4762,4877
4807,4816,4930
4816,4827,4968
4823,4936,4965
4848,5171,5236
4852,5010,5032
4921,5116,5151
5235,5236,5471
5333,5335,5410
93,657,1015
201,790,904
253,255,713
297,876,1025
362,475,608
454,455,525
587,771,873
660,664,1054
683,684,1115
701,924,930
842,855,1115
852,1117,1147
865,868,930
1100,1104,1251
1104,1266,1528
1245,1852,1976
1269,1273,1292
1271,1610,2042
1301,1773,1795
1461,1465,1520
1533,1655,1815
1570,1577,2060
1674,1864,1881
1778,1780,2179
1823,1827,2291
1944,1949,1989
2077,2079,2399
2133,2353,2372
2162,2175,2316
2226,2489,2529
2318,2366,2744
2445,2447,2780
2465,2665,2731
2567,2572,2690
2580,2581,2729
2674,2676,2955
2703,2705,2976
2715,2739,2864
2760,2960,3116
2787,3027,3032
2820,2900,3246
2830,3153,3227
2864,2870,2915
2956,2991,3322
2992,3015,3054
3040,3042,3243
3300,3497,3657
3454,3489,3608
3538,3539,3829
3593,3693,3776
3657,3658,3863
3715,3872,4118
3741,3745,3799
3764,3765,3835
3806,3862,3969
3904,4072,4183
4008,4274,4395
4078,4079,4380
4095,4336,4405
4128,4283,4284
4223,4660,4724
4363,4394,4408
4484,4535,4840
4520,4527,4639
4555,4556,4885
4616,4618,4875
4680,4683,4700
4710,4712,5185
4730,4783,4876
4737,4918,4928
4804,4949,4956
4948,5186,5207
4958,5221,5243
5112,5117,5123
5150,5153,5422
5244,5411,5488
43,403,622
77,437,484
188,189,565
201,599,635
285,289,298
347,356,467
361,803,822
456,462,751
716,1019,1038
802,805,864
884,888,1185
1044,1045,1156
1129,1133,1431
1238,1728,1907
1276,1324,1740
1407,1412,1523
1430,1669,1676
1504,1538,1598
1602,1685,1686
1659,1837,1940
1661,1851,1963
1686,1883,1946
1769,1772,2176
1837,1900,1940
1844,2385,2503
1946,1948,2202
1949,2056,2172
2002,2151,2227
2116,2275,2556
2176,2243,2245
2260,2266,2526
2335,2337,2874
2406,2408,2828
2540,2586,3060
2833,3220,3500
2964,3238,3239
3097,3098,3319
3103,3229,3367
3109,3113,3128
3177,3178,3192
3227,3441,3459
3312,3628,3688
3368,3375,3884
3408,3410,3827
3414,3418,3750
3754,3756,4035
3968,4017,4431
3972,4316,4377
4018,4565,4677
4049,4053,4392
4092,4211,4359
4125,4167,4644
4156,4410,4797
4397,4612,4674
4472,4518,4862
4498,4605,4913
4728,4730,4767
4740,4743,4751
4824,4965,4980
4826,4882,4883
4855,4918,5058
5262,5266,5320
5280,5283,5291
5322,5327,5436
15,645,941
66,103,105
194,195,250
215,295,349
542,554,628
667,676,1144
706,1014,1039
795,904,1145
912,914,1138
928,1019,1034
1053,1106,1162
1087,1088,1447
1210,1533,1607
1325,1437,1539
1459,1487,1600
1526,1529,1708
1528,1814,2073
1537,1557,1852
1618,1829,1846
1620,1771,1998
1641,1814,1928
1687,1900,2009
1817,1886,2193
1861,1864,1925
1977,2200,2257
1999,2002,2151
2111,2115,2179
2121,2286,2640
2152,2307,2338
2520,2523,2585
2594,2596,2628
2698,2904,2931
2730,3014,3072
2830,2834,3095
2868,2875,3032
2942,3160,3182
2960,2967,3618
3036,3044,3697
3338,3601,3623
3398,3426,3468
3439,3441,3776
3715,3716,4161
3805,3809,4089
3843,4102,4142
3922,4320,4384
4033,4039,4727
4071,4293,4297
4154,4155,4387
4194,4196,4232
4433,4434,4972
4468,4494,4496
4545,4558,5204
4565,4605,4877
4590,4597,4948
4696,4755,4827
4882,4940,5041
5006,5060,5440
5052,5380,5459
108,119,275
179,180,695
206,207,509
253,255,558
303,308,632
377,379,551
490,497,980
518,673,950
544,928,988
583,606,759
754,755,1060
809,835,840
1207,1222,1684
1262,1266,1604
1311,1423,1559
1323,1578,1649
1730,1784,2150
1742,2048,2254
1750,1751,2075
1778,1900,2116
1811,2304,2620
1828,1851,1890
1859,1870,2257
1861,2420,2545
1993,1996,2120
2142,2575,2596
2155,2156,2258
2294,2613,2744
2304,2572,2577
2363,2409,2669
2420,2424,2431
2503,2756,2793
2654,3099,3151
2660,2824,2874
2678,2761,2773
2788,2800,3024
2826,3346,3648
2911,2917,3339
2915,2921,3074
2920,2981,2993
3096,3135,3331
3178,3184,3192
3222,3223,3655
3242,3249,3328
3272,3275,3435
3275,3447,3663
3291,3452,3475
3376,3390,3430
3376,3391,3847
3467,3470,3572
3493,3521,4180
3493,3531,3862
3767,3919,4254
3790,3844,3847
3824,3877,3879
3831,3992,4015
3928,3933,4212
3937,3940,4263
4004,4551,4663
4084,4147,4209
4103,4107,4412
4210,4340,4482
4330,4481,4704
4338,4497,4560
4361,4368,4411
4428,4438,4921
4488,4820,4906
4504,4511,4915
4507,4515,5169
4686,4732,4941
4720,4725,4731
4908,5089,5333
4968,4984,5461
4990,4993,5387
5060,5324,5391
5080,5083,5142
5155,5158,5193
5172,5175,5500
5217,5312,5400
5275,5295,5360
5284,5318,5378
5316,5317,5453
5449,5452,5456
147,149,745
161,218,565
221,231,377
287,292,418
429,490,641
542,705,778
564,726,988
617,808,830
715,717,1040
760,821,833
802,863,875
920,962,1160
943,1213,1487
1020,1168,1174
1164,1181,1187
1179,1449,1454
1204,1205,1647
1213,1264,1563
1213,1288,1329
1277,1298,1310
1283,1287,1599
1290,1298,1957
1327,1331,1348
1364,1795,1862
1379,1604,1605
1400,1406,1721
1564,1709,1716
1631,2057,2071
1691,1897,1918
1863,2136,2223
2139,2267,2574
2152,2229,2262
2163,2439,2456
2188,2607,2614
2344,2351,2755
2435,2477,2912
2583,2584,2708
2622,2627,2736
2651,2655,2719
2819,2824,2876
2838,2865,2978
2955,3018,3084
3020,3283,3341
3036,3041,3047
3048,3050,3317
3153,3269,3275
3197,3345,3641
3371,3674,4194
3445,3889,4066
3467,4033,4193
3493,3499,3769
3530,3533,3802
3765,3917,4241
3873,4137,4239
3905,4071,4185
3938,4276,4390
3955,4215,4412
3977,3998,4010
4058,4332,4369
4069,4629,4752
4437,4965,5261
4442,4785,4954
4462,4512,4919
4538,4542,4549
4556,4675,4825
4678,4682,4688
4728,4770,5206
4743,4751,4868
4793,4800,4865
4842,4998,5030
4867,4898,4899
4869,5016,5343
4929,5245,5300
4944,5173,5234
4989,5066,5348
5248,5249,5354
5303,5304,5446
303,316,564
361,803,866
399,402,836
521,523,802
649,655,1153
695,699,769
994,995,1065
1033,1155,1184
1042,1046,1103
1054,1338,1397
1196,1586,1642
1227,1278,1302
1262,1263,1565
1271,1527,1534
1536,1542,1657
1632,1791,1954
1710,1711,2097
1961,2113,2114
2037,2228,2428
2195,2368,2590
2285,2679,2727
2346,2451,2737
2346,2725,2781
2354,2396,2646
2403,2408,2763
2443,2462,2474
2494,2717,2724
2515,2516,2663
2623,2689,2716
2735,2907,3123
2903,2907,3219
3006,3125,3298
3045,3092,3565
3355,3527,3636
3411,3419,3858
3447,3937,4250
3517,3947,4015
3567,3569,3827
3594,3595,3841
3599,3646,4077
3732,3734,3855
3909,3986,4268
3950,4498,4654
3954,4259,4290
3990,3991,4685
4021,4024,4041
4040,4047,4698
4088,4403,4740
4131,4138,4360
4133,4136,4194
4139,4144,4185
4159,4187,4456
4301,4385,4427
4356,4357,4419
4446,5288,5309
4535,4853,4929
4574,4579,4619
4579,4642,4682
4602,4607,4647
4603,5162,5286
4615,4643,4884
4714,4716,4755
4722,4740,4752
4813,4934,4971
4879,5038,5145
4893,5178,5203
5006,5011,5060
5011,5038,5082
5024,5072,5386
5054,5168,5313
5113,5141,5378
191,245,552
243,265,282
254,256,620
299,307,641
403,513,566
417,419,570
558,713,785
577,789,908
612,932,986
639,909,914
748,1096,1165
971,972,1087
1022,1023,1045
1103,1330,1371
1113,1398,1423
1135,1299,1322
1180,1186,1446
1189,1194,1285
1231,1280,1544
1245,1250,1638
1367,1598,1681
1377,1442,1685
1503,1630,1717
1696,1909,1935
1705,1949,2056
1739,1742,2263
1784,1836,2298
1847,1851,2210
1877,1879,2191
2010,2486,2507
2157,2360,2624
2162,2316,2643
2229,2545,2600
2241,2469,2584
2274,2277,2651
2355,2368,2785
2435,2437,2864
2480,2486,2597
2538,2546,2809
2599,2601,2672
2707,3070,3087
2741,2745,2790
2752,2756,2932
2763,2956,2975
2810,2817,3342
2836,2843,3274
2876,3033,3141
2903,2951,3369
2984,2985,3293
3095,3152,3236
3116,3231,3250
3362,3705,3874
3380,3680,4160
3396,3398,3731
3466,3508,3756
3483,3738,3809
3531,3532,3807
3730,3732,3795
3895,4287,4393
3912,3915,4450
4033,4061,4298
4068,4113,4365
4213,4215,4281
4374,4673,4736
4378,4593,4632
4413,4668,4780
4469,4800,4960
4472,4473,4876
4530,4535,4928
4577,4737,4891
4743,4745,4870
4806,4816,4827
4889,4895,4943
4897,5074,5109
4905,4909,5204
4907,4928,5086
4985,5308,5440
5127,5130,5137
5208,5477,5505
60,69,169
202,238,289
235,386,555
277,331,583
296,350,591
331,382,864
342,346,536
343,514,515
393,394,620
672,675,1053
697,700,1023
762,1071,1097
788,1088,1211
799,839,1129
880,915,1020
891,894,901
908,909,1144
918,929,1189
1029,1457,1474
1031,1099,1192
1038,1049,1140
1164,1456,1498
1428,1435,1725
1488,1491,1694
1537,1557,1669
1632,1633,1707
1845,1852,2504
1855,1857,2114
1903,1970,2236
1937,1982,2220
1946,1948,2380
2085,2086,2569
2163,2164,2263
2271,2349,2417
2293,2836,2966
2344,2346,2686
2357,2362,2733
2433,2770,3086
2550,2551,2793
2666,2780,2821
2677,3007,3066
2783,3012,3019
2824,2876,3292
2842,3116,3304
2977,3407,3428
2981,2985,2990
3047,3049,3193
3204,3646,3662
3205,3366,3439
3432,3439,3838
3538,3573,3689
3764,3765,3876
3806,3807,4084
3807,3971,3994
3870,3873,4237
3878,4141,4163
3956,3963,4371
3982,4483,4642
4012,4025,4671
4032,4040,4320
4054,4058,4064
4191,4625,4644
4301,4461,4484
4350,4631,4696
4498,4542,4851
4582,4691,4929
4691,4749,4816
4710,4712,4874
4751,4752,5227
4840,4851,5127
4884,5046,5305
4904,5084,5334
4921,4933,5260
4998,5001,5024
5060,5179,5408
5157,5222,5465
5283,5284,5408
72,118,178
234,238,612
240,249,933
274,842,993
326,484,614
480,481,544
562,620,721
718,1101,1374
762,769,880
783,894,998
975,1041,1172
1134,1176,1321
1145,1342,1409
1195,1476,1693
1217,1222,1272
1223,1224,1655
1311,1423,1672
1328,1755,1827
1397,1402,1442
1432,1477,1699
1681,1879,2030
1732,2078,2135
1949,2239,2599
1988,1990,2141
2009,2107,2230
2020,2027,2129
2056,2172,2247
2089,2196,2259
2209,2216,2253
2301,2304,2839
2315,2365,2388
2391,2452,2493
2457,2460,2564
2503,2745,2752
2558,2559,3031
2578,2701,2786
2637,2638,2652
2675,2806,2829
2685,2686,3053
2707,2800,2905
2921,3201,3389
3116,3250,3385
3189,3190,3613
3239,3561,3578
3404,3410,3455
3454,3456,3762
3460,3521,3533
3553,3554,4027
3680,3683,3866
3745,3904,4023
3797,3801,3858
3808,4227,4234
3852,4056,4081
3904,4447,4579
4057,4487,4555
4058,4339,4409
4195,4196,4313
4323,4475,4506
4369,4373,4415
4576,4577,4896
4584,4894,4946
4590,4597,4710
4625,5102,5123
4626,4918,4958
4699,4738,4861
4706,4711,4817
4776,4777,5099
4788,4790,4880
4812,5054,5096
4841,5125,5184
4965,5263,5318
4994,5388,5430
5017,5311,5501
5044,5343,5369
5168,5435,5483
5173,5174,5457
5277,5278,5491
5488,5494,5503
16,36,212
23,332,406
64,71,418
116,526,595
168,659,693
249,254,260
260,723,788
467,468,475
568,987,994
670,993,1067
820,860,1116
996,1002,1291
1101,1267,1388
1120,1139,1291
1140,1337,1497
1152,1359,1376
1222,1611,1687
1320,1362,1614
1613,1770,1792
1712,1960,1979
1753,1828,1869
1844,1996,2208
1844,2208,2251
2098,2100,2188
2156,2157,2520
2250,2253,2617
2412,2417,2423
2429,2433,2772
2478,2542,2709
2513,2613,2696
2529,2768,2802
2561,2601,2790
2569,2869,3127
2652,2657,2686
2656,2767,2770
2852,3130,3179
2868,3027,3135
2884,2886,3226
2911,2917,3605
2950,3276,3339
3006,3013,3338
3265,3269,3323
3279,3454,3517
3317,3532,3594
3421,3425,3486
3538,3540,3750
3574,4074,4228
3580,3795,3831
3602,3846,3887
3749,3922,4046
3918,3945,4058
3923,3924,4355
3950,4018,4058
4049,4111,4177
4051,4325,4328
4079,4081,4375
4161,4162,4324
4330,4704,4710
4431,4434,4508
4451,4754,5274
4482,4498,5155
4551,5098,5210
4556,4558,4825
4589,5155,5310
4619,4915,4956
4670,4909,4916
4790,4791,5275
4811,4815,4879
4825,4986,5059
4845,5213,5276
4852,4853,4962
4990,5328,5393
5271,5272,5499
5328,5329,5394
17,41,792
87,91,144
109,113,124
227,229,574
245,247,629
305,362,604
342,415,468
361,363,521
370,418,623
467,474,758
499,767,832
515,602,603
523,526,567
531,540,550
534,659,693
967,969,1030
994,1164,1390
1039,1199,1561
1084,1235,1266
1219,1246,1248
1379,1675,1716
1383,1425,1902
1406,1408,1840
1427,1429,1903
1451,1711,2092
1484,1485,1717
1577,2042,2063
1593,1599,1809
1741,1742,2070
1846,1849,2168
2040,2043,2051
2090,2091,2142
2136,2168,2291
2153,2310,2332
2197,2374,2409
2447,2761,3100
2558,2777,2988
2629,2924,3174
2677,2726,2727
2684,2686,2941
2687,2730,2784
2778,2779,3145
2843,2853,2971
2881,3451,3610
2928,2929,3261
2936,2942,3055
2977,3407,3475
3162,3169,3276
3197,3683,3700
3210,3477,3494
3296,3700,3722
3308,3511,3528
3378,3402,3417
3448,3942,4109
3461,3899,3933
3516,3583,3855
3733,3891,3974
3813,3989,4006
3955,3956,4278
3956,4291,4370
3976,3979,4442
4130,4677,4779
4156,4198,4403
4161,4505,4759
4184,4185,4398
4330,4478,4706
4436,4437,4919
4454,4789,4892
4560,4602,5032
4616,4618,5093
4636,4643,4880
4851,5018,5140
5011,5060,5440
5030,5075,5380
5054,5168,5432
5088,5091,5352
11,14,564
93,146,307
298,300,753
334,335,621
366,368,808
534,691,762
558,559,871
561,564,568
564,723,981
726,1274,1388
743,786,1052
832,1140,1487
858,1416,1565
927,968,1446
1005,1006,1489
1159,1381,1528
1214,1343,1610
1323,1325,1683
1417,1455,1723
1611,1620,1630
1642,1643,1917
1733,2042,2252
1810,2079,2155
2024,2026,2126
2054,2057,2532
2055,2056,2252
2154,2311,2382
2278,2287,2760
2282,2283,2821
2382,2389,2771
2421,2423,2896
2430,2713,2745
2469,2482,2716
2674,2676,2762
2701,3131,3180
2715,2938,2978
2839,3470,3712
2850,2853,3238
2860,3195,3258
2998,2999,3289
3086,3091,3098
3089,3355,3636
3285,3478,3590
3287,3317,3329
3317,3324,3336
3360,3485,3754
3459,3501,3745
3464,3504,3809
3607,3611,3729
3778,3814,3928
3948,4281,4367
3993,4054,4066
3999,4044,4349
4140,4143,4205
4166,4176,4266
4222,4506,4765
4375,4562,4583
4422,4762,4793
4806,4976,4986
4823,4824,4965
4975,5028,5448
5064,5088,5353
5163,5208,5473
5171,5233,5295
5263,5265,5379
55,416,604
62,67,968
94,501,587
161,764,916
171,588,631
195,251,712
195,255,713
236,545,548
353,600,625
368,371,609
429,430,490
569,575,623
583,614,628
607,610,926
724,1049,1136
782,783,1038
1026,1196,1370
1193,1502,1712
1203,1206,1741
1226,1276,1588
1228,1510,1622
1244,1292,1757
1313,1358,1632
1439,1485,1698
1478,1930,1952
1504,1633,1636
1575,1577,1638
1578,1587,1598
1601,1603,1882
1603,1647,1757
1852,1856,1862
1926,1933,2258
1953,1954,2211
1980,2004,2169
2022,2026,2042
2093,2100,2165
2125,2362,2403
2157,2161,2266
2229,2262,2429
2269,2277,2320
2313,2803,3087
2346,2461,2608
2554,2595,2791
2599,2608,2879
2671,2828,3185
2671,3049,3108
2706,2708,2913
2754,2944,2961
2855,2858,3193
2887,2892,3298
2933,2978,3252
3017,3062,3300
3047,3259,3295
3160,3620,3644
3376,3383,3814
3429,3450,3463
3458,3462,3469
3466,3469,3934
3480,3522,3952
3543,3588,3853
3559,3561,3786
3717,3718,3732
3863,4092,4099
3889,3897,3940
3951,3956,3963
4099,4101,4358
4291,4414,4502
4642,4880,4947
4725,4833,4886
4761,4769,4832
4767,4769,4849
4829,4996,5126
4886,5167,5226
4964,5258,5314
5054,5077,5117
5208,5320,5477
6,15,48
11,422,632
73,77,413
103,658,798
216,219,296
398,424,458
424,553,556
694,745,1011
773,815,1063
804,1109,1121
913,916,1040
973,975,983
1032,1197,1271
1108,1112,1267
1209,1243,1249
1234,1285,1551
1308,1311,1694
1403,1407,1412
1449,1451,1688
1491,1675,1686
1500,1507,1633
1615,1617,1677
1686,1702,1881
1766,1769,2588
1768,2050,2162
1787,2049,2057
1794,2278,2418
1806,2354,2468
1972,2017,2239
1975,1976,2449
2029,2033,2085
2030,2032,2150
2215,2234,2400
2327,2589,2597
2444,2875,2942
2675,2762,2763
2915,3074,3234
2989,3009,3021
3003,3049,3523
3019,3020,3310
3060,3399,3618
3068,3283,3459
3128,3131,3606
3224,3484,3501
3248,3401,3710
3283,3461,3524
3325,3569,3676
3412,3459,3777
3457,3611,3709
3475,3897,3917
3497,3499,3864
3636,3904,4183
3638,3639,3735
3816,3821,4117
3909,3943,3949
3916,3930,3970
4050,4333,4365
4106,4107,4361
4178,4367,4397
4181,4221,4410
4250,4737,4757
4312,4589,4654
4314,4473,4495
4480,4880,4916
4694,4697,4929
4797,4803,4909
4976,5366,5422
5077,5329,5499
5091,5152,5193
5126,5229,5487
5276,5278,5486
24,28,384
30,50,210
49,702,875
57,965,1015
221,238,377
288,877,1021
293,303,436
298,754,773
535,537,787
574,771,810
661,738,740
710,1258,1414
760,764,1126
788,1059,1088
848,911,952
1088,1241,1550
1271,1272,1600
1294,1295,1632
1327,1349,1455
1339,1886,2036
1433,1436,1534
1527,1529,1609
1665,1669,1964
1773,2591,2640
1776,1781,2058
2085,2260,2526
2161,2591,2640
2193,2481,2498
2275,2328,2748
2288,2342,2645
2682,3119,3134
2706,2916,2975
2804,3153,3182
2945,3006,3304
3104,3538,3557
3114,3116,3152
3122,3158,3218
3203,3316,3345
3301,3496,3531
3392,3796,3832
3398,3895,4067
3404,3455,3760
3494,3540,4014
3591,3604,4242
3614,3615,3859
3631,3731,3798
3669,3671,3879
3713,3790,3804
3791,4217,4264
3896,3897,4344
3964,4079,4227
3972,3979,4093
4048,4053,4092
4120,4121,4390
4175,4176,4284
4201,4205,4232
4307,4308,4404
4329,4645,4670
4356,4361,4657
4438,4447,4920
4473,4960,4963
4548,4812,4934
4565,4677,4919
4584,4858,4859
4659,4722,4778
4672,4717,4939
4830,4831,4911
4838,4993,5267
4842,4925,4926
4860,5013,5278
4934,4935,5255
4969,5020,5419
4973,5320,5492
5109,5222,5323
5183,5194,5424
5203,5339,5445
10,125,127
144,423,431
161,364,469
195,198,659
277,304,307
281,598,638
348,357,1007
385,448,478
514,516,795
515,953,968
547,910,927
627,867,872
668,720,1091
721,726,1106
866,1074,1099
881,883,1184
954,991,1169
983,1151,1160
1018,1033,1155
1027,1071,1354
1042,1265,1326
1212,1215,1750
1231,1630,1687
1253,1321,1386
1308,1309,1641
1346,1449,1707
1507,1513,1782
1617,1769,2085
1619,1621,1938
1655,2043,2051
1774,1823,2139
1803,2061,2069
1944,1990,2422
1947,1949,2252
1968,1975,2265
2172,2328,2335
2199,2231,2246
2239,2454,2608
2667,2826,3097
2782,3005,3024
2788,3026,3047
2920,2983,3048
2928,3041,3178
3058,3062,3347
3281,3285,3330
3377,3432,3839
3437,3441,3459
3514,3518,3524
3556,3560,3566
3713,3783,3852
3833,4023,4028
4006,4050,4333
4018,4559,4677
4092,4093,4387
4167,4208,4402
4168,4172,4260
4185,4293,4346
4400,4618,4637
4544,5091,5203
4596,4599,4660
4639,4640,4896
4698,4704,4871
4749,4757,4810
4768,4885,4892
4857,4861,4966
4874,5185,5210
4889,5060,5067
4985,5116,5379
5178,5199,5301
5239,5242,5391
5242,5333,5424
5249,5251,5357
36,41,405
58,70,83
122,126,653
152,158,207
283,453,565
289,290,607
361,571,583
626,632,642
680,681,1219
686,741,1278
764,1125,1416
849,862,1507
920,963,1177
1112,1282,1504
1219,1504,1618
1419,1752,2020
1532,1533,1718
1626,1833,1900
1855,2117,2146
1891,2165,2168
1945,1964,1976
2204,2257,2259
2275,2658,2953
2330,2375,2680
2339,2347,3002
2422,2531,2769
2524,2799,3167
2589,2591,2799
2630,2784,2801
2648,2743,2866
2663,2664,2777
2663,2823,2896
2709,2711,3025
2814,2817,3352
2971,2972,3444
3030,3034,3075
3252,3260,3327
3279,3457,3560
3382,3771,3847
3448,3471,3510
3530,3533,3742
3753,3757,3862
3833,4023,4141
3963,4299,4424
4004,4545,4663
4021,4044,4353
4042,4107,4366
4077,4140,4203
4228,4352,4507
4481,5297,5311
4522,4895,4943
4568,4778,4966
4596,4619,4914
4602,4648,5080
4612,5119,5270
4630,4676,5149
4635,4674,4921
4644,4686,5121
4658,4660,5135
4754,4757,5232
4818,4985,4995
4820,4984,5034
4869,4871,4874
4936,5262,5284
5043,5044,5456
5059,5312,5498
5192,5193,5445
5369,5380,5464
5372,5379,5504
24,29,450
240,256,933
374,422,899
374,426,900
423,424,640
530,683,1014
530,965,1015
578,579,907
611,620,632
637,902,908
651,655,1043
677,680,1502
683,693,811
707,708,1128
776,1044,1156
918,919,1225
923,958,1081
952,1067,1110
1083,1085,1356
1127,1309,1326
1152,1183,1356
1188,1203,1246
1232,1636,1672
1253,1319,1331
1262,1563,1604
1491,1493,1924
1532,1534,1620
1613,2005,2060
1640,1798,2059
1784,1787,2150
1808,1814,1856
1870,1911,2181
1903,1922,1934
1980,1983,2000
2065,2073,2347
2136,2295,2367
2196,2201,2251
2203,2234,2248
2303,2424,2578
2587,2589,2650
2816,2826,2990
2852,3249,3254
2858,2860,3259
2875,3362,3720
3027,3032,3332
3045,3047,3283
3050,3335,3696
3186,3364,3532
3236,3600,3622
3275,3663,3671
3277,3280,3299
3357,3400,3524
3488,3491,3755
3489,3749,3793
3586,3649,3703
3837,4143,4160
3899,3957,4494
3974,4522,4635
4145,4149,4422
4200,4203,4211
4205,4681,4703
4356,4544,4696
4429,4480,4879
4436,4610,4828
4553,4555,4810
4559,4563,4923
4590,4591,4873
4658,4704,4945
4825,4891,4915
4826,4981,5324
4852,4854,5129
4907,5152,5193
4920,4921,5267
4999,5003,5262
5051,5052,5459
5112,5120,5400
5126,5189,5229
5190,5192,5434
5250,5251,5487
5302,5421,5428
5393,5394,5469
211,229,919
334,336,823
367,663,933
525,526,594
742,764,804
759,761,1077
846,965,1138
970,1100,1242
1089,1405,1430
1210,1213,1607
1266,1381,1648
1447,1450,1511
1473,1477,1484
1554,1851,2097
1570,1603,1760
1700,1921,2025
1749,1824,1890
1752,1755,2137
1964,1977,2616
2016,2284,2560
2106,2118,2221
2121,2154,2161
2140,2149,2160
2179,2338,2445
2314,2321,2807
2355,2360,2739
2431,2880,2907
2442,2444,2694
2512,2554,2768
2620,2621,2664
2627,2632,2918
2696,2846,3166
2718,2719,3031
2970,2971,3285
3103,3105,3219
3193,3194,3344
3197,3662,3683
3243,3516,3541
3264,3423,3681
3285,3288,3292
3289,3293,3335
3360,3975,4101
3367,3382,3844
3386,3441,3978
3403,3407,3446
3416,3423,3538
3431,3432,3839
3488,3915,3934
3539,3694,3835
3665,3692,3777
3681,3758,3870
3748,3874,3886
3758,3915,4185
3807,3819,3843
3959,3964,3971
3967,3972,4378
4074,4079,4085
4272,4335,4430
4302,4735,4756
4358,4687,4709
4616,4661,4930
4644,4690,5122
4685,4689,4694
4693,4696,4820
4855,4857,4917
4883,4918,4937
4933,5152,5263
5017,5344,5501
5185,5188,5250
5210,5459,5495
5468,5489,5501
8,230,239
93,653,1015
132,140,227
166,170,307
286,311,314
318,326,484
318,337,483
332,337,447
502,508,562
577,580,637
689,692,1096
831,832,1162
930,932,1089
1090,1464,1470
1148,1351,1368
1253,1258,1642
1308,1315,1427
1374,1379,1385
1491,1493,1646
1533,1645,1701
1951,1955,2018
2123,2283,2356
2171,2597,2644
2188,2238,2239
2321,3137,3151
2380,2384,2746
2479,2481,2913
2700,2851,3078
2917,3284,3339
2943,2948,3061
3034,3268,3318
3061,3496,3559
3246,3398,3445
3326,3536,3559
3359,3366,4226
3382,3780,3844
3480,3482,3899
3523,3526,3543
3525,3803,3860
3548,3693,3805
3608,4043,4062
3655,3675,3740
3734,4175,4233
3850,4058,4178
3882,4163,4223
3927,3930,4001
4243,4250,4303
4270,4435,4488
4380,4384,4699
4392,4708,4768
4431,4512,4855
4435,4818,4921
4459,4462,4858
4498,4881,5154
4539,4581,5056
4565,4897,4957
4565,5071,5224
4672,4714,4928
4821,4825,4879
4856,4857,4917
4988,5044,5456
5009,5340,5500
5027,5029,5349
5071,5109,5466
5201,5203,5474
5222,5466,5507
5272,5481,5499
13,664,832
16,28,43
36,41,409
122,185,650
166,821,946
384,388,446
474,771,1017
619,838,873
732,734,1077
754,1030,1220
773,775,1030
922,1238,1469
944,946,1102
991,1022,1047
1009,1304,1554
1114,1311,1350
1133,1323,1441
1204,1205,1599
1205,1544,1648
1367,1873,2023
1439,1481,1691
1459,1462,1765
1560,1561,1624
1721,1994,2018
1751,1754,2192
1901,1912,2138
1972,1975,2207
1985,1989,1994
2061,2062,2132
2068,2185,2192
2246,2456,2479
2273,2620,2792
2302,2426,2700
2352,2354,2758
2388,2647,2721
2417,2423,2784
2497,2503,3177
2632,2639,2925
2657,2816,3159
2892,3159,3220
3071,3288,3331
3178,3179,3192
3535,3538,3573
3609,3614,3715
3670,3950,4216
3769,3840,3841
3815,4203,4211
3846,4046,4149
3937,3939,4476
4000,4601,4726
4042,4105,4171
4102,4407,4753
4127,4129,4273
4190,4320,4456
4192,4310,4404
4209,4270,4421
4276,4437,4711
4318,4353,4406
4471,4870,4927
4554,4558,4914
4736,4738,4861
4981,4986,5310
5102,5368,5397
5165,5167,5454
5355,5357,5418
5362,5368,5422
33,41,116
112,118,566
171,474,631
234,370,612
250,278,332
406,430,463
421,425,452
421,445,565
430,552,560
447,454,526
497,656,999
683,804,958
780,782,1041
902,904,1146
916,1132,1170
1028,1029,1123
1089,1168,1236
1089,1236,1563
1133,1330,1444
1134,1324,1341
1157,1169,1368
1188,1204,1873
1474,1478,1950
1543,1545,1609
1672,2098,2104
1790,1949,2056
1826,2089,2107
2036,2311,2538
2055,2063,2121
2076,2082,2197
2093,2094,2263
2179,2215,2234
2311,2710,2767
2324,2327,2840
2371,2409,2766
2396,2402,2777
2399,2403,2408
2538,2544,2550
2634,2741,2791
2890,3376,3512
2943,2945,3216
2966,3307,3618
2973,3075,3319
3173,3243,3312
3206,3361,3704
3211,3212,3586
3268,3434,3693
3455,3774,3848
3496,3531,3651
3700,4184,4205
3831,4018,4079
3860,4081,4185
3884,4178,4234
3891,3967,3981
3904,3905,4299
3922,4311,4387
3947,4437,4795
4035,4038,4141
4069,4072,4382
4140,4204,4327
4249,4368,4538
4298,4381,4393
4360,4783,4790
4361,4551,4663
4431,4435,4823
4520,4639,4868
4672,4714,5190
4828,4966,5268
5059,5401,5506
5070,5084,5491
5210,5343,5449
23,449,465
136,464,546
179,512,697
235,542,549
265,272,636
324,397,412
650,708,1128
656,706,1042
694,749,1285
700,701,1100
707,1037,1182
814,818,1169
1116,1295,1301
1313,1355,1784
1351,1827,1849
1368,1410,1654
1447,1450,1467
1482,1486,1540
1534,1535,1605
1577,2063,2080
1593,1750,2089
1646,1813,1832
1656,1661,1957
1824,1829,1891
1879,2160,2224
2074,2075,2145
2140,2303,2313
2303,2699,2733
2334,2338,2670
2351,2840,3160
2431,2907,2929
2433,2472,2737
2557,2668,2780
2680,2845,2973
2781,3006,3013
2790,2791,3177
2794,3047,3111
2831,3134,3336
2956,3223,3226
2960,2973,3250
3011,3075,3312
3068,3070,3305
3127,3136,3402
3190,3223,3380
3217,3371,3695
3279,3520,3560
3371,3674,3876
3421,3451,3456
3479,3483,3488
3509,3512,3614
3573,3574,3831
3618,3624,3791
3651,3835,3846
3654,3695,4133
3660,3663,3788
3694,4135,4152
3727,3897,3940
3775,3777,3837
3832,4258,4264
3982,4095,4204
4000,4061,4073
4005,4012,4664
4040,4053,4330
4258,4276,4348
4267,4311,4390
4284,4285,4396
4422,4703,4721
4430,4486,4796
4540,4601,4613
4556,4562,4937
4602,4644,4891
4607,5152,5263
4623,4669,5143
4646,4647,4933
4684,4784,4897
4684,4897,4900
4715,4741,4746
4748,4786,5269
4774,4775,4845
4930,5147,5256
49,54,88
96,711,874
100,107,254
216,856,978
325,817,838
490,655,708
502,562,620
705,709,773
780,782,1199
975,1039,1126
1022,1024,1047
1028,1122,1181
1064,1321,1346
1138,1148,1164
1140,1337,1343
1145,1146,1495
1172,1483,1521
1175,1434,1441
1240,1516,1563
1308,1572,1694
1318,1358,1632
1393,1596,1654
1440,1458,1472
1553,1560,1625
1639,1675,1694
1662,1840,1907
1673,1863,1981
1745,1755,1876
1763,2094,2195
1818,2084,2166
1822,1935,2044
1868,1871,2135
2065,2067,2074
2138,2295,2565
2187,2199,2223
2224,2433,2542
2346,2388,2647
2603,2771,2780
2665,2824,2943
2681,2682,2807
2684,2685,2755
2719,2755,2774
2737,2949,3068
2754,2941,2966
2770,2987,3096
2873,2878,3262
2920,2924,3286
2953,2959,3647
3232,3308,3387
3467,3574,3830
3583,4124,4263
3584,3597,4236
3776,3777,3837
3781,3932,4259
3891,4507,4634
3944,3996,4458
4076,4118,4595
4279,4280,4367
4478,4480,4879
4526,4809,4902
4632,4639,4751
4707,4749,4959
4756,5038,5299
4812,4977,5051
4853,4962,5007
4858,5069,5086
4875,5030,5138
4879,4903,5032
5075,5229,5328
5249,5338,5428
7,12,122
32,34,111
35,41,521
199,201,516
204,292,578
229,310,362
268,327,816
499,501,767
551,644,934
606,806,909
625,627,973
664,832,943
789,790,1063
813,1150,1466
817,1032,1190
1005,1491,1511
1133,1139,1175
1496,1498,1706
1513,1515,1523
1620,1680,1684
1700,1918,1981
1762,1763,2194
1780,2117,2179
1883,1885,2147
1889,1951,2017
1931,1934,2037
1951,1973,2072
2083,2090,2143
2199,2374,2437
2241,2466,2585
2412,2426,3079
2513,2575,2628
2583,2584,2800
2632,2639,2745
2682,2807,2838
2928,2929,3187
2940,2945,2985
3019,3454,3517
3065,3076,3712
3115,3417,3673
3152,3237,3338
3188,3350,3716
3201,3234,3389
3216,3274,3298
3382,3925,4053
3558,3576,3589
3593,3658,3779
3635,3981,4201
3754,3912,3983
3916,3931,4587
4007,4573,4733
4065,4337,4373
4219,4221,4229
4278,4298,4381
4341,4344,4348
4538,4551,4950
4824,4936,4937
4877,4884,4939
4909,4916,4953
4941,4943,5280
4991,4994,5432
5126,5276,5380
46,55,159
105,107,512
112,262,566
120,124,135
262,529,600
267,302,442
288,292,539
289,298,640
369,370,643
415,435,500
416,418,626
673,1216,1346
683,684,1128
701,1517,1531
881,883,1154
1072,1074,1349
1129,1319,1437
1133,1323,1328
1170,1424,1563
1365,1582,1586
1369,1437,1682
1372,1609,1680
1409,1632,1640
1498,1703,1711
1650,1821,1839
1775,1779,1849
1911,2133,2137
1950,1954,1995
2036,2311,2542
2108,2109,2261
2114,2555,2613
2263,2550,2568
2344,2643,2669
2407,2411,2428
2412,2426,2700
2546,2551,2657
2613,2729,2735
2643,2945,3159
2722,2780,2881
2756,2945,3156
2766,3029,3069
2867,2869,3406
2879,2887,3321
2924,3285,3330
2952,2960,3619
2992,3492,3650
3001,3548,3693
3008,3275,3323
3064,3082,3123
3272,3442,3664
3276,3284,3339
3352,3698,3755
3537,4138,4251
3538,3540,3830
3604,3645,3858
3731,3893,4224
3742,3746,3803
3820,4243,4250
3850,3853,4173
4016,4018,4285
4018,4058,4332
4032,4046,4699
4095,4204,4349
4319,4321,4638
4368,4551,4797
4459,4793,4864
4511,4513,5050
4556,4558,4937
4568,4569,4829
4623,4665,4903
4670,5211,5319
4916,5105,5319
4932,5248,5308
4970,5024,5390
4999,5002,5398
5131,5132,5398
5152,5389,5460
5302,5333,5410
187,318,320
265,272,280
411,417,530
525,594,595
586,879,943
603,620,794
617,832,894
651,732,1075
1020,1021,1468
1046,1201,1544
1047,1150,1153
1054,1055,1143
1088,1091,1514
1196,1197,1679
1222,1346,1620
1236,1241,1518
1245,1249,1313
1279,1280,1611
1494,1496,1532
1527,1528,1716
1583,1909,1935
1589,1600,1880
1606,1762,1812
1610,2045,2060
1706,1942,2004
1784,1832,2297
1858,2405,2517
2037,2473,2490
2077,2097,2209
2280,2895,3021
2443,2446,2463
2529,2635,2768
2556,2557,2780
2679,3154,3170
2695,2951,2968
2725,2729,2783
2783,2785,3127
2875,2876,3292
2902,3275,3323
2929,3212,3251
2977,3190,3192
3039,3142,3211
3172,3173,3180
3220,3240,3304
3361,3996,4242
3391,3462,3797
3652,3767,3810
3656,3931,4162
3815,3987,4203
3820,3997,4247
3821,3825,4116
3914,3915,4364
3979,3981,4518
4009,4010,4323
4085,4285,4351
4174,4214,4692
4301,4585,4644
4358,4359,4687
4777,4802,4825
4847,5061,5079
4926,5123,5142
5022,5028,5447
5078,5082,5089
5145,5147,5480
5191,5211,5223
27,262,401
134,166,308
166,170,251
401,529,667
410,595,606
430,710,973
436,468,540
473,543,612
505,666,739
506,840,899
629,874,937
742,1093,1165
775,777,1191
1045,1206,1226
1086,1234,1551
1101,1264,1385
1120,1297,1547
1161,1163,1500
1330,1392,1687
1385,1651,1816
1448,1450,1882
1508,1546,2029
1823,1869,2129
2083,2085,2149
2126,2457,2524
2307,2871,3000
2333,2337,2400
2384,2925,3043
2771,2980,3041
2940,2982,3412
2962,3027,3286
3005,3271,3436
3040,3042,3516
3072,3074,3298
3356,3366,3530
3418,3574,3804
3430,3434,3775
3442,3793,4096
3458,3471,3870
3462,3580,3785
3464,4005,4123
3490,3531,3801
3536,3541,3581
3620,3663,3877
3800,3865,3867
3931,3932,4331
3935,3959,3973
4164,4170,4331
4237,4262,4285
4259,4558,4803
4275,4338,4339
4435,4488,4794
4444,4612,4838
4463,4473,4591
4663,4761,4838
4730,4732,4850
4799,5098,5343
5020,5343,5420
5049,5119,5430
5263,5284,5318
5287,5289,5297
22,27,401
41,220,409
44,58,231
85,91,102
144,147,423
281,593,604
328,890,1023
350,404,837
518,673,947
540,693,958
619,873,989
729,755,1072
822,867,1121
944,946,1046
958,1081,1166
1102,1261,1330
1153,1365,1370
1287,1503,1720
1325,1539,1715
1405,1428,1696
1514,1517,1992
1607,1817,1844
1664,2088,2095
1678,1893,1932
1732,1736,2001
1735,1907,2127
1738,1747,2412
1876,1877,2185
2021,2061,2250
2143,2304,2327
2263,2549,2638
2285,2608,2624
2466,2468,2758
2564,2566,2997
2633,2710,2724
2656,3091,3098
2725,2729,3009
2854,2903,3371
2865,2869,2933
2964,3269,3281
3362,3668,3874
3408,3572,3741
3437,3998,4122
3483,3488,3601
3486,3488,3908
3513,3574,3615
3555,3796,3865
3623,3624,3865
3629,3718,3808
3681,3750,3830
3692,3693,3777
3729,3822,3823
3797,3959,4081
3820,3994,4243
3913,4462,4586
3927,3930,3952
4056,4077,4185
4112,4113,4365
4120,4155,4423
4168,4225,4235
4293,4297,4347
4363,4541,4560
4493,4497,4560
4530,4531,4959
4554,4621,4914
4721,4760,4946
4729,4730,4842
4787,4792,4901
4868,5021,5330
4884,5301,5309
4989,5023,5029
5022,5038,5479
5189,5229,5464
5322,5323,5330
5351,5355,5419
5447,5477,5489
5480,5498,5505
10,15,444
63,105,510
151,163,877
178,188,334
294,299,641
451,454,629
523,567,677
534,571,686
608,609,921
670,674,935
912,954,1157
1043,1045,1156
1048,1205,1544
1059,1214,1549
1082,1091,1094
1087,1234,1551
1123,1304,1407
1154,1155,1475
1255,1256,1672
1347,1350,1357
1369,1373,1390
1370,1373,1642
1386,1673,1684
1392,1511,1659
1399,1603,1635
1414,1698,2065
1484,1486,1917
1823,1828,1869
1831,1859,2518
1845,1858,2253
2084,2197,2257
2145,2256,2350
2617,2637,2932
2699,2849,3132
2821,3163,3222
2971,3245,3394
3010,3013,3486
3058,3071,3707
3135,3201,3332
3305,3347,3502
3480,3482,3741
3499,3650,3749
3729,3730,4153
3828,3832,4005
3851,3860,3872
3947,3948,4368
4137,4684,4784
4227,4234,4306
4269,4421,4486
4517,4540,4647
4594,4607,4827
4629,4632,4639
4679,4684,4725
4695,4696,4931
4702,4762,4793
4793,4794,4865
4806,4818,4921
4863,4865,5136
5103,5375,5462
5232,5236,5278
5293,5295,5361
14,260,508
18,29,480
58,64,76
74,145,471
89,96,245
146,147,487
443,620,836
482,484,572
496,607,610
543,816,841
598,788,811
712,718,762
721,789,1061
740,747,859
802,806,1149
852,855,1119
865,1424,1541
934,938,1148
1079,1228,1559
1124,1177,1179
1141,1153,1480
1144,1344,1463
1266,1645,1922
1272,1600,1679
1280,1287,1659
1392,1393,1657
1480,1490,1747
1573,1574,1724
1590,1592,1670
1615,1766,2086
1629,1776,2103
1697,1709,1908
1772,2171,2175
1893,2116,2230
1979,2025,2238
2203,2226,2379
2253,2517,2619
2332,2379,2846
2492,2495,2659
2914,3163,3170
2954,2999,3289
3112,3230,3324
3186,3196,3207
3365,3366,3820
3405,3474,3539
3434,3975,4095
3465,3472,4124
3817,4029,4148
3872,4183,4221
3888,3896,3906
4002,4324,4392
4097,4102,4142
4158,4166,4429
4370,4669,4728
4371,4558,4619
4371,4579,4619
4435,4514,4556
4439,4496,4912
4455,4967,5274
4456,4471,5127
4466,4518,4786
4512,4519,4633
4534,5004,5027
4623,4668,4933
4625,4626,4924
4761,4762,4954
4922,5273,5288
5025,5096,5363
5096,5346,5425
5189,5412,5420
3,15,82
109,120,621
133,137,508
427,433,552
489,490,582
527,528,571
553,702,869
608,624,808
697,1024,1474
823,826,843
1034,1475,1533
1045,1077,1202
1113,1284,1311
1180,1425,1448
1231,1232,1631
1449,1555,1688
1575,1955,1972
1580,1959,2023
1595,2029,2050
1709,1977,2017
1774,1826,2204
1785,2392,2516
1832,1874,2348
1872,1886,2160
1946,2381,2444
1981,1983,2222
2111,2178,2249
2119,2120,2252
2135,2136,2569
2182,2457,2524
2293,2344,2643
2338,2494,2724
2413,2416,2451
2443,2466,2757
2526,2528,2961
2601,2603,2678
2751,2938,2999
2755,2945,3006
2987,3048,3321
3041,3193,3194
3224,3377,3701
3256,3407,3669
3372,3375,3753
3496,3498,3806
3679,3681,3752
3763,3924,3947
3780,4163,4198
3798,4111,4137
3801,3964,4085
3847,4054,4169
3922,3950,3995
3938,3966,4008
4069,4073,4090
4351,4363,4386
4367,4388,4546
4415,4674,4681
4491,4499,4938
4511,4513,4844
4519,4861,5288
4537,4577,4885
4558,4619,4920
4575,4684,4925
4577,4847,4848
4707,4709,4749
4798,4804,4812
4883,4907,5040
4912,5098,5317
5094,5161,5454
5102,5104,5364
5171,5174,5232
5283,5285,5497
21,201,514
137,138,531
202,233,287
210,229,416
217,219,566
224,226,251
322,374,857
379,625,630
463,529,556
500,501,879
516,673,789
936,1204,1483
1034,1184,1191
1078,1079,1166
1097,1259,1381
1311,1350,1633
1365,1637,1673
1378,1380,1670
1397,1399,1647
1626,1628,1833
1690,1898,1904
1758,1761,1834
1898,2111,2115
1986,2032,2241
2007,2010,2484
2123,2124,2237
2137,2464,2531
2162,2171,2325
2235,2443,2468
2320,2655,2718
2395,2397,2811
2395,2638,2644
2992,3300,3647
3361,3365,3628
3396,3697,3701
3758,3841,3853
3966,4345,4622
3988,4490,4649
4008,4015,4127
4163,4359,4391
4192,4307,4350
4196,4471,4702
4287,4717,4724
4297,4346,4347
4531,4534,4569
4583,4854,5006
4930,5138,5258
5169,5172,5179
5178,5182,5409
5290,5412,5420
5342,5343,5505
554,705,778
620,838,901
694,697,1187
699,701,1236
878,924,1165
982,1266,1528
1083,1359,1376
1155,1475,1533
1259,1267,1922
1287,1781,2090
1318,1430,1676
1335,1339,1685
1425,1472,1945
1461,1465,1555
1520,1523,1706
1717,1985,2089
1782,1783,2247
1894,1907,2127
1938,1941,2003
1968,2123,2124
2106,2284,2452
2156,2523,2540
2276,2286,2450
2319,2321,2709
2320,2643,2720
2378,2382,2771
2486,2694,2719
2507,2961,2984
2557,2779,2795
2612,2613,2798
2694,2819,2853
2779,3033,3149
3466,3508,3983
3466,3510,3793
3482,3483,3738
3500,3507,3790
3552,3559,3880
3608,3610,3761
3620,3623,4097
3820,3824,3990
3855,4179,4231
3883,4228,4258
3930,3933,4318
3960,4010,4475
4014,4017,4078
4026,4028,4448
4028,4455,4474
4039,4079,4369
4099,4100,4356
4341,4348,4398
4378,4388,4404
4443,4446,4981
4541,4821,4861
4779,5110,5322
4892,5062,5284
4938,5159,5314
4949,4956,4964
5101,5105,5457
5110,5151,5421
45,59,807
63,136,169
102,107,442
125,129,535
274,572,621
366,419,851
514,516,602
521,805,864
553,569,625
576,581,877
795,860,1122
802,911,1149
900,904,1087
1062,1221,1244
1193,1540,2021
1217,1220,2042
1242,1251,1699
1370,1371,1641
1469,1566,1587
1585,1822,1863
1618,1654,1768
1627,1720,1825
1657,1673,1978
1833,1836,1895
1844,1884,2189
1965,2011,2247
2049,2051,2116
2184,2346,2605
2281,2358,2360
2285,2286,2740
2422,2425,2484
2472,2473,2737
2536,2556,2595
2571,2573,2726
2629,2741,2748
2680,2843,2971
2749,2936,3055
2854,2861,3674
2883,3219,3344
2966,3029,3069
2995,3023,3264
3225,3593,3656
3395,3399,3469
3423,3425,3751
3485,3506,3546
3488,3698,3705
3520,3629,3727
3648,3686,3868
3780,3790,3925
3814,4011,4050
3848,4114,4155
3852,4172,4226
3904,4289,4380
3913,4190,4380
3923,3924,4368
3951,3966,4614
4084,4190,4308
4128,4397,4425
4185,4398,4417
4350,4404,4517
4414,4670,4767
4672,4677,4717
4729,4749,4809
4834,5115,5182
4888,5054,5313
4920,5117,5277
4924,5124,5243
5154,5162,5432
5222,5224,5507
5269,5273,5288
5301,5378,5490
294,299,307
456,462,577
570,624,737
696,701,978
723,725,1262
750,755,1148
822,864,1299
916,958,1163
986,989,1168
1032,1095,1190
1088,1237,1550
1196,1539,1644
1384,1445,1457
1427,1675,1860
1533,1822,2044
1581,1614,1621
1595,1726,1749
1662,1997,2014
1728,1729,2233
1776,1777,2058
1827,1829,2365
2065,2073,2185
2148,2150,2190
2235,2555,2613
2343,2601,2609
2356,2359,2668
2398,2510,2756
2561,2604,3039
2942,2944,3203
2950,3064,3164
3015,3124,3269
3068,3069,3327
3122,3124,3158
3249,3568,3585
3274,3287,3308
3447,3449,3786
3450,3458,3871
3459,3504,3809
3485,3597,3699
3543,3585,4062
3587,4064,4085
3609,3848,3882
3694,3864,4090
3731,3953,4025
3805,3808,3812
3886,4190,4243
3953,3957,4064
4015,4017,4273
4028,4328,4451
4041,4086,4373
4069,4137,4382
4245,4731,4751
4308,4350,4351
4322,4489,4553
4364,4544,4794
4431,4558,4823
4465,4472,4875
4596,4600,4935
4622,4629,4895
4677,4736,4772
4682,4684,4967
4688,4690,4841
4692,4739,5171
4709,4768,4798
4795,4796,4929
4823,4825,4936
4998,5028,5359
5148,5190,5434
5242,5347,5356
5380,5400,5464
34,37,73
37,454,470
70,83,244
134,163,180
150,162,321
161,247,299
268,322,579
271,492,567
435,437,631
453,482,507
496,655,936
615,823,848
623,856,970
648,658,1141
673,1222,1346
739,965,992
799,1340,1496
857,903,1335
904,922,963
950,952,1164
1008,1080,1100
1036,1197,1471
1191,1246,1316
1300,1409,1666
1485,1698,1717
1489,1490,1602
1494,1531,1709
1548,1550,1620
1677,1678,1980
1681,1872,2030
1695,2019,2071
1798,1954,2062
1866,1868,2288
1999,2027,2296
2023,2025,2242
2123,2124,2265
2222,2573,2588
2316,2321,2598
2354,2377,2417
2410,2736,3065
2434,2438,2789
2485,2549,2655
2557,2564,2668
2570,2842,3079
2623,2681,2765
2707,2854,3171
2730,2784,2897
2795,2797,3162
3012,3019,3131
3039,3043,3211
3192,3267,3291
3309,3512,3570
3334,3590,3687
3373,3374,3770
3392,3791,3795
3472,3476,3857
3496,3531,3862
3508,3511,3983
3641,3681,3870
3651,3652,3879
3677,4154,4178
3798,3869,3953
3880,4151,4209
3951,3956,4371
3979,3981,4316
4106,4108,4268
4111,4176,4286
4191,4375,4386
4271,4277,4493
4304,4564,4581
4314,4317,4351
4342,4505,4566
4411,4656,4799
4467,4491,4505
4523,4569,4829
4539,4584,4889
4674,4923,4966
4710,4712,4869
4813,4974,5048
4832,4839,5311
4928,5194,5235
4934,4948,5142
4959,5197,5334
4985,5428,5440
5028,5361,5447
5161,5265,5497
5227,5230,5247
5257,5258,5479
49,85,106
116,272,447
247,507,613
296,301,353
423,550,637
492,657,731
517,671,995
592,778,997
710,818,1129
780,785,825
808,854,1327
837,1438,1551
844,1445,1556
858,922,1089
876,890,1136
888,1043,1044
942,946,962
1165,1400,1517
1245,1360,1638
1274,1388,1652
1327,1331,1393
1433,1495,1548
1437,1496,1532
1628,1826,2089
1715,1717,2082
2150,2262,2540
2193,2246,2364
2239,2493,2609
2379,2424,2729
2398,2939,3057
2444,2446,2873
2505,2547,3024
2531,2791,3172
2548,2549,2654
2570,2590,2623
2583,2585,2710
2790,3044,3183
2815,3207,3313
2867,3353,3715
2870,3257,3535
2875,2877,3200
3002,3006,3338
3207,3364,3643
3328,3566,3587
3385,3399,3438
3395,3398,3733
3396,3401,3678
3602,3604,3846
3763,3807,3917
3816,3820,3824
3833,4030,4144
3987,4331,4754
4030,4537,4691
4043,4519,4541
4103,4114,4344
4223,4224,4280
4245,4707,4731
4279,4366,4412
4429,4437,4480
4435,4607,4827
4435,4984,5152
4481,5297,5344
4555,4556,4806
4612,4849,4920
4715,4716,4824
4795,4946,4952
4847,4890,4944
4903,4926,5079
4961,4967,5232
4978,4987,5460
5234,5237,5469
5236,5278,5483
116,126,280
204,209,232
257,260,290
343,601,623
353,355,606
364,631,1012
492,493,823
581,771,883
649,685,1150
698,746,1124
780,822,1252
829,833,895
877,883,1557
971,1448,1470
1045,1204,1323
1151,1357,1378
1161,1386,1505
1235,1239,1260
1370,1373,1801
1572,1737,1811
1643,1803,1823
1709,1721,1950
1785,1852,1864
1788,1790,2121
1904,1905,2177
2220,2224,2539
2300,2303,2735
2318,2320,2719
2401,2960,3085
2558,3010,3032
2670,2671,2794
2829,2832,2948
2851,3398,3520
2903,2946,3368
2938,3293,3591
3202,3208,3421
3329,3341,3570
3438,3439,3706
3510,3513,3868
3591,3594,3601
3612,3616,3658
3726,3747,3853
3814,3988,4050
3913,4309,4380
3914,3915,4352
3920,4255,4700
4105,4169,4275
4141,4142,4380
4161,4219,4230
4182,4203,4327
4254,4551,4797
4303,4430,4464
4413,4671,4779
4471,4520,4900
4471,5018,5140
4476,4802,4824
4509,4514,4890
4566,4568,4832
4839,4994,5313
4864,4865,4932
4926,5123,5186
4985,5151,5265
4999,5284,5398
5011,5060,5324
5077,5231,5329
5094,5117,5430
5101,5122,5229
5212,5257,5479
5264,5266,5422
5378,5461,5473
262,315,585
267,274,985
359,361,801
416,550,685
441,512,634
469,588,758
494,651,734
523,682,755
691,813,922
778,818,1092
796,797,1105
848,1163,1500
870,872,1306
884,891,1139
899,901,1131
1123,1154,1168
1177,1451,1549
1261,1266,1646
1309,1553,1560
1414,1477,1715
1437,1539,1673
1549,1668,1838
1592,1755,2104
1688,1891,1908
1745,2188,2200
1883,2332,2359
1963,2023,2061
1992,2038,2243
2095,2252,2498
2118,2127,2138
2166,2373,2440
2168,2317,2630
2185,2352,2359
2275,2276,2668
2279,2282,3146
2286,2794,2806
2314,2365,2631
2454,2459,2796
2603,2604,2746
2725,2732,2781
2778,2999,3005
2840,2841,3379
2867,3129,3341
2967,2970,2977
2992,3198,3218
3023,3034,3264
3029,3574,3682
3065,3069,3342
3073,3077,3137
3251,3344,3634
3328,3334,3343
3366,4229,4245
3473,3475,3890
3511,3987,4009
3647,3656,3760
3723,4025,4236
3730,3737,4220
3781,4211,4226
3788,3791,3887
3807,3997,4037
4039,4586,4736
4076,4081,4121
4086,4378,4418
4132,4174,4388
4319,4468,4799
4344,4761,4769
4358,4690,4707
4572,4577,4944
4621,5168,5313
4668,4675,4965
4672,4675,4907
4680,4704,4869
4682,4688,4790
4699,4702,4851
4743,4744,4960
4759,4765,5039
4811,4815,4949
4831,5206,5270
4866,5076,5135
4896,4897,4959
4900,5074,5323
5050,5319,5395
5144,5361,5365
5214,5221,5506
5229,5468,5502
5360,5361,5446
143,238,554
171,256,308
293,299,437
401,441,630
477,483,772
670,1303,1547
688,1017,1025
714,1019,1050
856,860,866
1010,1497,1517
1117,1133,1438
1159,1413,1529
1280,1544,1611
1548,1550,1640
1644,1699,1707
1718,2002,2043
1749,1870,2141
1910,1913,2122
1998,2004,2010
2103,2209,2253
2123,2236,2265
2171,2597,2611
2297,2350,2621
2396,2398,2777
2462,2475,3120
2507,2508,2781
2627,2634,2741
2739,2980,3020
2805,3080,3104
2834,2844,2963
2844,3665,3715
2934,2937,2954
2985,2990,3320
3088,3147,3225
3102,3120,3132
3220,3383,3393
3318,3548,3693
3346,3627,3651
3494,3536,3795
3643,3681,3870
3728,3729,3881
3788,3791,4214
3788,3937,4250
3987,3989,4525
4034,4036,4508
4264,4265,4395
4436,4486,4822
4487,4973,5335
4774,5215,5277
4944,5173,5190
4959,5229,5234
4987,4996,5464
5057,5082,5403
5161,5308,5421
5307,5389,5493
27,673,799
174,179,694
199,352,516
290,788,811
373,418,541
682,710,755
700,824,1037
724,845,1066
838,840,1314
901,902,1165
923,1399,1420
1000,1001,1156
1018,1020,1108
1050,1131,1262
1084,1151,1152
1140,1340,1496
1213,1264,1676
1214,1549,1652
1233,2051,2100
1247,1509,1517
1332,1340,1620
1390,1432,1908
1598,1681,1693
1651,1675,1816
1760,2095,2258
1798,2339,2461
1882,1943,1955
1952,1955,2387
2057,2249,2490
2124,2236,2237
2163,2231,2315
2382,2500,2705
2430,2437,2550
2455,2461,3145
2582,2621,3102
2595,2603,2661
2686,2690,2805
2808,2818,3493
2821,3456,3702
2852,2861,3255
2858,3089,3310
2932,2945,3335
3029,3535,3682
3117,3118,3323
3212,3219,3344
3216,3219,3248
3252,3408,3415
3253,3256,3325
3402,3411,4075
3482,3906,3979
3546,3548,3838
3739,4007,4072
3760,3925,4053
3969,3990,4003
4109,4399,4759
4298,4725,4731
4499,4507,5162
4569,4682,4783
4590,4862,4869
4604,4605,4913
4955,5224,5324
5044,5051,5165
20,140,199
30,55,229
134,139,164
238,369,619
316,568,618
409,411,624
431,432,578
500,632,714
542,709,773
592,1018,1024
660,735,749
715,1048,1526
739,741,1278
792,797,803
823,890,1156
871,894,1142
924,1091,1168
991,994,1432
1026,1038,1333
1419,1482,1538
1573,1903,1928
1624,1775,1806
1845,1848,2234
1847,1850,1908
1929,1936,2176
1930,1972,2448
1933,2194,2363
2037,2038,2243
2056,2088,2160
2137,2467,2526
2236,2265,2449
2251,2535,2640
2320,2438,2551
2648,2815,2866
2745,2749,2793
2789,3034,3097
2795,3054,3165
3058,3065,3707
3256,3275,3403
3274,3298,3443
3437,3442,3813
3595,3596,3743
3935,3939,4009
4050,4335,4408
4153,4156,4280
4271,4433,4764
4310,4463,4744
4345,4512,4519
4415,4684,4784
4436,4605,4717
4833,4837,4942
4953,5208,5215
4978,4985,4995
5072,5114,5352
9,398,399
23,28,464
57,638,642
151,159,608
195,254,557
254,260,620
289,292,579
415,433,444
516,675,694
765,768,1154
828,832,873
879,883,1051
898,902,908
1026,1027,1361
1076,1178,1278
1140,1346,1496
1217,1220,1725
1302,1455,1553
1308,1311,1572
1332,1346,1620
1454,1891,1908
1475,1821,2041
1498,1618,1653
1617,1621,1726
1678,1697,1866
1826,1827,2107
1874,1876,2112
1991,2251,2632
2035,2089,2153
2617,2619,2939
2620,2780,2798
2736,2740,2744
2848,3178,3194
2892,3236,3297
2902,2924,2964
2959,3500,3656
2983,3002,3014
3060,3064,3247
3096,3182,3272
3218,3229,3367
3224,3225,3295
3670,3793,3865
3804,3859,3867
3844,4044,4051
3906,4414,4426
3943,3947,3986
3982,4333,4405
4025,4065,4337
4063,4066,4083
4181,4220,4406
4189,4190,4302
4309,4462,4736
4367,4549,4610
4402,4625,4644
4425,4723,4778
4458,4510,4535
4472,4481,4875
4666,5001,5267
4812,4814,4935
4971,4975,5363
5112,5113,5389
5185,5188,5205
5386,5390,5505
14,442,459
47,57,460
69,238,550
179,512,551
229,607,918
308,314,443
378,611,815
414,417,850
456,457,593
544,545,928
654,657,1031
722,723,1025
894,901,1005
1453,1456,1580
1468,1469,1574
1481,1484,1691
1570,1603,1610
1696,2022,2044
1940,1946,2057
2084,2196,2204
2128,2285,2624
2211,2231,2393
2322,2331,2995
2377,2440,2480
2409,2682,2765
2471,2474,2577
2497,2525,2748
2551,2558,2657
2614,2784,3010
2624,2917,3167
2656,2815,3093
2751,2935,2956
2816,2826,3263
3183,3485,3699
3227,3380,3666
3485,3817,3877
3496,3498,3753
3517,3518,3829
3544,3547,3651
3655,3957,4213
3745,3799,3899
3780,3933,4198
3793,3796,3865
3815,3861,3863
3924,4192,4404
3932,3933,4372
4248,4312,4389
4277,4763,4780
4291,4669,4728
4357,4360,4379
4377,4378,4680
4389,4701,4762
4404,4633,4694
4446,5309,5325
4465,4479,4518
4473,5291,5340
4622,4629,5280
4636,4649,5293
4716,4984,5263
5027,5029,5348
5232,5234,5458
5248,5339,5354
5291,5292,5407
5307,5309,5493
5312,5400,5495
5344,5489,5496
5360,5446,5447
5404,5405,5472
56,474,575
83,977,991
110,180,695
127,537,598
129,572,621
181,589,884
233,311,365
242,299,576
303,308,314
491,495,629
795,858,924
867,1127,1172
869,976,1092
884,897,1139
909,1148,1182
1059,1214,1533
1086,1087,1180
1148,1149,1461
1188,1189,1693
1200,1203,1322
1216,1223,1654
1224,2045,2095
1260,1308,1567
1267,1272,1678
1288,1782,1949
1402,1949,2056
1409,1699,2059
1627,1990,2007
1654,1828,1890
1746,2017,2240
1844,2205,2496
1951,2016,2126
2185,2192,2241
2359,2361,2696
2497,2500,2535
2542,2633,2724
2827,2834,3271
2876,3198,3292
2933,2935,3350
2985,3202,3206
2999,3295,3336
3012,3015,3279
3074,3075,3307
3098,3550,3572
3192,3194,3635
3423,3681,3874
3452,3498,3969
3509,3535,3540
3629,3631,3737
3732,3895,4016
3791,3884,4174
3960,4006,4474
4014,4017,4034
4057,4487,4508
4227,4228,4416
4272,4437,4457
4452,4455,4833
4470,4473,4859
4501,4567,4632
4524,4529,4591
4539,4544,4584
4590,4710,4875
4629,4636,4876
4708,4712,4800
4718,4937,5148
4729,4733,4748
4749,4750,4961
4785,4786,4835
4799,4905,4950
4809,4810,4902
4866,4868,5073
4879,5105,5145
5063,5106,5372
5088,5207,5352
5117,5425,5436
5166,5168,5458
5312,5395,5457
5435,5481,5483
49,94,499
52,473,544
137,689,1005
152,161,364
185,191,245
218,527,528
261,410,567
342,690,919
359,407,614
394,502,562
497,656,982
514,672,743
571,595,736
698,1188,1367
724,839,987
914,915,1159
977,1148,1169
1039,1310,1368
1105,1109,1389
1146,1168,1180
1172,1182,1418
1225,1238,1894
1441,1443,1682
1442,1448,1727
1473,1483,1738
1478,1479,1951
1553,1623,1692
1612,1689,1722
1916,1918,2393
2008,2012,2100
2107,2116,2230
2231,2437,2458
2241,2243,2580
2370,2375,2381
2377,2531,2629
2414,2419,2459
2465,2731,2896
2479,2715,2864
2485,3044,3161
2702,2711,2714
2838,2868,3199
2842,3240,3304
2933,2975,3223
2975,2980,3020
3209,3382,3506
3384,3652,3864
3404,3452,3766
3448,3562,3670
3481,3504,3813
3496,3763,3766
3555,3865,4207
3630,4106,4127
3651,4085,4104
3657,3838,3848
3849,3882,4049
4026,4030,4071
4067,4176,4266
4191,4192,4401
4260,4261,4324
4286,4442,4770
4355,4401,4403
4430,4437,4962
4448,4451,4964
4539,4581,4825
4614,4628,4892
4682,4790,4926
4687,4711,4815
4700,4703,5177
4935,5259,5311
4961,5256,5295
5178,5181,5243
14,459,564
105,498,592
148,710,869
243,246,268
283,411,639
374,423,637
433,442,711
448,734,961
449,450,590
543,545,612
555,707,728
615,644,823
637,902,1010
919,922,1225
960,963,971
969,1030,1181
1005,1162,1180
1028,1029,1181
1081,1232,1510
1215,1485,1491
1260,1306,1774
1286,1406,1570
1637,1641,1698
1827,2171,2267
1908,1953,2205
1938,2496,2645
1940,2203,2261
1977,2072,2160
2004,2162,2174
2134,2135,2223
2144,2404,2421
2343,2835,3184
2709,2714,2715
2786,3022,3084
2808,2809,3521
2825,3164,3268
2971,3245,3248
3240,3391,3622
3253,3402,3569
3392,3719,3796
3499,3749,3769
3644,3646,3746
3760,3769,3780
3932,3941,4335
3984,3988,4334
3993,4102,4362
4029,4148,4303
4061,4072,4298
4248,4320,4340
4352,4398,4401
4391,4406,4595
4440,4565,4834
4457,4460,5282
4490,4877,5155
4565,4779,4955
4661,4804,4934
4743,4870,4957
4809,4970,5336
4840,4851,4927
4867,5014,5331
5056,5100,5361
5065,5068,5348
5077,5140,5180
5082,5404,5472
5087,5091,5450
5187,5192,5303
5316,5318,5376
82,495,558
91,96,433
108,120,283
161,299,610
321,369,643
393,664,940
406,410,431
451,454,892
451,482,507
502,563,661
540,691,922
551,641,644
726,841,1108
767,770,872
803,804,1109
829,1389,1512
912,954,1390
1004,1117,1177
1100,1165,1167
1105,1109,1163
1106,1162,1269
1144,1353,1462
1201,1542,1551
1469,1471,1709
1544,1657,1717
1547,1554,1838
1586,1917,1984
1644,1803,2061
1766,1771,1820
1804,1811,1925
1812,2156,2217
1828,2176,2245
1876,1878,2186
1889,1893,2232
1928,2469,2584
2135,2222,2223
2143,2187,2297
2168,2366,2629
2266,2590,2623
2348,2393,2810
2470,2512,2747
2590,2870,3133
2607,2686,2796
2676,2734,2758
2695,2846,3166
2714,2869,2933
2769,2969,3034
2845,2858,3310
2920,2923,2982
3208,3365,3688
3354,3357,3735
3373,3499,3769
3797,3801,4074
3846,4043,4062
3878,4144,4203
3924,4745,4760
3962,3963,4265
4121,4123,4394
4322,4329,4408
4385,4386,4735
4388,4591,4652
4514,4773,4941
4615,4643,5299
4659,4662,4721
4741,4744,5055
4845,4846,4914
4893,5181,5198
5012,5339,5416
5036,5158,5372
5180,5182,5443
5234,5235,5479
104,106,500
133,200,660
166,254,562
194,198,226
254,502,506
304,307,334
427,433,702
536,691,738
579,820,860
825,830,944
837,900,963
858,861,878
887,888,1161
929,931,1169
1051,1426,1490
1072,1230,1252
1077,1231,1280
1192,1871,2076
1246,1554,1579
1293,1894,2019
1369,1391,1498
1460,1502,1979
1553,1555,1644
1572,1635,1730
1629,1777,2058
1651,1822,1884
1750,2088,2153
1803,2291,2644
1816,1819,2128
1994,2431,2448
2088,2090,2160
2202,2533,2556
2284,2833,2959
2293,2419,2689
2335,2668,2803
2338,2494,2602
2366,2480,2589
2416,2418,2673
2464,2467,2571
2527,2814,3086
2594,2597,2784
2706,2708,2738
2713,2716,2735
2847,2850,2921
2883,3375,3724
2929,2930,3243
2985,3104,3263
3027,3029,3332
3235,3236,3298
3237,3389,3705
3246,3248,3278
3348,3358,3841
3359,3416,3832
3492,3493,3769
3587,3589,3733
3613,3633,3646
3616,3821,3828
3697,3700,3722
3699,3820,3991
3744,3885,3900
3757,3806,3807
3958,4344,4399
4099,4101,4533
4137,4360,4417
4312,4388,4467
4482,4483,5183
4647,4907,4952
4725,4731,4839
4734,4771,4949
4754,4791,5275
4834,4836,5115
5138,5144,5489
5363,5364,5505
18,27,105
33,116,596
86,146,307
146,490,583
449,450,511
460,620,638
509,676,806
530,638,642
609,642,809
651,729,797
678,702,717
711,726,1374
775,776,1105
778,799,839
804,811,923
858,862,1089
859,860,1150
1053,1059,1106
1075,1138,1278
1191,1272,1615
1270,1539,1615
1519,1521,1592
1538,1594,1682
1570,1788,2094
1639,1663,1792
1736,1737,2219
1736,2126,2182
1783,1790,2247
1893,1995,2239
1973,2038,2159
2136,2293,2409
2158,2309,2592
2209,2212,2216
2284,2452,2678
2295,3154,3170
2317,2320,2720
2441,2445,2450
2478,2482,2709
2493,2609,2751
2494,2994,3148
2503,2601,2678
2549,2589,2799
2593,2599,2717
2659,2660,2747
2744,2748,2918
2775,3095,3153
2900,3164,3231
2928,3047,3192
3051,3054,3061
3193,3315,3344
3243,3519,3536
3278,3456,3515
3353,3662,4181
3380,3715,3878
3464,3616,3714
3494,3536,4013
3713,3715,3804
3720,4170,4229
3740,3741,3826
3743,3856,3885
3767,3768,3864
3857,4095,4134
3895,3896,4288
3999,4041,4285
4082,4086,4418
4124,4131,4776
4213,4222,4337
4304,4306,4374
4387,4590,4710
4534,4569,4688
4565,4897,5218
4596,5154,5315
4665,4707,5184
4667,4669,4935
4749,4750,4810
4784,4897,4957
4885,5052,5173
4979,5036,5452
5009,5012,5339
5116,5118,5373
5142,5187,5441
70,71,592
88,89,155
142,148,207
156,240,255
251,305,759
262,799,950
305,359,595
326,328,644
537,541,968
794,799,839
871,875,938
1095,1250,1358
1098,1415,1432
1242,1258,1699
1326,1328,1748
1364,1366,1793
1423,1464,1705
1458,1469,1729
1483,1521,1710
1629,1945,1970
1744,2129,2220
1756,1765,2227
1767,1818,1842
1781,2004,2010
1880,1884,1891
1915,1918,1953
2031,2032,2241
2069,2070,2506
2112,2175,2270
2177,2336,2458
2191,2362,2424
2320,2321,2720
2368,2716,2785
2510,2759,2795
2562,2566,2620
2768,3034,3075
2788,3029,3091
2825,2826,3280
2846,2853,3346
2938,3183,3333
3020,3137,3283
3142,3268,3419
3163,3164,3347
3249,3565,3590
3276,3464,3616
3529,4089,4212
3647,3656,3916
3795,3947,3968
3806,3969,3997
3835,4022,4043
3956,4113,4221
3968,4016,4266
4065,4067,4343
4081,4352,4401
4118,4120,4595
4137,4196,4232
4197,4633,4650
4220,4223,4406
4258,4273,4395
4323,4479,4500
4473,4703,4738
4503,4991,5344
4522,4544,4584
4555,4557,4813
4689,4691,4962
4706,4711,4718
4731,4733,4886
4732,4847,4890
4802,4803,4965
4900,5077,5327
5020,5296,5343
5159,5165,5496
5208,5473,5481
5339,5445,5490
152,192,347
156,245,558
171,308,613
253,715,736
368,371,809
436,718,982
448,478,496
502,508,721
659,716,1132
712,762,1071
772,779,1431
807,810,817
1301,1303,1613
1343,1345,1607
1377,1440,1503
1419,1422,1481
1526,1558,1576
1629,1708,1776
1767,1771,2163
1771,1772,2171
1795,2055,2063
1833,1894,1906
1845,1858,2504
1910,1913,2182
1982,1988,2267
2007,2049,2259
2055,2121,2252
2147,2191,2299
2280,2283,2402
2286,2806,3108
2307,2310,2332
2308,2309,2592
2322,2331,2779
2569,2624,2682
2782,3008,3112
2910,2911,3605
2910,2918,3577
2954,2956,3428
3055,3530,3553
3167,3174,3281
3201,3234,3241
3215,3346,3369
3286,3470,3528
3365,3757,3806
3442,3555,3815
3448,3562,3796
3506,3760,3780
3539,3545,3694
3572,4009,4070
3581,3724,3854
3595,3596,4069
3597,3699,3833
3923,4204,4368
4088,4128,4393
4116,4117,4797
4141,4359,4532
4169,4171,4409
4173,4183,4278
4188,4191,4623
4236,4237,4559
4270,4303,4460
4328,4478,4526
4391,4621,4661
4454,4464,4891
4459,4463,4722
4477,4480,4803
4656,4661,4964
4661,4667,4804
4693,4715,4802
4721,4724,4931
4821,4828,4963
4834,4835,4966
5016,5042,5044
5079,5124,5429
5108,5379,5408
5122,5126,5469
5214,5461,5483
5234,5235,5467
0,16,212
26,29,502
129,283,453
256,518,601
343,346,603
352,353,625
362,608,642
445,453,565
584,637,639
715,1206,1560
964,1109,1163
1050,1213,1262
1083,1084,1151
1101,1264,1271
1131,1151,1313
1134,1433,1496
1233,1720,1723
1236,1238,1571
1434,1437,1726
1869,2142,2225
1890,1893,2248
1945,2009,2115
1971,1974,2266
2035,2337,2593
2053,2055,2121
2088,2090,2180
2170,2224,2227
2262,2543,2603
2373,2377,2742
2428,2470,2946
2484,2489,2529
2498,2540,2763
2570,2842,3116
2627,2632,2741
2657,3143,3160
2674,2675,2806
2827,2836,3304
2830,2831,3155
2837,2890,3161
2962,3071,3309
3151,3154,3592
3167,3168,3234
3189,3613,3636
3237,3241,3668
3398,3520,3736
3520,3747,3853
3557,3559,3807
3651,3653,3757
3730,3763,3920
3998,4005,4656
4092,4093,4357
4093,4296,4354
4169,4258,4348
4276,4711,4718
4440,4517,4584
4522,5023,5182
4632,4866,4867
4723,4725,4942
4735,4753,4764
4751,5205,5228
4798,4799,4812
4878,5191,5217
4949,5192,5215
4999,5026,5028
5193,5194,5494
5295,5297,5367
5417,5420,5424
21,103,199
132,133,194
166,171,586
178,326,478
256,393,486
468,475,534
560,718,979
655,734,776
715,1202,1560
718,785,825
865,929,1035
898,905,1124
907,931,1035
961,985,1267
1018,1024,1032
1121,1311,1423
1157,1372,1434
1214,1608,1650
1222,1346,1496
1372,1483,1578
1389,1396,2047
1511,1686,1708
1702,1925,1944
1711,1995,2100
1716,1977,2072
1744,1745,2139
1958,1960,2435
2140,2151,2427
2188,2354,2613
2340,2386,2854
2354,2729,2783
2464,3065,3176
2468,2725,2732
2519,2524,2565
2547,2589,2799
2726,2782,2889
2756,2945,3159
2778,2999,3154
2780,2998,3017
2842,2892,3299
2852,3130,3292
2860,3260,3296
2913,3022,3282
2914,3384,3407
2935,3178,3184
2983,2986,3003
3134,3136,3168
3213,3370,3709
3289,3296,3333
3337,3339,3707
3429,3453,3560
3429,3455,3772
3687,3694,3766
3724,3876,4132
3789,3794,3795
3988,4050,4365
4001,4002,4337
4207,4216,4332
4281,4288,4423
4347,4371,4508
4366,4550,4608
4533,4596,4661
4566,4613,5041
4588,4632,4897
4839,4967,5274
4914,5216,5274
5024,5075,5380
5270,5272,5484
70,71,556
101,256,562
201,577,898
214,272,589
316,394,635
393,498,518
418,538,573
491,495,559
505,571,595
530,683,964
532,533,642
548,697,1010
555,579,704
614,848,888
635,637,1002
687,716,1050
703,735,1165
736,780,1199
743,786,1208
783,785,1143
785,897,1139
874,1158,1525
886,889,989
1035,1098,1099
1043,1044,1157
1176,1437,1532
1238,1566,1901
1291,1329,1686
1320,1366,1793
1494,1535,1973
1562,1564,1652
1614,1639,1663
1682,1726,1875
1691,1921,1961
1736,2079,2184
1746,2266,2568
1775,1801,1911
1781,2261,2264
1809,1814,2190
1814,2192,2241
1848,1849,2181
2016,2138,2278
2080,2564,2585
2095,2096,2153
2102,2103,2125
2253,2508,2620
2359,2361,2898
2368,2590,2785
2406,2410,2451
2452,2658,2678
2501,2770,2778
2522,2528,2807
2609,3047,3111
2612,2614,2795
2678,2689,2827
2695,2851,2898
2748,2752,2925
2766,2963,3026
3017,3019,3452
3029,3050,3091
3120,3123,3248
3170,3657,3677
3221,3305,3347
3243,3312,3343
3279,3311,3326
3283,3306,3459
3305,3659,3674
3349,3357,3400
3357,4223,4240
3373,3916,4046
3393,3883,4167
3415,3902,4260
3426,3531,3817
3453,3516,3581
3576,3590,3836
3618,3626,3889
3823,4067,4107
3832,4018,4263
4011,4369,4664
4076,4078,4553
4194,4197,4630
4221,4223,4410
4297,4627,4686
4347,4511,4534
4372,4558,4803
4432,4778,4835
4490,4649,4756
4570,4684,4900
4622,4635,5280
4711,4811,4878
4821,4828,5306
4841,4843,5122
4858,4893,4946
4867,4960,5065
5016,5018,5351
5035,5037,5359
5147,5256,5346
5187,5447,5492
5193,5309,5451
5211,5218,5440
5260,5265,5271
5338,5339,5352
5384,5385,5496
124,126,447
280,759,782
523,555,579
571,742,804
657,1172,1185
1080,1231,1458
1125,1318,1430
1161,1389,1504
1213,1329,1633
1413,1529,1671
1487,1492,1497
1523,1524,1580
1529,1530,1670
1649,1652,1655
1756,1763,2194
1792,1798,1842
1859,1863,2223
1873,1911,2242
1931,2036,2159
1975,2218,2406
1989,2095,2228
2082,2089,2196
2196,2375,2381
2196,2384,2536
2250,2501,2644
2503,3050,3183
2529,2534,2802
2772,3088,3148
2774,3008,3048
2917,3169,3339
2957,2963,3117
3052,3094,3308
3125,3126,3297
3266,3267,3544
3267,3291,3428
3391,3727,4054
3422,3426,3764
3469,3713,3720
3478,3723,3873
3606,3652,3861
3730,3897,4255
3766,3972,4239
3843,4036,4055
3858,4079,4234
3935,4499,4627
4057,4059,4334
4152,4194,4630
4294,4296,4575
4820,4952,5034
4886,4887,5164
4891,5084,5124
4926,5189,5229
4940,5224,5265
4967,5277,5297
5068,5182,5416
5094,5098,5454
14,15,599
49,90,245
88,154,677
88,160,678
93,497,642
182,189,344
370,630,1017
490,653,1015
499,664,714
505,508,537
513,670,1009
542,549,628
550,698,929
657,1185,1481
828,870,1306
838,873,1174
842,849,1500
885,887,1362
941,943,981
1322,1617,1742
1362,1367,1407
1390,1395,1434
1396,1400,1721
1616,1771,1818
1622,1776,2103
1631,1721,1724
1641,1644,1648
1654,1800,1827
1688,1689,2001
1748,1800,2171
1830,1844,2251
1894,1901,2553
2104,2105,2235
2308,2637,2645
2326,2808,2993
2350,2351,2621
2661,2668,2803
2819,2872,3241
2834,2835,3284
2860,2861,3260
2873,2877,2940
2924,3471,3583
2941,2964,3273
2976,2980,3315
3009,3012,3019
3236,3237,3297
3255,3478,3518
3321,3546,3553
3343,3629,3718
3351,3354,3475
3357,3885,4181
3362,3365,3704
3377,3384,3885
3391,3440,3820
3424,3765,3834
3443,3486,3908
3485,4030,4144
3486,3490,3531
3494,3496,3968
3503,3952,3979
3580,3582,3852
3795,3950,4058
3901,3905,4168
4063,4067,4396
4072,4183,4278
4078,4080,4290
4093,4354,4523
4114,4222,4337
4114,4398,4765
4247,4254,4538
4427,4714,4737
4455,4956,4967
4511,4850,4965
4528,4872,4947
4736,4870,5005
4828,4985,5324
4852,4854,4929
4854,5011,5082
5003,5284,5448
5036,5043,5158
5068,5412,5487
5109,5110,5466
5398,5401,5433
27,105,592
47,127,459
59,81,136
163,169,611
410,411,621
449,614,622
536,900,922
723,724,1136
845,1111,1276
855,1402,1510
1039,1040,1172
1072,1349,1414
1211,1550,1716
1309,1592,1777
1333,1361,2020
1333,1371,1702
1355,1397,1832
1386,1393,1505
1525,1533,1807
1735,2284,2452
1778,2106,2441
1800,1846,2168
1917,1978,1990
1963,2099,2205
2135,2292,2363
2443,3002,3126
2450,2453,2662
2542,2647,2656
2728,2778,2779
2737,2740,2797
2782,2800,2806
2826,3334,3346
2950,2991,3261
2964,2971,3326
3093,3097,3208
3227,3379,3714
3392,3438,3782
3499,3539,3829
3544,3605,3617
3569,4114,4222
3621,3622,3784
3871,4123,4259
3927,3978,4002
3969,3973,3992
3976,4020,4439
4065,4184,4343
4091,4095,4319
4189,4209,4269
4327,4328,4687
4468,4473,4752
4471,4520,4784
4471,4702,4927
4498,4762,4939
4621,4941,5281
4667,4915,5100
4818,4829,4920
4970,4973,5502
5036,5038,5372
5036,5358,5452
5087,5151,5426
5092,5099,5495
5108,5318,5506
5246,5251,5258
5477,5484,5496
15,387,629
39,40,670
138,140,579
167,468,475
251,253,534
425,901,923
452,540,635
517,844,911
605,647,802
790,831,1101
804,806,1114
873,1131,1174
999,1117,1120
1076,1077,1440
1081,1511,1560
1092,1100,1167
1104,1159,1167
1433,1533,1616
1496,1771,2002
1509,1510,1721
1511,1965,1988
1576,1735,2016
1735,1736,2128
1798,1842,2151
1923,1968,2233
2035,2053,2064
2095,2096,2229
2113,2446,2463
2155,2217,2258
2281,2282,2610
2315,2319,2389
2320,2365,2651
2359,2360,2691
2450,2453,2881
2493,2751,2794
2576,2851,3082
2608,2721,2778
2652,2894,2936
2658,2669,2952
2687,2690,2897
2736,2741,2791
2766,2782,2961
3055,3056,3529
3107,3112,3117
3217,3370,3709
3277,3280,3337
3324,3553,3570
3524,3525,3797
3566,4001,4020
3645,3858,3877
3748,3905,4228
3866,4102,4164
4000,4109,4366
4020,4022,4439
4139,4141,4371
4167,4208,4686
4262,4287,4352
4412,4660,4724
4504,4506,4915
4743,4744,4868
4823,4937,4980
4873,5030,5189
5047,5052,5458
5093,5098,5138
5251,5357,5489
5335,5486,5492
62,138,580
62,139,738
118,565,621
127,520,599
264,276,453
280,282,594
315,316,634
337,387,627
398,402,425
453,569,575
474,585,592
552,708,715
719,727,1161
730,734,1075
755,761,1148
879,940,953
1029,1453,1476
1076,1443,1460
1098,1169,1253
1300,1304,1666
1322,1562,1725
1423,1665,1672
1596,1828,1869
1624,1625,1692
1742,2085,2568
1766,1818,2086
1768,2097,2105
1787,1826,2203
1819,2161,2588
1963,2510,2643
1965,1970,2011
1982,1984,2226
2062,2181,2188
2139,2614,2630
2194,2368,2430
2242,2254,2463
2281,2284,2673
2324,2376,2838
2451,2571,2727
2517,2740,2797
2562,2583,2707
2640,3090,3108
2662,2885,2946
2800,3045,3068
2827,2842,3304
2891,3384,3700
2917,3281,3331
3184,3336,3592
3219,3336,3347
3224,3225,3336
3277,3450,3611
3383,3511,3781
3523,3546,3837
3640,3645,3651
3837,3878,4027
3925,3938,4594
4015,4017,4274
4041,4083,4339
4060,4393,4713
4162,4164,4408
4260,4414,4665
4277,4436,4779
4334,4485,4558
4344,4506,4768
4357,4530,4691
4397,4409,4608
4475,4501,4611
4532,4578,5049
4569,4843,4926
4721,4723,4761
4782,4789,5070
4834,4922,4966
4921,5151,5271
4984,5036,5452
5110,5224,5324
5128,5172,5437
43,403,410
52,472,481
179,473,643
286,345,829
290,291,597
310,362,604
314,545,563
319,326,334
322,349,352
340,346,394
441,518,630
503,660,742
526,732,999
584,588,758
768,775,1154
981,982,1052
1019,1136,1312
1110,1394,1452
1163,1392,1399
1279,1281,1616
1282,1783,1942
1284,1288,1634
1300,1901,2026
1307,1311,1670
1358,1639,1709
1431,1444,1660
1560,2010,2069
1600,1611,1687
1639,1798,1905
1647,1671,1808
1799,1807,2241
1876,1877,2196
1937,1979,2414
2040,2047,2323
2090,2244,2261
2102,2104,2127
2150,2303,2634
2294,2732,2744
2297,2300,2805
2299,2930,3172
2368,2409,2669
2521,2956,3019
2658,2827,2959
2739,2763,2912
2754,3056,3114
2767,2974,3089
2807,3116,3168
2834,2835,3272
2838,2917,3232
2871,2886,3534
2894,2936,3186
2948,3219,3248
3131,3132,3607
3231,3398,3520
3240,3623,3658
3256,3410,3673
3379,3384,3666
3415,3417,3954
3564,3566,3811
3628,3632,3686
3746,3902,4230
3749,3758,3769
3888,3904,4381
3889,3925,4594
3968,3971,4433
4258,4272,4424
4351,4544,4584
4462,4586,4860
4490,4756,4947
4491,4496,4911
4526,4528,4810
4563,4836,4923
4635,4876,4945
4639,5074,5137
4734,4737,4937
4840,5011,5133
4945,5180,5186
5018,5140,5356
5158,5159,5460
5247,5288,5482
5280,5281,5429
5448,5491,5499
18,60,65
19,105,592
32,72,79
50,55,416
169,179,611
191,785,897
331,334,583
562,837,904
722,1023,1064
774,792,805
904,1004,1117
911,1171,1552
1032,1033,1155
1044,1203,1276
1047,1204,1483
1057,1384,1451
1066,1070,1502
1146,1343,1362
1156,1157,1482
1165,1400,1406
1169,1412,1435
1243,1275,1936
1326,1371,1641
1463,1465,1653
1478,1952,1975
1567,1780,1904
1629,1631,1945
1708,1970,2011
1807,1812,1819
1916,1958,2435
1921,2241,2581
1923,1969,2443
1956,1957,2212
1974,2085,2223
1988,2423,2486
2025,2133,2186
2043,2044,2260
2297,2352,2759
2423,2425,2897
2557,2558,2795
2589,2590,2801
2594,2631,3115
2699,2786,2848
2757,2951,2968
2870,3260,3327
2904,2909,2971
2927,2931,3290
3020,3026,3137
3447,3449,3985
3474,3495,3602
3630,3632,3789
3800,3958,4219
4281,4442,4800
4289,4300,4580
4290,4292,4370
4326,4533,4600
4392,4712,4766
4439,4442,5306
4498,4884,4939
4532,4574,4812
4547,5113,5273
4576,5051,5074
4607,5113,5263
4724,4911,4923
4925,5125,5184
4985,5324,5428
5058,5059,5326
5077,5444,5499
5201,5207,5504
5240,5243,5463
5317,5337,5449
13,14,563
43,974,994
44,59,238
144,148,430
284,293,427
373,405,520
406,409,463
459,790,1002
510,511,634
536,597,598
621,846,853
668,671,1184
764,867,1153
781,784,801
788,791,1054
1143,1166,1178
1299,1341,1816
1325,1679,1715
1496,1771,1998
1498,1621,1706
1587,1598,1738
1636,1640,1782
1785,1790,2178
1837,2201,2497
1865,2079,2255
2099,2216,2392
2158,2161,2364
2222,2569,2590
2269,2275,2773
2533,2823,3093
2651,2719,2812
2703,2704,2803
2704,2859,2880
2711,2804,3094
2768,2971,3032
2809,2845,3310
2947,2951,2968
2975,3021,3453
3158,3160,3275
3226,3230,3662
3260,3675,3683
3367,3376,4040
3383,3815,3828
3403,3435,4096
3464,4011,4123
3476,3478,3857
3616,3832,3870
3636,3726,3853
3808,3974,4201
3826,4119,4183
4060,4607,4716
4231,4265,4715
4300,4463,4591
4307,4310,4350
4411,4660,4695
4450,4788,4853
4869,5188,5205
5144,5146,5351
5187,5189,5447
5203,5263,5301
5318,5378,5435
5370,5371,5494
13,498,601
185,188,650
307,761,780
377,473,564
746,747,1124
843,885,1362
888,1157,1185
909,911,1148
1078,1284,1311
1094,1168,1245
1094,1405,1430
1326,1330,1371
1490,1762,1999
1615,1616,1678
1728,1736,2183
1796,1803,2211
1852,1865,2255
1978,1985,2204
1989,1991,2262
2097,2103,2392
2159,2193,2194
2247,2455,2602
2263,2608,2638
2271,2352,2695
2277,3143,3160
2327,2366,2743
2336,2343,2751
2483,2494,3139
2506,2841,3107
2593,2602,2717
2599,2605,2721
2663,2776,2805
2692,2768,2847
2736,2737,2799
2738,3067,3089
2748,2791,2799
2780,2798,2805
2834,3153,3169
2840,3140,3620
2995,2998,3033
3031,3035,3098
3065,3076,3288
3245,3398,3468
3341,3636,3675
3394,3401,4214
3634,3638,3848
3643,3698,3815
3773,3930,3952
3845,4045,4104
3880,4125,4148
3908,3964,4376
3999,4001,4317
4000,4003,4062
4025,4239,4415
4069,4089,4101
4371,4383,4400
4431,4509,4577
4547,4550,4652
4594,4598,4604
4689,4928,4962
4703,4931,5135
4755,4827,4951
4762,5046,5305
5119,5369,5389
5200,5202,5472
5207,5209,5353
5351,5418,5489
55,531,607
62,69,138
67,68,688
112,207,521
382,406,410
454,455,594
627,835,982
670,675,995
692,738,1082
731,1070,1185
783,1038,1109
785,999,1175
862,1093,1096
1163,1165,1507
1195,1367,1587
1268,1316,1566
1286,1567,1664
1291,1319,1717
1349,1915,2070
1453,1475,1562
1552,1559,1665
1737,2582,2603
1744,2287,2419
1911,2181,2197
1917,1980,2043
1980,1998,2012
2056,2177,2184
2362,2403,2658
2384,2745,3036
2433,2974,3089
2500,2535,2803
2529,2764,2787
2891,3147,3154
2894,3008,3272
2980,3207,3313
2998,3192,3267
3241,3392,3719
3246,3279,3445
3274,3448,3510
3384,3652,3657
3387,3416,3750
3490,3820,3877
3618,3626,3727
3619,3622,3771
3740,3741,4119
3745,3982,4023
3746,3802,3803
3764,3766,4021
3824,4004,4254
3854,3855,4175
4060,4100,4356
4170,4172,4329
4325,4343,4367
4328,4481,4790
4354,4367,4388
4527,4529,4867
4686,4728,4934
4716,4806,4933
4788,4789,4854
4842,5279,5294
4984,5036,5339
4985,5034,5373
4987,4994,5004
5198,5203,5244
5201,5203,5504
5268,5270,5307
5353,5354,5504
5401,5500,5503
76,80,381
87,93,146
135,140,424
207,523,606
266,271,315
272,524,525
286,290,786
325,326,618
340,390,608
393,518,658
447,449,529
651,654,775
845,1045,1111
895,1348,1370
927,930,1404
1046,1377,1444
1093,1247,1286
1189,1240,1639
1280,1392,1503
1343,1345,1817
1358,1360,1639
1374,1379,1716
1437,1717,2082
1578,1753,1879
1838,1845,2496
1918,1919,2209
2139,2256,2267
2238,2468,2613
2354,2468,2613
2466,2585,2758
2469,2482,3127
2486,2921,2940
2501,2503,2804
2655,2657,3031
2689,2844,3112
2713,2862,3029
2737,2910,3071
2851,2878,2922
2852,2853,3256
3013,3274,3443
3015,3556,3670
3211,3589,3648
3214,3498,3557
3334,3587,3606
3386,3393,3886
3471,3829,3873
3493,3499,4187
3710,3881,4152
3794,3868,3945
3898,3912,3954
4083,4125,4363
4107,4361,4393
4128,4130,4397
4156,4254,4361
4379,4778,4785
4428,4429,4933
4534,4536,4842
4538,4545,4950
4827,4986,5257
4839,5294,5314
5038,5082,5391
5184,5189,5229
5220,5223,5240
5242,5283,5497
5248,5252,5340
48,122,653
94,500,586
225,863,984
389,394,508
552,708,872
633,888,1000
664,716,1019
684,1178,1182
900,903,965
907,911,1029
1065,1436,1494
1067,1070,1110
1132,1318,1563
1180,1451,1509
1205,1597,1646
1242,1248,1667
1321,1344,1653
1376,1421,1690
1395,1456,1498
1593,1597,1702
1636,1655,1783
1696,2026,2042
1767,1791,1805
1809,1835,2152
1853,1895,2324
1888,1930,2406
2271,2274,2395
2546,2553,2646
2721,2728,2778
2791,3075,3180
2797,3065,3169
2853,3083,3118
2921,3359,3393
3127,3129,3190
3317,3530,3553
3388,3392,3649
3518,3731,3735
3524,3955,4022
3538,3992,4015
3718,3720,3808
3731,3735,3799
3815,3988,4207
3964,3966,4306
3998,4005,4410
4176,4278,4298
4234,4675,4737
4428,4438,5113
4450,4451,4775
4454,4583,4850
4508,4553,4810
4573,4579,4849
4782,4787,4896
4793,4870,4884
4923,5119,5222
5112,5126,5400
5126,5410,5467
5261,5300,5486
101,106,195
151,153,905
191,593,891
322,325,579
372,381,649
374,398,402
376,380,440
480,634,885
492,655,776
546,578,640
612,816,841
653,962,1481
671,1010,1494
829,851,958
897,1444,1544
1125,1132,1170
1134,1436,1494
1192,1195,1582
1358,1364,1478
1590,1591,1714
1607,1651,1759
1618,1621,1824
1628,1781,2090
1671,1832,1855
1773,2591,2606
1811,1813,2145
1832,1834,2297
1876,2324,2351
2003,2004,2250
2009,2275,2556
2047,2053,2322
2073,2362,2584
2205,2212,2250
2268,2276,2723
2426,2710,2767
2553,2563,2658
2704,2803,2855
2715,2751,2771
2949,3223,3306
2959,3022,3062
3009,3012,3340
3011,3014,3072
3079,3082,3231
3096,3097,3208
3276,3277,3339
3405,3520,3798
3445,3448,3728
3551,3615,3852
3889,3940,4339
3931,4267,4594
3969,3995,4312
3978,3979,4246
4034,4079,4369
4135,4136,4609
4152,4154,4588
4216,4337,4344
4277,4412,4425
4333,4526,4646
4391,4600,4661
4409,4654,4717
4414,4423,4665
4414,4667,4686
4569,4829,4873
4843,4846,4887
4859,5008,5339
4946,5182,5244
4981,5308,5373
5013,5500,5503
5,11,642
10,456,466
22,29,394
33,39,644
34,141,202
118,208,261
150,171,370
198,482,645
329,338,456
346,637,1002
487,496,550
606,628,640
636,895,912
683,1115,1128
693,1511,1526
706,1188,1373
707,709,1029
719,734,1161
721,787,852
754,1224,1247
912,959,1391
921,1014,1084
1121,1302,1309
1357,1358,1669
1405,1469,1575
1508,1543,1609
1620,1773,2038
1817,1838,1850
1824,1893,2174
1998,1999,2151
2112,2113,2443
2132,2295,2644
2137,2186,2187
2170,2318,2546
2173,2366,2486
2384,2447,2487
2553,2557,2668
2569,2587,2598
2630,2801,3072
2646,2818,2992
2854,2909,3445
2955,3020,3282
3032,3469,3486
3169,3464,3712
3306,3503,3566
3410,3797,3859
3496,3944,3971
3566,3568,3822
3571,3591,3603
3638,4090,4112
3732,3734,4175
3749,3769,3840
3889,3895,4601
3940,4058,4171
3955,3957,4494
3991,4019,4417
4026,4073,4501
4139,4181,4391
4331,4757,4771
4401,4635,4744
4413,4668,4675
4454,4850,4891
4455,5314,5330
4476,4480,4735
4548,4555,4934
4826,4828,4882
4895,4941,4943
4916,4950,4953
5102,5342,5505
5154,5168,5432
5213,5216,5314
5224,5265,5478
5319,5437,5440
10,14,376
31,45,800
43,994,1010
60,61,132
82,497,559
162,172,318
305,307,759
314,317,499
407,446,885
484,629,636
576,755,914
766,769,1234
830,1056,1208
890,1175,1536
1124,1301,1548
1210,1211,1535
1250,1637,1915
1292,1334,1572
1293,1297,1662
1316,1318,1585
1589,1600,1684
1740,1865,2134
1825,1828,2108
1865,1977,2219
1923,1965,2442
2087,2094,2378
2129,2296,2426
2308,2311,2702
2347,2355,3009
2362,2384,2424
2549,2551,2657
2596,2878,3139
2717,2876,2998
2746,2747,3039
2753,2943,3061
2776,2805,2989
2809,2815,3521
2843,3124,3288
2881,2947,3012
2940,2942,3201
3019,3021,3246
3149,3150,3290
3216,3263,3368
3261,3268,3318
3303,3496,3515
3330,3590,3723
3387,3464,3783
3655,3709,3773
3969,3973,4036
3987,4481,4790
4071,4072,4347
4086,4088,4378
4148,4150,4582
4248,4249,4422
4255,4256,4701
4541,4788,4962
4650,4695,4927
4808,5083,5142
4862,4875,5016
4961,5212,5234
5087,5090,5148
5109,5110,5383
5137,5138,5412
5138,5419,5489
5143,5166,5457
5425,5429,5483
6,15,126
85,94,104
265,267,568
265,283,572
368,371,532
456,464,577
558,871,897
614,801,824
620,638,645
647,934,957
734,1275,1395
754,1003,1010
758,765,1170
998,1000,1058
1092,1096,1100
1178,1441,1463
1190,1193,1722
1229,1560,2007
1290,1291,1719
1357,1570,1572
1383,1425,1663
1384,1490,1608
1596,1755,1827
1680,1877,2037
1849,1850,2163
1855,2277,2297
1862,2286,2306
1967,2179,2215
2287,2301,2342
2824,2902,2943
2839,3124,3238
2843,2853,3274
2865,2936,3203
2878,2985,3293
2908,2970,3285
2908,3130,3325
2974,2978,3329
2998,3267,3428
3173,3174,3245
3195,3197,3258
3469,3752,3791
3536,3578,4055
3564,3569,3609
3673,3675,3741
3774,3777,3811
3810,4094,4152
3842,4189,4210
4049,4075,4080
4061,4065,4400
4163,4165,4319
4228,4514,4773
4310,4418,4422
4386,4649,4689
4580,4587,5238
4714,4758,5233
4720,4727,4829
4741,4745,4772
4794,4912,5085
4819,4984,5034
4904,5328,5335
4905,4909,4953
5008,5011,5402
5052,5054,5458
5204,5217,5459
5348,5350,5442
5416,5483,5485
0,2,249
14,442,599
158,207,361
224,226,307
245,247,559
272,280,454
373,378,418
504,660,742
534,693,715
552,718,874
764,1305,1423
767,874,1130
788,1215,1287
853,854,1075
1013,1090,1104
1051,1174,1262
1052,1211,1564
1065,1222,1270
1179,1417,1554
1320,1322,1581
1330,1660,1717
1449,1684,1707
1477,1484,1588
1543,1544,1603
1614,1739,1773
1623,1692,1723
1682,2029,2050
1696,1913,1930
1730,1737,2262
1787,1788,2106
1815,1828,2245
1823,1827,2139
1957,1963,2637
2134,2418,2477
2147,2357,2384
2175,2330,2438
2233,2413,2563
2239,2461,2608
2293,2680,2764
2386,2428,2903
2471,3037,3181
2670,2750,2794
2763,2786,2798
2769,3081,3142
2876,3212,3291
2900,3019,3248
2931,3043,3179
3010,3013,3263
3108,3147,3333
3140,3176,3621
3188,3282,3341
3269,3272,3275
3571,3594,3842
3579,3640,3653
4008,4272,4394
4013,4055,4484
4047,4050,4057
4058,4060,4409
4273,4434,4508
4278,4289,4380
4345,4349,4403
4379,4413,4415
4395,4715,4773
4426,4730,4783
4466,4469,4966
4542,4695,4793
4640,4808,4809
4656,4670,5317
4689,4924,4947
4772,4774,4955
4891,4915,5056
5042,5343,5384
5172,5173,5467
5208,5215,5320
14,508,563
15,387,395
324,327,443
392,452,536
532,812,870
553,707,746
603,626,638
643,988,1018
664,943,1141
726,988,1158
778,890,1136
800,804,811
808,850,1326
948,987,1173
974,977,1452
1030,1063,1070
1034,1194,1268
1116,1117,1179
1274,1316,1566
1403,1407,1712
1762,2160,2224
1764,2585,2600
1791,1796,2211
1809,2370,2537
2166,2376,2435
2244,2536,2578
2280,2355,2369
2367,2857,3170
2421,2467,2941
2423,2694,2846
2436,2994,3155
2500,2751,2933
2921,2923,3232
2935,2936,3265
3025,3584,3701
3299,3490,3702
3438,3442,3786
3772,3927,3958
3985,4429,4606
4035,4636,4758
4119,4123,4291
4134,4383,4426
4180,4187,4447
4267,4276,4390
4357,4534,4569
4440,4443,4516
4519,4521,4855
4605,4607,4940
4626,4745,4918
4687,4750,4809
4709,4827,4968
4745,4923,4946
4889,4892,4895
4994,5117,5272
5003,5399,5433
5003,5401,5434
5054,5313,5481
5074,5076,5382
5228,5229,5464
5276,5380,5464
105,271,512
151,153,639
174,235,553
236,720,747
504,616,617
563,790,831
596,599,779
776,778,1045
828,873,1125
883,1173,1537
895,896,1043
907,1194,1466
942,963,1087
957,958,1171
1172,1420,1439
1196,1522,1679
1274,1337,1656
1322,1324,1740
1557,1563,1852
1606,1764,2080
1841,1843,2307
1897,2112,2270
1939,2374,2437
2031,2226,2421
2168,2171,2267
2240,2458,2521
2287,2296,2960
2288,2295,2804
2303,2313,2431
2351,2690,2805
2433,2535,2779
2549,2646,2667
2614,2777,2784
2651,2655,2789
2683,2727,2837
2712,2717,2779
2785,3020,3026
2829,2904,2970
2832,2835,3217
2840,3140,3338
2912,2914,3377
2921,3393,3415
3202,3206,3263
3744,3745,4182
3782,3789,3868
3814,3827,3848
3890,3893,4760
3988,4029,4289
4000,4065,4342
4015,4306,4433
4067,4088,4128
4127,4128,4393
4211,4212,4358
4272,4277,4306
4293,4451,4775
4406,4418,4637
4496,4503,4618
4519,4520,4851
4546,4590,4873
4677,4913,4919
4877,4881,4938
4918,5086,5108
4928,5131,5148
4945,4947,5293
4994,5123,5390
5046,5161,5428
5093,5095,5350
5221,5223,5374
5303,5304,5360
129,453,621
184,185,241
217,219,729
360,387,495
392,396,484
394,395,635
731,732,1139
810,817,1168
1102,1380,1439
1204,1753,1879
1315,1317,1573
1515,1517,1711
1577,1736,2079
1618,1621,1653
1683,1942,1982
1697,1912,1974
1704,1996,2038
1733,2080,2252
1966,2032,2148
2189,2323,2482
2314,2363,2679
2374,2375,2680
2410,2917,3071
2434,2438,2444
2531,2549,2589
2676,2833,2949
2818,2825,3267
2873,2943,3214
2963,2964,3281
2968,3012,3277
2976,2999,3294
3018,3021,3083
3120,3130,3253
3147,3149,3229
3154,3324,3550
3165,3627,3651
3189,3341,3406
3523,3527,3856
3566,3774,3799
3607,3894,4166
3661,3664,3809
3768,3810,3811
3803,4030,4071
3955,4288,4766
3977,3981,3999
4071,4072,4402
4079,4085,4416
4177,4178,4415
4284,4425,4440
4322,4331,4485
4420,4688,4710
4480,4756,4803
4556,4806,4885
4647,4819,4820
4773,4885,4941
4776,4782,5071
4795,4796,5241
4838,4995,5265
4840,5003,5013
4900,4904,5070
4940,4952,5156
4979,4984,5036
5068,5091,5130
5370,5372,5450
5380,5391,5467
13,14,508
29,394,402
40,43,670
70,556,592
96,718,874
283,849,964
314,315,601
385,507,648
428,466,949
525,896,954
550,924,930
665,666,1120
696,997,1001
738,739,1006
743,747,1211
759,801,1045
1057,1387,1446
1075,1226,1546
1157,1370,1393
1183,1469,1558
1327,1350,1634
1411,1431,1443
1466,1473,1728
1474,1514,1704
1612,1892,1950
1623,1779,1800
1686,1949,1989
1711,1956,2099
1769,2100,2547
1790,2180,2247
1800,1846,2314
1916,1962,2436
1928,2073,2185
1963,2004,2245
2017,2018,2239
2032,2241,2259
2057,2512,2534
2092,2093,2165
2177,2184,2239
2366,2367,2647
2508,2663,2664
2616,2618,2676
2671,3046,3110
2672,2705,2711
2768,2784,2968
2786,2798,3017
2843,2844,3288
2919,2924,2964
2947,2969,3075
3083,3084,3325
3109,3110,3222
3323,3552,3559
3370,3375,3695
3399,3401,3936
3402,3418,3859
3454,3456,3918
3460,4061,4186
3507,3510,3517
3585,3631,3867
3615,3616,3883
3656,3692,3875
3752,3785,3791
3913,4039,4190
3975,3988,4636
3984,3989,4006
4004,4365,4656
4092,4099,4420
4169,4287,4428
4196,4311,4330
4216,4498,4762
4238,4245,4296
4264,4718,4774
4290,4370,4414
4556,4562,4675
4822,5041,5110
4826,4828,5157
4847,4848,4944
4883,5110,5151
4915,5102,5123
5079,5081,5397
52,53,426
220,272,589
549,868,885
599,790,1004
762,769,1151
762,1084,1152
897,1177,1542
902,1146,1187
929,931,1037
943,964,998
952,1161,1179
997,999,1319
1017,1023,1312
1042,1048,1261
1060,1080,1144
1079,1166,1228
1197,1471,1709
1219,1553,1624
1347,1354,2006
2072,2073,2157
2107,2151,2230
2200,2255,2257
2205,2388,2507
2269,2305,2770
2503,3044,3183
2576,2628,2720
2647,2808,2987
2688,2840,3126
2742,2920,2987
3058,3065,3284
3082,3196,3349
3087,3129,3339
3152,3154,3335
3257,3416,3538
3487,3491,3508
3698,3758,3815
3864,4093,4110
3979,4321,4748
4033,4036,4071
4034,4080,4554
4124,4137,4776
4232,4233,4418
4236,4244,4531
4259,4558,4777
4305,4462,4510
4393,4573,4723
4416,4736,4772
4434,4437,4811
4445,4446,4888
4468,5097,5337
4472,4750,4912
4484,4536,4998
4504,4845,4914
4507,4512,4918
4586,4840,4860
4660,4661,4938
4692,4734,4937
4744,5068,5290
4765,4767,4846
4774,4944,5170
4799,5098,5317
4976,5368,5423
5038,5194,5424
5048,5054,5096
5082,5200,5405
5449,5456,5493
195,251,534
214,268,773
272,280,636
320,325,369
536,903,920
576,758,916
705,820,1098
778,1136,1173
921,925,1015
971,972,1447
1332,1337,1704
1404,1450,1882
1434,1435,1681
1459,1462,1611
1514,1548,1620
1636,2049,2057
1784,1790,1835
1869,2143,2226
1932,2051,2199
1991,2049,2116
2027,2032,2150
2219,2410,2624
2257,2522,2630
2287,2294,2304
2364,2369,2431
2570,2669,2760
2635,2792,3038
2798,3064,3123
2847,2876,3210
2873,2987,3262
2911,2949,3306
2992,3103,3198
3040,3041,3318
3116,3391,3618
3129,3188,3282
3168,3169,3342
3241,3392,3670
3248,3446,3709
3296,3330,3333
3376,3385,4047
3416,3738,3832
3431,3924,4240
3588,3743,3744
3771,3780,3790
3799,3955,4022
3933,4423,4707
3979,4473,4785
3988,4332,4643
4004,4365,4410
4018,4130,4263
4131,4144,4782
4403,4642,4750
4445,4837,4886
4647,4649,4952
4718,4907,4937
4804,5258,5314
4838,5265,5271
4869,4874,4875
4916,5320,5342
4954,5207,5226
4985,4986,5428
5062,5175,5435
5079,5121,5365
5123,5394,5397
5133,5391,5410
5156,5198,5439
52,92,94
142,203,668
211,212,409
383,385,478
415,419,470
415,717,973
447,448,526
643,929,1018
686,691,740
698,746,1009
914,917,1149
943,1213,1490
955,1257,1513
1039,1204,1254
1079,1401,1418
1119,1360,1400
1126,1310,1368
1208,1260,1777
1223,1224,1668
1263,1521,1529
1314,1318,1674
1424,1437,1679
1675,1686,1702
1986,1988,2215
2040,2047,2173
2074,2244,2470
2088,2154,2262
2109,2270,2636
2197,2200,2257
2212,2638,2644
2272,2616,2626
2279,2332,2849
2287,2294,2731
2354,2417,2736
2513,2516,2574
2607,2689,2793
2627,2628,2694
2816,2866,3202
3005,3007,3294
3053,3079,3085
3094,3098,3308
3121,3125,3152
3255,3291,3311
3326,3338,3557
3392,3670,3719
3457,3821,3871
3577,3605,4252
3663,3788,3880
3679,3685,3959
3720,3721,3784
3726,3727,4061
4025,4379,4415
4090,4132,4608
4151,4356,4364
4194,4235,4673
4203,4330,4417
4354,4378,4523
4360,4534,4783
4364,4541,4788
4445,4611,4725
4540,4543,4646
4583,4585,5057
4639,4875,5024
4657,4695,4963
4756,4877,4884
4757,4758,4902
4810,4817,4962
4828,5288,5309
4831,4988,5345
5152,5214,5483
5200,5415,5451
5256,5257,5480
216,355,605
238,289,577
268,269,323
487,657,700
513,519,729
645,944,965
702,708,1127
752,794,1032
887,889,1155
919,947,1216
921,922,1084
1063,1250,1295
1248,1255,1667
1424,1437,2076
1454,1457,1689
1617,1773,2085
1620,2003,2038
1638,1951,1977
1767,1770,1841
1814,1837,1877
1859,1870,2518
1940,1946,2261
1996,2201,2208
2275,2658,2761
2400,2402,2819
2448,2490,2926
2659,2747,2874
2924,3288,3331
3157,3182,3205
3188,3190,3460
3289,3292,3296
3534,3548,3812
3660,3667,3793
3742,3748,3961
3931,3980,4244
3956,3963,4078
3997,4060,4100
4029,4289,4333
4065,4067,4400
4072,4113,4365
4084,4087,4191
4104,4106,4539
4153,4177,4286
4236,4238,4296
4316,4683,4700
4580,4584,4591
4598,4811,4815
4614,4622,5281
4721,4760,5198
4844,5104,5121
4879,5035,5056
4943,5182,5290
4954,4963,5205
4971,5049,5117
4971,5052,5395
4976,5302,5319
5140,5367,5473
5179,5383,5415
5214,5217,5506
5337,5338,5344
96,436,627
159,534,608
301,328,379
313,317,340
362,604,627
415,469,533
489,641,706
677,732,1139
710,1100,1167
883,981,1058
1236,1537,1541
1241,2057,2071
1292,1294,1757
1507,1516,1632
1547,1548,1614
1575,1733,2064
1768,2397,2637
1870,2084,2257
2152,2153,2228
2225,2226,2575
2233,2452,2563
2312,2590,2639
2377,2629,2799
2416,2417,2736
2507,2755,2940
2555,2581,2586
2614,3055,3117
2676,2835,2907
2815,2894,2936
2842,2915,3252
2948,2951,3215
3094,3098,3570
3110,3240,3376
3234,3259,3283
3322,3611,3652
3457,3821,4117
3468,3587,3732
3485,3991,4144
3571,4131,4246
3583,3836,3873
3593,3596,3654
3599,3645,3858
3739,4010,4068
3847,3850,4166
3888,3896,4343
3943,3950,4643
3971,3972,4300
4061,4072,4720
4130,4171,4407
4146,4188,4394
4187,4192,4310
4232,4315,4377
4243,4244,4303
4243,4245,4336
4332,4337,4615
4332,4488,4652
4453,4730,4920
4572,4586,5239
4681,4683,4834
4751,4948,5184
4868,5017,5330
4984,5378,5461
5263,5358,5461
5,95,706
48,53,962
91,429,437
161,584,639
571,764,804
593,596,599
656,982,1139
703,735,1396
723,725,1051
738,1004,1086
740,747,1119
754,789,908
771,873,1141
929,1027,1150
934,936,975
989,1154,1162
1002,1003,1010
1070,1223,1504
1200,1275,1289
1444,1985,2089
1476,1578,1598
1652,1822,2044
1666,1712,1847
1794,2099,2130
1943,1947,2252
1958,2000,2477
2020,2027,2287
2104,2249,2256
2106,2118,2413
2125,2284,2403
2183,2218,2237
2344,2685,2754
2385,2398,2793
2386,2432,2904
2581,2605,2725
2658,2678,2761
2689,2700,2836
2842,2892,3159
2888,2933,3190
2956,2957,3265
2978,3191,3195
3015,3076,3118
3163,3170,3223
3193,3523,3548
3388,3389,3672
3614,3814,3827
3786,3788,3818
4153,4157,4217
4196,4198,4321
4253,4330,4344
4329,4408,4476
4339,4495,4516
4345,4349,4629
4610,4613,5041
4665,4670,4711
4670,4919,4955
4762,4793,4870
4892,5059,5312
4960,4966,5226
5241,5301,5371
5398,5433,5486
5432,5478,5481
467,472,758
510,591,722
519,994,1010
522,523,955
552,557,619
655,656,1103
680,1015,1460
691,692,1095
815,857,1107
816,834,847
937,1159,1175
976,1258,1519
1164,1395,1498
1167,1375,1522
1208,1211,1724
1295,1301,1454
1496,1532,1715
1678,1688,1704
1739,1794,2101
1846,1892,2364
1932,1935,2199
1958,2004,2245
1984,2259,2627
2061,2138,2250
2076,2077,2213
2078,2138,2195
2088,2089,2262
2095,2096,2541
2135,2266,2289
2144,2297,2621
2199,2223,2372
2276,2277,2759
2370,2378,2791
2406,2453,2881
2427,2434,3086
2449,2517,2762
2492,2929,2946
2652,2815,2936
2732,2899,3152
2756,2942,3182
2782,3005,3068
2935,2937,3194
3175,3623,3683
3292,3330,3331
3429,3990,4157
3472,3485,4131
3495,3560,3822
3649,3653,3705
3668,3671,3862
3740,3826,3827
3755,3842,3843
3756,3915,3934
3958,4114,4344
4065,4282,4286
4088,4233,4345
4113,4371,4414
4160,4203,4417
4274,4434,4508
4341,4345,4401
4383,4579,4682
4464,4958,4962
4621,4768,4881
4632,4899,4960
4633,5108,5131
4721,4724,5156
4767,4768,4956
4783,4785,4849
4785,4786,5269
4847,4999,5334
4850,5003,5334
4917,5223,5240
4947,5155,5302
84,107,316
121,129,218
135,137,452
137,541,968
201,751,904
296,350,794
298,300,578
499,500,632
582,583,913
604,804,923
622,845,864
718,1266,1381
748,862,970
813,915,1159
821,832,1058
829,849,861
899,901,1334
913,937,1046
944,1143,1334
1095,1119,1244
1117,1297,1451
1334,1336,1572
1349,1375,1380
1372,1395,1434
1381,1928,2073
1432,1474,1688
1488,1491,1923
1495,1499,1550
1664,1668,1838
1729,1765,2434
1759,1764,2046
1769,2066,2547
1855,1856,2185
1856,1975,2125
1884,2003,2194
1911,1912,2242
1925,2402,2423
1939,1940,2230
1989,2228,2262
2193,2478,2503
2357,2378,2390
2534,2971,2988
2603,2604,3039
2848,3477,3717
2905,2908,3188
2905,3169,3188
3160,3161,3316
3314,3315,3635
3349,3385,3850
3378,3381,3454
3518,3799,3869
3726,3736,3747
3744,3745,3856
3846,3868,3880
3870,4121,4264
3913,3964,4263
3940,4064,4277
4112,4115,4279
4264,4718,4734
4354,4527,4549
4388,4404,4588
4554,4557,4618
4661,4667,4964
4835,4836,5269
4837,5167,5226
4901,5091,5203
4950,5210,5343
4968,4976,4986
4999,5004,5286
5156,5158,5415
5182,5203,5244
5289,5291,5499
5346,5367,5473
16,22,36
32,116,483
57,411,417
64,69,372
71,378,418
80,247,385
210,218,226
264,283,453
330,335,344
536,537,597
648,664,1141
666,1174,1186
716,1051,1130
746,747,1027
769,1013,1183
831,1053,1057
935,936,1044
1012,1019,1125
1018,1019,1184
1037,1196,1522
1041,1206,1560
1290,1291,1985
1489,1493,1508
1520,1523,1958
1622,1635,1776
1796,1918,2132
1809,1813,1832
1866,1870,1911
1925,2125,2191
1952,1953,2221
1952,2389,2450
2027,2032,2037
2049,2051,2259
2077,2080,2102
2122,2126,2183
2124,2280,2362
2158,2193,2246
2232,2436,2461
2370,2378,3037
2386,2430,2713
2392,2396,2777
2459,2684,2685
2562,2563,2675
2603,2604,2660
2872,2919,3237
2912,2958,3429
3011,3014,3117
3043,3590,3723
3061,3063,3302
3146,3178,3196
3183,3289,3333
3237,3440,3704
3294,3596,3654
3309,3509,3574
3327,3567,3683
3350,3404,3770
3360,3414,3483
3360,3437,3504
3457,3560,3850
3485,3699,3875
3515,3517,3944
3546,3553,3665
3552,3553,3817
3637,3748,3860
3643,3913,4187
3649,3704,3762
3703,3763,3887
3767,3977,4004
3819,4060,4100
3889,3895,4393
3895,4067,4287
3919,4204,4318
3927,3931,4323
4040,4044,4406
4191,4193,4346
4198,4321,4406
4281,4314,4321
4346,4347,4624
4460,4795,5240
4471,4807,4930
4474,4478,4526
4548,4549,4807
4591,5040,5067
4716,4818,4838
4808,4810,4902
4827,4984,5260
4865,4988,5021
5009,5012,5416
5025,5029,5093
24,27,513
56,575,588
108,119,276
202,208,289
385,478,568
430,553,625
631,876,1019
677,730,1001
705,710,1098
824,1255,1322
848,1115,1163
961,965,992
1093,1250,1409
1119,1151,1166
1178,1462,1503
1196,1206,1370
1218,1248,1579
1350,1633,1665
1351,1625,1774
1376,1378,1853
1406,1407,1693
1459,1487,1756
1542,1547,1656
1632,1640,1707
1637,1796,1918
1734,1737,2111
1778,2268,2447
1793,1798,2182
1820,1939,2168
1877,2185,2196
1923,1925,2400
1960,1962,2163
2028,2067,2253
2061,2063,2250
2128,2588,2609
2169,2174,2175
2257,2531,2629
2288,2291,3151
2524,3071,3169
2541,2599,2610
2680,2851,2973
2699,2701,3018
2866,3348,3533
2906,3190,3283
2935,3178,3344
2980,3020,3276
2991,3261,3277
3059,3101,3311
3206,3262,3263
3251,3677,3691
3294,3484,3501
3300,3497,3503
3420,3470,3935
3426,3805,3861
3444,4005,4129
3446,3448,3730
3502,3611,3849
3532,3594,3863
3744,3856,3857
3775,4031,4048
3929,4260,4420
3942,3951,4615
4002,4325,4391
4029,4142,4243
4134,4294,4295
4329,4476,4803
4472,4597,4871
4584,4889,4901
4663,4799,4905
4804,5258,5274
4843,5030,5075
4876,5030,5296
4885,4888,4892
5033,5037,5100
5068,5182,5290
5123,5124,5429
5147,5346,5367
5395,5457,5498
31,54,114
35,703,868
56,541,574
75,145,178
393,394,508
473,474,545
526,680,1000
528,570,571
549,697,978
635,894,901
661,662,990
691,762,1097
729,733,752
818,824,1169
831,951,1107
1126,1419,1483
1152,1356,1381
1218,1245,1358
1312,1316,1697
1315,1606,1733
1320,1365,1637
1381,1701,2041
1515,1579,1666
1553,1630,1644
1780,2056,2103
1837,2378,2536
2030,2302,2539
2122,2128,2182
2126,2182,2183
2449,2453,2470
2499,2562,2618
2676,2679,2708
2828,2885,3422
2906,3189,3282
2973,3012,3277
3195,3575,3592
3235,3386,3706
3279,3303,3452
3297,3298,3600
3415,3417,3740
3551,3577,3582
3762,4195,4216
3811,4004,4044
3895,3974,4016
3933,4751,4800
4053,4311,4330
4118,4123,4164
4211,4212,4327
4390,4607,4716
4394,4408,4602
4448,4500,5017
4467,4496,4830
4651,4716,4826
4674,4675,4921
4887,4911,5048
4888,4938,4939
4930,5141,5256
5000,5003,5435
5220,5244,5409
5290,5323,5389
78,79,438
103,104,481
115,116,596
152,157,205
168,468,475
258,260,720
310,619,979
397,405,509
458,459,646
640,646,906
698,820,929
901,1336,1355
982,1266,1525
1066,1220,1540
1075,1137,1178
1308,1574,1695
1315,1316,1645
1349,1413,1670
1378,1380,1854
1384,1447,1509
1458,1459,1611
1525,1533,1645
1539,1870,2082
1646,1927,1986
1718,1981,2003
1732,1733,2064
1749,1783,1789
1916,1921,1961
1932,1933,2227
1956,1970,2216
2115,2178,2179
2159,2481,2498
2291,2294,2629
2544,2550,2711
2547,2588,2782
2608,2894,3121
2619,2950,3164
2650,2657,2802
2706,2739,2905
2715,2867,2888
2825,2956,3219
2849,3180,3340
2878,3142,3319
2955,2958,3061
2970,2973,3255
2989,2993,3010
3175,3176,3233
3241,3671,3720
3292,3475,3718
3312,3343,3516
3335,3604,3704
3337,3611,3709
3555,4102,4210
3759,3876,3887
3827,4072,4113
3839,4238,4245
3873,4128,4135
3928,3954,3956
3955,3957,4279
3984,4545,4669
4076,4121,4390
4078,4113,4229
4146,4148,4375
4309,4320,4456
4318,4354,4468
4332,4488,4495
4350,4351,4631
4423,4710,4728
4457,4508,4817
4475,4479,4549
4495,4982,5340
4501,4505,4566
4637,4639,4887
4731,4733,4837
4817,4976,5302
4834,5118,5177
4888,5051,5307
4918,5108,5131
4980,5057,5124
5042,5046,5384
5395,5396,5458
76,221,230
80,655,827
359,364,411
434,468,540
524,781,806
525,636,730
547,548,578
650,657,1520
731,733,1270
757,860,1150
859,861,1118
916,936,975
947,952,1070
1068,1219,1554
1110,1281,1299
1129,1132,1136
1132,1315,1558
1237,1239,1776
1297,1844,1996
1382,1395,1655
1545,2007,2031
1611,1729,1900
1622,1634,1708
1683,1876,1895
1768,1769,2052
1774,1777,2594
1775,1804,2144
1936,1943,2593
2181,2354,2468
2378,2385,3036
2451,2452,2727
2549,2647,2770
2658,2825,2835
2717,2721,2778
2736,2915,3074
2746,3039,3103
2792,3043,3141
2855,2859,2880
3074,3287,3466
3147,3148,3226
3232,3509,3574
3368,3425,3962
3375,3887,4194
3404,3452,3917
3427,3432,3439
3496,3763,3917
3530,3533,3961
3569,3676,3792
3642,3646,3662
3801,3964,3971
3958,4341,4614
4061,4065,4070
4306,4512,4779
4343,4367,4500
4351,4519,4541
4369,4559,4677
4430,4433,5300
4567,4590,4874
4579,4860,4924
4608,4650,4894
4639,4641,4898
4756,4788,4860
4808,4902,4961
4836,4995,5014
4843,5002,5075
4852,4928,5007
4981,5322,5331
5117,5123,5277
5124,5126,5486
5178,5201,5475
5201,5470,5478
5214,5217,5463
42,218,411
75,81,179
115,671,1024
123,128,217
331,337,387
367,371,390
399,402,611
442,557,619
920,923,1397
1013,1085,1183
1077,1280,1544
1097,1101,1374
1147,1360,1469
1242,1251,1915
1327,1395,1658
1378,1832,1855
1437,1673,1679
1447,1468,1558
1628,1778,1826
1757,1813,2350
1762,2151,2427
1807,1815,2243
1834,2110,2150
1851,2212,2250
1855,1857,2113
1905,1907,2183
2235,2559,2611
2410,2524,2740
2415,2418,2477
2473,2474,2947
2493,2670,2671
2514,2515,2783
2522,2681,2682
2642,2665,2805
2673,2679,2726
2704,2855,2886
2763,2956,3019
2819,2822,3686
2820,3435,3561
2846,2898,3166
2984,2985,3257
2998,2999,3300
3001,3064,3105
3030,3072,3298
3231,3392,3401
3233,3621,3682
3241,3340,3343
3243,3245,3312
3314,3524,3545
3419,3424,3431
3513,3771,3790
3544,3548,3768
3545,3547,3764
3545,4022,4043
3669,3728,3822
3738,3907,4039
3747,3850,3853
3781,3932,4210
3793,3796,3815
3861,4086,4205
3879,4156,4254
3897,4171,4178
3947,3949,4268
3970,4239,4315
4030,4092,4387
4137,4177,4399
4221,4292,4414
4242,4247,4530
4278,4453,4579
4507,4522,5169
4542,4864,4932
4650,4692,4918
4652,5089,5106
4663,4916,4953
4677,4957,5322
4784,4896,4904
4821,4984,5036
4832,4995,5344
4854,5013,5035
4866,4898,4960
4911,4923,4940
5109,5228,5383
5162,5175,5435
470,624,641
508,646,948
590,889,948
617,830,853
648,663,706
670,1007,1016
683,964,1128
729,733,796
918,926,1189
926,933,1026
1038,1207,1339
1064,1135,1270
1065,1066,1134
1193,1540,1712
1232,1233,1636
1235,1799,1927
1346,1600,1620
1549,1656,1719
1621,1772,2050
1772,1818,2162
1816,1819,2282
1999,2038,2161
2041,2065,2185
2121,2125,2179
2149,2302,2539
2302,2691,2967
2318,2366,2629
2358,2362,2706
2455,2458,2493
2512,2517,2557
2562,2619,2675
2704,3092,3146
2746,2792,2927
2844,3112,3117
2873,2941,3006
2906,2907,3284
2908,3256,3325
2963,3439,3461
3029,3091,3333
3047,3501,3524
3090,3314,3522
3137,3138,3282
3154,3595,3612
3227,3228,3271
3238,3449,3466
3265,3435,3555
3298,3317,3486
3300,3301,3647
3307,3310,3626
3313,3525,3644
3415,3748,4226
3751,3752,3830
3991,3997,4419
4049,4052,4154
4089,4102,4336
4167,4170,4644
4283,4284,4425
4382,4426,4575
4490,4535,4840
4600,5147,5256
4795,5243,5261
4877,5039,5161
4928,4929,5241
5059,5061,5395
288,369,612
323,325,402
414,416,452
465,466,602
523,650,684
608,629,641
677,684,1502
838,873,989
839,1135,1176
922,982,1013
923,1151,1355
954,991,1432
1013,1083,1152
1020,1174,1425
1064,1065,1135
1190,1244,1610
1229,1230,1768
1231,1353,1462
1256,1263,1671
1293,1356,1421
1351,1800,1827
1363,1922,2046
1406,1408,1662
1475,1479,1531
1487,1496,1756
1563,1669,1713
1668,1851,2099
1693,1912,2023
1807,1815,2469
1884,1891,2246
1917,1920,1979
1925,2191,2356
1991,2032,2241
2066,2101,2548
2106,2107,2233
2108,2203,2326
2141,2422,2489
2257,2525,2629
2263,2550,2609
2275,2447,2667
2326,2330,2659
2350,2619,2695
2508,2515,2805
2513,2539,2545
2534,2734,2747
2837,2892,3299
2843,3239,3273
2852,3251,3255
2875,3366,3720
2953,2956,2991
3178,3179,3344
3246,3247,3340
3292,3478,3723
3300,3304,3619
3431,3687,3876
3488,3491,3754
3559,3994,4057
3598,3605,3824
3629,3895,4176
3662,3665,4139
3679,3688,3801
3739,3740,3872
3863,4092,4211
4036,4511,4534
4170,4363,4394
4229,4667,4731
4311,4429,4600
4398,4401,4741
4478,4506,4548
4501,4505,4610
4555,4846,4973
4619,4774,4915
4681,5116,5135
4722,4723,4835
4735,4736,4853
4847,5000,5286
4857,5060,5324
4883,5046,5151
4971,4974,5095
5015,5039,5053
5030,5296,5487
5145,5362,5366
21,26,133
172,183,337
454,895,912
464,757,1007
514,669,748
532,533,608
655,708,1128
673,674,1070
750,751,1445
767,793,798
848,1395,1504
879,1212,1480
1051,1213,1262
1068,1070,1391
1363,1430,1696
1381,1652,1701
1428,1697,1725
1568,1570,1662
1572,1814,1856
1590,1591,1671
1760,1763,2195
1765,1778,2230
1814,1928,2073
1819,1821,2358
1824,1829,1846
1828,1890,2205
1887,1894,2116
1921,2462,2613
2011,2111,2178
2106,2278,2452
2228,2431,2448
2456,2498,2739
2458,2460,2750
2465,2467,2941
2473,2734,2903
2507,2984,3005
2553,2557,2564
2561,2564,2771
2640,2794,3045
2721,2725,2781
2721,2884,3005
2966,3220,3240
3034,3097,3335
3044,3051,3696
3094,3135,3331
3290,3291,3586
3326,3583,3624
3358,3367,3840
3442,3504,3821
3532,3643,3738
3560,3566,3677
3592,3634,3848
3722,3743,3856
3756,3803,3908
4039,4142,4405
4171,4277,4409
4188,4226,4665
4346,4627,4686
4396,4613,4630
4478,4480,4817
4495,4755,4763
4515,4520,4527
4647,4652,4763
4769,4770,4910
4911,5072,5095
4912,5098,5343
5036,5193,5301
5246,5253,5346
5271,5455,5466
5,94,588
193,199,603
256,335,621
312,314,766
390,434,624
449,887,951
512,673,724
589,596,633
632,880,899
675,1534,1550
697,991,1181
715,717,1254
748,970,1165
768,771,1154
928,929,1034
1035,1415,1432
1044,1156,1157
1118,1119,1447
1247,1286,1663
1259,1267,1701
1322,1324,1584
1328,1331,1595
1420,1455,1560
1588,1726,2028
1744,1796,2099
1826,1827,2204
1921,2181,2188
1995,1996,2231
2278,2293,2952
2300,2600,2798
2363,2367,2831
2489,2510,2551
2528,2530,2765
2535,2536,2771
2548,2552,2606
2661,2665,2719
2691,2852,2861
2800,3089,3129
2847,2850,2872
2850,2853,3239
3043,3141,3218
3101,3141,3330
3159,3490,3704
3262,3425,3486
3340,3611,3669
3366,3874,3886
3369,3372,3443
3391,3392,3795
3448,3792,3867
3458,3462,3851
3497,3503,3864
3560,3562,3823
3594,3841,3863
3656,3771,3790
3846,3862,4041
3947,4277,4422
4001,4248,4255
4011,4113,4381
4097,4139,4574
4132,4135,4608
4170,4172,4334
4190,4289,4380
4365,4558,4670
4443,4446,4822
4517,4522,4893
4718,5192,5215
4724,4726,4882
4898,5073,5140
4899,4923,5072
4939,4947,5299
4984,5369,5460
5122,5183,5195
5136,5140,5475
5214,5221,5325
5240,5282,5480
69,70,555
129,161,218
167,171,474
181,328,479
203,206,668
290,291,535
312,366,598
355,577,580
675,1514,1534
679,682,1078
737,741,759
809,916,1152
880,881,1158
928,1273,1525
938,1412,1435
1145,1495,1516
1233,2051,2066
1255,1588,1723
1314,1332,1345
1327,1887,2012
1391,1455,1692
1501,1525,1645
1577,1725,2021
1588,2048,2069
1654,1667,1688
1720,1726,1986
1736,1746,1910
1747,1754,2191
1780,2103,2180
1921,2468,2613
1947,1952,2252
2208,2212,2385
2470,2473,2946
2501,2507,2804
2526,2568,3003
2527,2530,2591
2584,2729,2783
2651,2812,3159
2681,2766,2838
2816,3142,3159
2837,2844,3662
2851,2900,3164
2881,2949,3221
2882,2883,3185
2948,3375,3447
2970,2973,3328
2998,3475,3496
3068,3503,3566
3122,3125,3599
3160,3338,3599
3238,3388,3719
3426,3468,3727
3434,3693,3861
3476,3588,3722
3503,3774,3777
3636,3675,3871
3750,3751,3874
3773,3882,3927
3961,3966,4346
3990,3995,4388
4037,4345,4356
4134,4137,4426
4189,4193,4208
4242,4249,4356
4283,4284,4397
4356,4535,4541
4525,4789,4808
4793,4794,4963
4848,4944,4999
4919,5110,5324
5012,5137,5411
5107,5111,5173
5109,5369,5413
7,727,854
46,89,155
126,127,599
185,188,490
243,270,403
467,468,534
539,858,883
563,598,617
594,595,893
695,699,720
713,717,780
768,1034,1155
788,789,1049
794,836,1095
796,1063,1217
817,818,1092
1022,1043,1156
1132,1558,1564
1225,1239,1278
1295,1297,1688
1308,1315,1694
1342,1345,1404
1348,1390,1643
1406,1841,1860
1558,1559,1572
1571,1577,1793
1571,1733,2064
1572,1737,1757
1579,1581,1666
1651,1819,1841
1824,1845,1857
1979,2026,2457
2016,2073,2102
2050,2330,2596
2192,2359,2612
2226,2423,2442
2368,2712,2787
2498,2544,2785
2510,3057,3159
2585,2586,3060
2591,3045,3068
2614,3055,3072
2680,2691,2767
2687,2731,2839
2694,2731,2846
2825,3219,3267
2881,2885,2990
2908,3252,3563
2980,3001,3041
3030,3032,3466
3058,3062,3068
3198,3373,3499
3290,3586,3650
3292,3296,3472
3325,3563,3676
3480,3485,3525
3527,4072,4183
3544,3650,3768
3825,3832,3870
3896,4344,4379
3923,4051,4321
3956,4278,4372
4025,4357,4417
4191,4192,4419
4362,4693,4716
4366,4659,4723
4376,4780,4802
4435,4607,4716
4512,4856,4917
4528,4551,4590
4566,4608,5040
4640,4642,4903
4656,4664,4916
5002,5003,5434
5444,5497,5499
34,41,207
191,337,596
364,429,496
453,565,621
589,593,891
592,596,772
687,713,825
753,757,1122
773,818,1092
936,937,1160
1026,1198,1372
1033,1366,1383
1096,1100,1242
1114,1138,1283
1124,1548,1555
1197,1712,1725
1221,1224,1608
1234,1237,1727
1256,1592,1671
1280,1282,1628
1311,1413,1681
1434,1545,1683
1478,1667,1697
1484,1918,1981
1742,1745,2084
1749,1753,2141
1756,1763,1773
1793,1859,1871
2377,2531,2744
2398,2438,2712
2538,2549,2809
2562,2566,2582
2633,2640,2705
2655,2657,2718
2673,2831,3155
2953,2959,3229
2984,3415,3482
3001,3321,3661
3012,3013,3307
3046,3050,3225
3073,3136,3200
3316,3317,3642
3322,3548,3652
3340,3608,3630
3427,3435,4089
3510,3513,3795
3597,4138,4244
3687,3688,3876
3809,3980,4099
3968,4013,4270
4021,4024,4085
4063,4622,4746
4092,4095,4420
4333,4349,4636
4519,5009,5325
4633,4634,4855
4686,4691,4732
4772,4773,4857
4919,5108,5318
109,116,595
164,165,224
213,249,940
252,256,616
271,273,590
502,506,563
542,551,705
573,744,771
645,943,998
698,929,1150
871,1431,1546
873,1050,1051
963,1088,1180
1130,1429,1488
1264,1605,1674
1340,1347,1630
1357,1359,1634
1369,1929,2052
1462,1522,1553
1484,1486,1642
1539,1660,1831
1830,1838,2497
1895,1941,2373
1918,1953,2254
1987,2008,2098
2043,2166,2198
2095,2246,2252
2138,2221,2233
2280,2360,2706
2298,2862,3035
2402,2620,2642
2413,2419,2689
2444,2446,2718
2480,2486,2801
2647,2691,2974
2663,2777,2820
2681,2683,2962
2687,2839,3174
2708,2711,2807
2858,3186,3313
3034,3075,3307
3187,3355,3527
3299,3488,3698
3383,3781,3814
3424,3431,3545
3539,3541,3835
3570,3617,4049
3572,3573,3841
3573,3750,3751
3601,4036,4055
3655,3656,3773
3737,3872,3885
3896,4222,4379
3940,3941,4340
3954,4438,4578
4009,4010,4475
4049,4113,4370
4450,4773,4847
4487,4489,5026
4873,4876,4945
5199,5260,5273
5352,5354,5475
5420,5485,5487
27,28,519
130,144,284
154,214,728
233,238,369
431,885,908
484,485,935
489,582,583
506,837,904
551,977,991
634,887,951
636,644,892
656,666,1103
691,718,762
721,725,830
739,740,1120
754,755,1092
809,873,1130
1072,1073,1182
1108,1527,1534
1237,1564,2014
1418,1420,1659
1474,1476,1515
1633,1636,1655
1646,1702,1809
1667,1851,1953
1717,1982,2090
1726,2050,2083
1779,1781,2316
1930,1935,1974
2147,2150,2357
2169,2317,2598
2209,2213,2255
2215,2405,2466
2307,2333,2445
2461,3002,3153
2507,2509,2653
2684,2686,2754
2957,3227,3228
3019,3021,3453
3048,3160,3317
3067,3088,3178
3073,3363,3633
3149,3150,3211
3196,3357,3631
3252,3257,3319
3254,3565,3590
3344,3638,3654
3350,3404,3920
3446,3560,3669
3597,3877,4242
3811,3952,3979
3819,3843,3992
3905,4299,4347
3914,4310,4351
4085,4087,4304
4127,4604,4625
4166,4171,4277
4269,4270,4693
4272,4274,4715
4307,4350,4404
4310,4745,4795
4311,4478,4600
4369,4376,4413
4382,4578,4637
4391,4400,4412
4441,4444,4833
4556,4825,4937
4663,4704,4945
4855,5111,5128
5016,5342,5364
5025,5094,5159
5044,5046,5455
5152,5175,5214
5262,5319,5375
5277,5279,5388
5287,5296,5412
3,8,76
18,105,479
275,281,290
294,310,973
329,335,344
339,348,580
411,621,639
493,494,614
510,512,590
519,674,1009
556,710,976
578,910,927
648,658,1333
658,665,1107
732,1060,1139
743,747,1059
752,798,1269
894,1005,1143
901,903,1054
914,1351,1368
919,947,1060
968,970,1003
1192,1538,1595
1205,1528,1660
1299,1344,1649
1301,1302,1611
1354,1361,2013
1355,1357,1784
1490,1589,1680
1540,1700,1718
1731,1734,1808
1733,1734,2272
1754,2089,2192
1757,1764,2582
1860,1862,2121
2036,2088,2180
2095,2543,2561
2293,2419,2570
2312,2321,2715
2328,2634,2646
2332,2383,2847
2363,2406,2672
2394,2412,2425
2419,2669,2689
2508,2773,2781
2518,2522,2807
2553,2563,2818
2584,2908,3130
2600,2602,2633
2711,3137,3151
2724,2728,2879
2741,2745,3036
2896,2944,3360
3005,3006,3293
3026,3461,3524
3072,3119,3551
3096,3364,3640
3137,3138,3189
3201,3364,3416
3348,3349,4061
3350,3409,3946
3380,3383,3815
3396,3722,3744
3468,3469,3727
3552,3671,3819
3698,3700,3815
3789,4105,4130
3857,3864,3876
3901,3906,4230
4022,4240,4262
4114,4155,4387
4139,4141,4574
4238,4294,4382
4283,4443,4516
4334,4408,4485
4430,4484,4850
4432,4436,4701
4740,4747,5023
4867,4868,5227
4879,4915,4934
4976,5145,5257
4989,4993,5381
5027,5066,5443
42,453,469
58,70,244
215,217,242
216,219,352
423,424,548
698,726,768
700,976,1023
746,1030,1123
951,952,1161
951,953,1384
1041,1204,1256
1043,1373,1390
1188,1196,1643
1201,1528,1593
1238,1240,1577
1334,1376,1853
1388,1428,1693
1388,1645,1652
1438,1445,1664
1448,1449,1684
1599,1754,2089
1653,1941,1958
1706,1916,1939
1807,1822,2469
1823,1871,2289
1827,1829,2167
1828,2172,2247
1874,1919,2209
1912,2220,2567
1974,2134,2135
1984,2204,2259
2071,2073,2102
2202,2261,2380
2220,2417,2423
2282,2625,2794
2448,2495,2927
2485,2488,2505
2505,2507,2982
2567,2572,2577
2595,2597,2791
2653,2986,3003
2693,2694,3081
2907,3251,3347
2915,2921,3308
3153,3265,3321
3162,3163,3170
3242,3255,3396
3248,3398,3446
3250,3304,3307
3281,3288,3331
3296,3485,3696
3385,3398,4054
3537,3540,3644
3544,3609,3849
3627,3669,3879
3631,3638,3737
3870,4130,4263
3894,3897,4271
3913,3914,4310
3920,4220,4418
3964,3971,4375
4239,4357,4360
4299,4427,4734
4490,5031,5194
4519,4520,4900
4602,4604,5032
4612,5112,5270
4701,4702,4864
4717,4718,4939
4789,4896,4959
4812,4887,4911
5054,5117,5436
5064,5068,5414
5390,5498,5502
0,22,248
18,23,446
86,96,310
154,184,188
176,181,590
183,193,635
196,283,597
226,712,739
304,332,383
547,548,907
568,731,987
616,942,964
655,1198,1372
702,718,1159
710,1251,1414
772,785,1431
938,939,1098
957,1148,1348
970,1092,1100
1057,1059,1106
1128,1311,1557
1220,1223,1554
1228,1233,1512
1343,1792,1819
1420,1635,1671
1492,1701,1719
1648,1814,2041
1701,1935,2044
1798,2181,2454
1812,1819,2218
1814,1856,2106
1868,2168,2291
1890,1897,2010
1946,1947,2233
2074,2075,2513
2165,2168,2194
2168,2321,2630
2256,2264,2512
2307,2358,2382
2310,2313,2699
2543,3019,3040
2550,2552,2714
2624,2917,3169
2647,2815,2987
2654,2804,2811
2857,3184,3634
2913,2976,3041
2996,3041,3310
3066,3113,3544
3108,3146,3328
3178,3180,3196
3228,3230,3551
3387,3390,3412
3482,3748,3777
3517,3730,3732
3529,3597,3842
3553,3554,3837
3569,3859,4219
3583,3643,3681
3713,3720,3785
3788,3986,4249
3816,3817,4145
3890,3949,4486
3972,4239,4300
3976,4024,4440
3979,4232,4418
3988,4210,4405
4005,4008,4015
4023,4141,4296
4110,4114,4155
4124,4137,4379
4151,4169,4209
4290,4292,4554
4295,4296,4729
4305,4374,4375
4472,4750,4799
4488,4495,4907
4517,4521,4539
4519,4521,4856
4603,4670,4936
4673,4677,4856
4753,4755,4821
4934,5147,5208
4993,4994,5431
5080,5143,5208
5253,5260,5358
12,15,491
92,96,499
189,504,616
324,400,458
335,503,504
385,387,629
401,673,947
488,582,641
498,507,518
650,704,1070
742,1288,1402
750,758,1417
766,810,1093
775,1018,1024
906,908,1135
1087,1450,1467
1106,1269,1297
1142,1493,1508
1336,1338,1809
1445,1449,1454
1470,1663,1694
1522,1648,1799
1581,1585,1639
1631,1780,2103
1632,1788,1795
1709,1930,1952
1778,1848,2181
1817,1842,2163
1869,2129,2173
1907,2016,2106
1965,1967,2203
2047,2056,2172
2082,2083,2143
2163,2164,2231
2362,2584,2783
2426,2973,3082
2585,2586,2757
2758,2950,3012
2836,2843,2853
2873,2939,2951
2941,2962,3069
2990,3216,3368
3052,3057,3097
3074,3274,3287
3245,3263,3287
3350,3357,4220
3359,3362,3883
3361,3702,3711
3423,3424,3836
3517,3519,3782
3598,3611,3824
3602,3608,3887
3608,4043,4106
3708,3780,3800
3762,3921,3944
3775,3776,3878
3787,3938,3985
3920,4220,4700
3963,4455,4804
3972,4086,4232
4046,4109,4149
4138,4145,4364
4170,4623,4646
4217,4672,4694
4236,4244,4357
4347,4537,4577
4371,4555,4576
4410,4661,4804
4468,4469,4752
4490,4877,4939
4594,4607,5253
4674,4921,4943
4808,4970,5336
4861,5012,5339
4867,5227,5249
4897,4900,4919
46,96,159
230,235,244
351,379,549
472,477,585
692,1096,1132
721,832,1106
783,785,1056
796,831,951
827,1333,1483
936,1038,1058
1096,1247,1509
1142,1335,1402
1151,1360,1421
1313,1318,1358
1440,1461,1553
1555,2003,2021
1603,1764,1787
1612,1889,1954
1624,2012,2066
1731,1858,2123
1790,1858,1898
1856,2125,2237
1897,2110,2112
1908,1950,2386
1958,2005,2478
2247,2494,2602
2343,2345,2882
2517,2576,2612
2647,2656,2770
2693,2802,2847
2884,3005,3226
2902,3015,3124
2943,2945,3303
3011,3015,3239
3078,3089,3187
3149,3322,3543
3184,3185,3635
3212,3424,3723
3447,3663,3671
3569,3609,3844
3579,3645,3757
3657,3658,3871
3699,3817,3820
3784,3851,3852
4043,4044,4349
4051,4052,4318
4062,4064,4492
4291,4453,4502
4449,4526,4808
4455,4725,4731
4467,4470,4541
4488,4490,4907
4561,4582,4689
4575,4636,4648
4624,4689,4929
4626,4855,4856
4740,4743,4868
4748,4751,5226
4780,5264,5285
4856,5220,5242
4896,5078,5236
5276,5296,5328
5359,5360,5492
5394,5419,5443
5396,5397,5457
203,263,721
408,412,465
487,655,827
538,749,766
567,579,603
657,1523,1540
668,720,1237
944,1378,1441
974,977,1164
989,1427,1491
1122,1123,1453
1164,1176,1390
1264,1271,1675
1269,1295,1612
1568,1569,1721
1666,1667,1959
1708,1923,1946
1890,1891,2173
1936,1949,2593
2112,2354,2396
2113,2274,2348
2129,2294,2304
2311,2382,2717
2354,2613,2781
2448,2493,2745
2468,2735,2783
2748,2931,3179
2775,3099,3151
2798,2805,3059
2882,3183,3224
2892,3220,3299
2907,2909,3246
2981,2985,3320
3024,3066,3501
3100,3107,3209
3170,3634,3657
3177,3178,3184
3242,3251,3405
3358,3372,3414
3369,3444,3510
3627,3672,4147
3896,3897,4379
3941,4424,4714
4016,4018,4397
4091,4153,4215
4096,4100,4421
4133,4198,4319
4409,4416,4424
4412,4422,4658
4485,4490,4878
4810,4817,5300
4851,5012,5137
5162,5166,5173
5200,5202,5403
5208,5210,5477
5217,5453,5459
41,42,571
42,453,584
62,67,646
101,106,253
146,299,429
252,842,966
321,357,1012
328,401,441
332,334,410
486,487,821
586,632,767
661,665,928
678,682,1072
710,778,818
736,739,1048
795,799,1145
811,812,1113
836,882,1356
851,854,957
867,872,1172
872,873,1141
886,949,1003
898,911,1547
964,1288,1507
976,1092,1167
1026,1038,1141
1084,1085,1152
1205,1648,1660
1258,1414,1644
1363,1367,1696
1412,1415,1666
1421,1423,1694
1489,1493,1545
1496,1516,1548
1605,1973,2036
1694,1695,2015
1704,1933,1950
1705,1707,2053
1708,1949,2011
1786,1790,2119
1787,1788,2208
1876,2143,2297
1902,1944,2191
1958,1960,2199
1959,1962,2063
1973,2310,2539
1982,2090,2226
2087,2092,2378
2157,2161,2588
2160,2543,2578
2213,2216,2219
2316,2944,3157
2520,2584,2707
2522,2524,2807
2556,2557,2668
3103,3198,3301
3111,3112,3339
3112,3117,3230
3148,3272,3427
3198,3367,3499
3203,3533,3550
3368,3371,3884
3448,3670,3865
3616,3714,3821
3618,3629,3889
3712,3717,3825
3740,4119,4183
3869,4112,4135
3892,4571,4776
3904,3956,4372
4324,4391,4392
4421,4694,4718
4493,4561,4626
4570,4593,4632
4675,5128,5150
4718,4719,4878
4809,4975,5026
4866,5014,5331
5026,5027,5336
5067,5411,5507
41,207,553
69,550,607
173,177,187
188,190,494
206,209,514
277,336,823
310,874,982
460,461,504
479,778,997
548,746,1009
603,796,859
661,664,1053
680,980,1460
728,776,1026
764,916,1128
824,825,1097
962,965,1160
1169,1390,1412
1179,1449,1555
1311,1672,1710
1321,1342,1449
1377,1380,1439
1424,1431,1679
1523,1960,2024
1547,1554,1661
1701,1926,2045
1718,1984,2043
1755,2025,2031
1777,1779,2316
1933,2386,2408
2073,2195,2355
2119,2121,2387
2171,2261,2264
2174,2488,2505
2221,2416,2451
2233,2445,2450
2308,2313,2592
2312,2639,2716
2341,2371,2376
2378,2382,2389
2403,2408,2521
2414,2416,2888
2527,2546,2559
2600,2633,2710
2674,2958,3017
2678,3105,3111
2806,3087,3111
2860,3136,3296
2878,3264,3319
3054,3055,3323
3308,3574,3615
3314,3322,3334
3382,3506,3780
3421,3991,4150
3423,3915,4264
3597,3833,3839
3606,3608,3835
3612,3614,4048
3676,3708,3780
3677,3678,3822
3743,3745,3856
3994,4029,4148
4272,4437,4511
4292,4299,4424
4324,4423,4475
4415,4417,4782
4463,4859,4893
4485,4556,4823
4666,4729,4783
4772,4857,4958
4858,5064,5091
4888,5307,5314
5182,5222,5460
4,46,51
32,72,77
66,477,485
171,370,588
177,181,477
393,435,631
513,517,622
526,684,1000
636,895,957
645,964,998
814,827,1047
877,905,1552
928,932,1020
1130,1174,1314
1171,1455,1560
1194,1197,1732
1379,1669,1680
1589,1609,1680
1636,1787,2049
1666,1959,2023
1753,2140,2420
1826,2107,2204
1886,1989,2247
2137,2139,2186
2142,2579,2594
2164,2263,2315
2232,2263,2436
2261,2556,2595
2282,2285,2728
2293,2680,2960
2318,2808,2987
2327,2329,2649
2341,2409,2681
2501,2774,2804
2533,2537,2597
2719,2945,2985
2845,2858,3514
2857,3151,3634
2952,2953,3229
2953,2981,3218
3088,3145,3155
3170,3171,3222
3230,3338,3342
3262,3540,3599
3356,3366,3803
3384,4205,4255
3454,3730,3770
3459,3501,3976
3559,3561,3818
3730,3895,3948
3735,4115,4132
3834,3876,4021
3930,3933,4319
3992,4034,4272
4048,4051,4523
4100,4217,4363
4158,4166,4267
4201,4225,4345
4346,4513,4532
4373,4531,4684
4444,4993,5119
4469,4766,5247
4499,4514,5162
4517,5078,5202
4548,4551,4812
4759,4761,4769
4778,4779,4836
4788,4795,4854
4967,5276,5328
5091,5203,5452
5260,5267,5369
5277,5458,5468
56,57,575
272,274,595
294,310,560
360,363,431
381,387,497
475,476,921
513,567,670
651,727,741
680,980,1178
685,698,1354
858,879,981
1211,1514,2034
1250,1791,1954
1272,1539,1600
1304,1456,1554
1367,1681,2020
1392,1399,1511
1584,1585,1696
1686,1883,1902
1729,1780,2179
1802,1803,2105
1907,2106,2127
1984,2197,2200
2270,2324,2840
2317,2320,2643
2492,2493,2745
2528,2530,2962
2581,2584,2895
2585,2612,2697
2755,2942,2963
2868,3032,3201
3038,3040,3515
3205,3364,3483
3291,3478,3539
3407,3446,3823
3424,3723,3749
3471,4012,4130
3478,3539,3840
3486,3531,3801
3515,3520,3560
3551,4117,4261
3559,3560,3816
3661,3664,3975
3670,3703,3769
3722,3723,3745
3745,3777,3902
3876,4135,4197
3914,3924,4351
3961,4072,4346
3995,4313,4389
4046,4587,4702
4170,4172,4645
4198,4403,4411
4234,4235,4673
4315,4466,4786
4435,4716,4933
4574,4616,5093
4579,4829,4849
4595,4637,5072
4625,4626,4913
4757,4928,4949
4767,4768,4846
4769,4942,5163
4910,5209,5268
4953,5211,5319
5043,5045,5370
5281,5284,5429
5289,5297,5350
13,94,474
15,82,559
41,520,800
196,201,597
257,258,311
351,372,388
401,424,458
425,626,857
479,596,772
491,497,713
517,847,906
565,742,855
615,826,843
648,656,666
665,1057,1106
748,1242,1409
886,947,959
923,925,1113
971,1168,1404
1029,1030,1122
1037,1196,1539
1085,1266,1308
1110,1164,1277
1189,1197,1240
1234,1283,1599
1237,1240,1640
1248,1250,1581
1446,1448,1675
1504,1828,2050
1610,1763,2094
1851,2209,2504
1861,1864,1881
1861,1928,2217
2137,2139,2464
2213,2403,2521
2237,2452,2514
2270,2329,2866
2284,2403,2729
2303,2304,2735
2405,2950,3064
2629,2748,2918
2731,2899,2921
2851,2852,3251
2948,2951,3214
3044,3048,3345
3074,3077,3309
3111,3113,3544
3139,3148,3419
3146,3181,3628
3212,3219,3691
3260,3418,3682
3332,3643,3681
3397,3399,3936
3434,3476,3726
3524,3526,3731
3614,4051,4112
3696,3702,3817
3757,3862,3910
3855,4066,4083
3877,4142,4250
3899,3954,4261
3927,4004,4323
3932,4057,4331
4079,4369,4380
4093,4094,4315
4147,4434,4706
4164,4405,4410
4177,4288,4400
4474,4477,4967
4575,4579,4925
4629,4642,4876
4790,5277,5297
4838,4921,4933
4883,5043,5063
4996,5011,5467
5008,5337,5345
5022,5028,5035
5030,5189,5296
5086,5128,5376
5110,5436,5499
5314,5315,5454
148,301,556
174,179,548
226,228,737
232,291,787
359,407,843
364,385,429
417,608,808
429,430,641
478,492,644
603,796,815
728,773,1190
757,1121,1171
782,1206,1279
848,1105,1112
997,999,1133
1044,1045,1482
1129,1325,1437
1217,1268,1733
1247,1249,1568
1300,1365,1642
1441,1876,1939
1583,1584,1697
1594,1749,1828
1617,1820,2084
1750,1753,2147
1754,1755,2192
1757,1764,2265
1772,2099,2176
1781,2597,2644
1852,1856,2237
1933,1934,2155
2045,2498,2521
2131,2509,2568
2510,2607,2689
2543,2771,2975
2887,2895,3323
2948,2951,3369
2973,3514,3629
3090,3283,3314
3187,3400,3524
3213,3267,3370
3286,3467,3532
3364,3442,3483
3365,3759,3807
3382,3383,3781
3482,3700,3722
3485,3525,3797
3523,3526,3587
3572,3785,3803
3726,3898,4072
3800,3958,4222
3895,4176,4393
3930,3933,4468
3951,3959,4398
3961,3991,3996
4067,4573,4723
4075,4081,4348
4083,4088,4128
4211,4212,4687
4297,4624,4691
4364,4417,4419
4397,4404,4416
4448,4502,4805
4455,4725,4942
4481,4704,4710
4544,4696,4908
4562,4564,4980
4688,5123,5186
5027,5028,5448
5335,5336,5393
3,12,145
28,517,566
38,41,527
56,71,236
105,511,590
133,199,498
191,483,633
270,274,517
322,325,815
365,370,435
407,450,886
440,473,550
463,465,556
536,537,900
548,551,974
557,561,834
804,1114,1166
827,888,1161
864,906,1341
872,875,1126
1177,1442,1550
1195,1316,1645
1208,1262,1565
1413,1671,1714
1448,1883,1902
1467,1470,1686
1470,1471,1707
1529,1530,1966
1547,1552,1838
1740,2355,2481
1817,1840,1947
1842,1995,2093
1881,1926,2213
2000,2043,2257
2011,2018,2117
2173,2189,2476
2307,2336,2670
2386,2389,2708
2480,2736,2770
2548,2893,3145
2560,2565,2679
2833,3376,3506
2865,3472,3596
2964,2966,3326
2968,2971,3443
3018,3021,3038
3044,3048,3055
3100,3105,3111
3187,3231,3514
3221,3502,3569
3439,3441,3978
3467,3493,3498
3837,4140,4162
3847,4050,4057
3958,4506,4621
4138,4145,4787
4151,4696,4794
4223,4391,4400
4345,4512,4633
4478,4526,4789
4723,4829,4849
4750,4873,4945
4799,4909,4916
4812,4813,5143
4970,5028,5448
5086,5091,5130
5107,5111,5128
5400,5460,5464
32,39,484
89,93,122
126,128,525
173,191,633
178,494,615
210,221,373
307,308,581
342,373,380
356,362,475
437,892,914
467,474,581
470,471,605
494,614,615
504,942,964
516,748,789
581,765,883
605,959,974
616,946,962
635,898,1004
696,700,955
796,798,1106
859,1095,1244
951,1146,1341
964,998,1058
1002,1009,1290
1072,1074,1149
1181,1476,1515
1204,1483,1681
1225,1232,1241
1227,1231,1623
1419,1480,1493
1432,1479,1951
1491,1925,1944
1607,1650,1704
1614,1771,1842
1619,1938,1963
1745,2068,2200
1806,2185,2462
1840,1843,1902
1870,1984,2200
1959,2020,2033
2048,2083,2149
2118,2129,2220
2197,2200,2219
2284,2669,2952
2293,2294,2690
2368,2391,2430
2798,3061,3083
2819,2826,3686
2973,3231,3250
3194,3344,3351
3197,3356,3699
3219,3694,3710
3233,3625,3680
3394,3443,3759
3430,3699,3775
3560,3728,3729
3751,3908,4265
3834,4024,4041
3881,4132,4154
3980,4244,4311
4188,4227,4413
4204,4528,4750
4223,4660,4679
4325,4328,4354
4501,5071,5230
4600,4661,4938
4632,4897,4927
4645,4648,4710
4720,4730,4987
4743,4745,4957
4905,5088,5095
4976,4977,5424
5017,5020,5343
5025,5029,5137
5274,5311,5489
5289,5348,5442
42,469,572
115,441,634
164,194,198
184,191,272
226,534,537
260,263,562
474,581,631
570,571,851
659,712,1081
734,757,797
806,1147,1458
872,1309,1326
880,1334,1357
922,924,1091
957,959,1391
1029,1181,1246
1036,1090,1189
1045,1111,1135
1051,1052,1426
1082,1095,1236
1370,1592,1596
1395,1504,1649
1449,1454,1722
1495,1515,1580
1515,1516,1581
1594,1595,1683
1616,1677,1678
1668,2093,2100
1690,1898,2018
1732,1810,1812
1736,1905,2017
1803,1805,2342
1943,1954,2184
2020,2025,2139
2322,2323,2787
2416,2417,2725
2661,2822,3180
2684,2685,2796
2789,3057,3097
2892,2894,3298
2896,2902,2943
2970,2971,3253
3071,3276,3284
3104,3105,3318
3129,3190,3341
3246,3278,3340
3258,3413,3485
3310,3518,3524
3379,3713,3784
3416,3752,3831
3457,3998,4156
3506,3569,3609
3938,4169,4390
3995,4001,4154
4205,4206,4316
4226,4229,4665
4279,4547,4612
4377,4567,4593
4425,4744,4778
4428,4429,5141
4499,4507,4941
4593,4702,4851
4597,5027,5048
4838,4849,4987
4924,5124,5131
5012,5021,5137
5085,5088,5095
5102,5103,5358
5134,5147,5367
5246,5256,5346
5324,5437,5497
5436,5444,5499
42,226,530
112,117,203
141,175,233
332,334,359
433,439,711
452,454,540
506,661,1004
524,525,636
589,785,897
632,943,981
682,683,1081
755,757,1148
841,1112,1161
846,848,1178
893,896,994
956,1060,1144
1181,1454,1478
1256,1413,1521
1270,1271,1541
1351,1352,1824
1412,1413,1665
1528,1652,1807
1544,1837,2089
1625,1654,1774
1694,1904,1925
1744,2129,2412
1769,2066,2260
1776,1778,2111
1780,1781,2180
1905,2177,2213
1928,1968,2233
1987,1990,2007
2153,2545,2600
2313,2578,2786
2314,2317,2807
2440,2461,2501
2599,2601,2609
2622,2629,2736
2642,2667,2732
2735,2908,3130
2842,3385,3513
2881,2992,3266
3051,3054,3346
3052,3097,3319
3211,3290,3291
3261,3265,3542
3355,3904,4072
3437,3441,3503
3619,3623,3658
3664,3793,3796
3755,4193,4208
3919,3924,4206
3926,3931,3980
3960,4006,4328
3970,3971,4241
4086,4205,4378
4121,4390,4398
4211,4408,4644
4240,4700,4724
4294,4452,4523
4400,4618,4681
4417,4682,4688
4469,4470,5008
4474,4477,5294
4514,4628,4773
4596,4599,4616
4601,4605,4610
4633,5086,5108
4743,4866,4898
4757,4949,5190
4917,5220,5242
4999,5333,5404
5000,5335,5498
5030,5420,5487
5094,5097,5114
5157,5220,5283
5213,5217,5396
5231,5249,5289
5322,5323,5383
109,120,842
329,339,459
370,435,507
405,416,520
416,691,918
478,480,496
634,887,906
688,693,972
771,810,1093
911,1009,1116
927,969,1179
948,990,1426
1077,1229,1545
1112,1282,1500
1138,1157,1326
1272,1386,1532
1381,1421,1690
1396,1409,1640
1476,1744,2023
1510,1633,1705
1566,1744,1912
1581,1744,1796
1621,2051,2100
1640,1705,1707
1708,1946,1967
1720,1988,2010
1824,1848,2113
1917,1982,2225
1931,2497,2641
1937,1939,2187
1945,2504,2621
1986,2033,2464
2059,2065,2181
2170,2321,2544
2198,2260,2373
2200,2204,2370
2287,2302,2764
2452,2952,3110
2454,2468,3121
2647,2656,2710
2680,2700,2764
2738,2916,2975
2793,3051,3159
2860,3183,3260
2900,3012,3123
3039,3372,3640
3139,3145,3419
3210,3368,3725
3305,3655,3676
3671,4125,4148
3673,3679,3797
3710,3711,4195
3748,4208,4229
3753,3807,3910
4104,4149,4384
4233,4355,4515
4350,4634,4692
4355,4743,4751
4496,4799,4818
4523,4571,4989
4819,4906,4952
4855,5011,5058
4957,5225,5329
4983,4986,5362
5004,5272,5277
5026,5030,5359
5227,5246,5259
104,666,1020
120,140,623
150,152,357
482,483,505
696,698,1031
838,1292,1315
852,855,1180
863,867,872
1004,1297,1547
1012,1017,1125
1132,1318,1537
1192,1193,1524
1256,1559,1578
1368,1370,1625
1412,1849,1910
1490,1492,1610
1491,1492,1719
1501,1525,1807
1521,1590,1670
1759,2390,2632
1822,1844,1884
1865,2371,2524
1877,1879,2244
1988,1989,2247
2109,2110,2202
2112,2113,2235
2135,2569,2590
2244,2261,2267
2270,2277,3140
2288,2345,2882
2297,2302,2352
2301,2304,2688
2360,2691,2740
2362,2475,2584
2396,2508,2642
2402,2404,2663
2490,2532,2758
2564,2566,2722
2569,2570,2682
2602,2717,2779
2623,2625,2716
2746,3042,3101
2767,2970,3090
2913,2978,3258
2973,3082,3231
3235,3298,3438
3263,3423,3443
3268,3434,3661
3273,3561,3578
3295,3482,3503
3421,3425,3530
3636,3722,3812
3708,3710,3800
3769,3922,4159
3783,3939,3960
3897,3940,4339
4116,4121,4127
4145,4156,4792
4152,4194,4397
4156,4176,4215
4216,4332,4407
4229,4667,4686
4233,4262,4287
4247,4248,4255
4304,4462,4510
4312,4467,4498
4342,4501,4570
4430,4435,4488
4431,4507,4521
4608,4610,5040
4783,4843,4967
4821,4982,5340
4862,4871,4874
4915,5126,5166
4936,5149,5175
5023,5055,5485
5129,5155,5160
5138,5351,5355
5149,5152,5462
5235,5340,5471
5365,5368,5397
29,394,620
110,174,548
231,247,926
325,369,643
390,393,435
515,516,949
533,534,921
669,703,709
841,945,1177
1020,1021,1152
1028,1303,1362
1078,1081,1284
1173,1428,1435
1201,1204,1593
1223,1270,1618
1266,1308,1567
1406,1407,1661
1590,1592,1854
1722,2003,2021
1876,1911,2031
1957,1995,2263
2008,2009,2114
2083,2084,2267
2122,2183,2281
2206,2207,2499
2284,2285,2679
2403,2676,2763
2443,2464,2572
2449,2472,2738
2494,2728,2778
2619,2737,2740
2659,2661,2746
2705,2861,2883
2774,2961,2984
2820,2823,2942
2907,3251,3674
2932,2936,2942
2942,2944,3204
2954,2959,2999
2969,2972,3030
3018,3041,3315
3164,3457,3709
3205,3208,3237
3234,3237,3271
3376,3385,3847
3453,3562,3822
3506,4047,4162
3530,3963,4028
3543,3545,3799
3599,3601,4034
3651,3653,4084
3660,3667,3943
3761,3762,3846
3783,3851,3935
3916,3925,4587
3923,4254,4355
4043,4045,4350
4120,4121,4398
4340,4495,4755
4399,4653,4769
4485,4554,4619
4512,4840,4919
4535,4840,4872
4646,4647,4901
4670,4767,4849
4811,4972,5319
4903,4934,4948
5161,5421,5428
5176,5183,5420
5256,5295,5491
13,129,189
38,43,455
157,338,347
357,370,588
501,662,1020
664,1058,1141
754,756,1062
844,847,951
1053,1210,1549
1061,1063,1145
1244,1295,1600
1349,1352,1454
1507,1509,1517
1605,1976,2034
1661,1845,1963
1676,2080,2102
1727,2056,2088
1796,2099,2118
1811,2067,2074
1884,1891,2003
1888,1893,1932
1894,1901,2127
2037,2039,2148
2071,2074,2249
2108,2110,2202
2158,2364,2391
2177,2339,2461
2214,2513,2576
2240,2524,2565
2266,2570,2623
2278,2285,2727
2302,2352,2619
2333,2337,2444
2351,2353,2685
2536,3043,3179
2550,2552,2709
2577,2578,2783
2656,2815,3096
2674,2762,2806
2679,2834,3169
2694,2853,2875
2700,2851,3082
2848,3177,3185
2854,2861,3347
2862,2878,3319
2867,2869,3188
2867,3197,3342
2871,2879,3318
2892,3237,3298
2988,2990,3245
3069,3175,3308
3116,3168,3260
3125,3126,3600
3168,3175,3234
3198,3365,3496
3212,3371,3724
3364,3365,3759
3373,3499,3650
3423,3759,4231
3435,3448,3865
3525,3530,3644
3536,3538,4013
3656,3790,3925
3783,3852,3883
3866,4123,4164
3999,4045,4517
4203,4211,4328
4245,4246,4382
4287,4444,4723
4386,4586,4689
4412,4723,4761
4433,4780,4952
4605,4724,4883
4703,5179,5200
4710,4934,5142
4736,4772,4955
4814,4964,4971
4823,4824,4937
4963,5308,5338
4993,5109,5413
5002,5030,5075
5087,5113,5118
5130,5415,5488
5268,5307,5493
5275,5293,5304
5285,5286,5457
5296,5417,5424
5347,5356,5470
39,470,954
51,425,440
225,303,317
325,794,817
367,392,482
379,542,554
420,430,553
489,655,706
551,977,1024
602,953,968
628,869,931
679,1310,1552
807,814,1036
944,1131,1143
1049,1214,1343
1178,1444,1503
1189,1195,1901
1448,1450,1685
1558,1559,1724
1566,1567,1901
1712,1960,2024
1833,2434,2559
1855,2098,2104
1866,1868,2132
2043,2170,2257
2359,2361,2695
2536,2578,2783
2546,2551,2558
2692,2694,2769
2704,3088,3148
2750,2937,2954
2969,3033,3290
2982,3024,3459
3208,3689,3705
3234,3418,3462
3327,3535,3682
3407,3893,4255
3450,3451,4145
3452,3457,3497
3490,3704,3877
3633,3640,3898
3752,3759,4231
3762,3845,3846
3790,3941,4164
3822,4000,4067
3941,4421,4424
4117,4145,4368
4326,4327,4359
4470,4473,4858
4506,4548,4807
4511,4850,5282
4511,5004,5320
4522,4563,4818
4589,4651,4717
4630,4672,5148
4802,4804,4892
4829,4838,4849
4851,4860,4870
4885,5052,5059
5248,5252,5306
5262,5283,5407
2,8,76
49,54,158
55,531,807
81,83,696
109,129,621
159,368,534
280,571,736
306,333,447
446,478,496
567,591,728
601,799,950
679,1013,1084
682,1080,1144
828,870,1114
839,845,1176
941,980,1166
979,981,1052
996,997,1133
1000,1001,1044
1027,1195,1367
1240,1640,1676
1261,1291,1296
1290,1295,1688
1330,1837,1991
1398,1401,1463
1442,1550,1686
1652,2045,2072
1695,1724,1903
1699,1918,1953
1736,2128,2183
1741,1818,1820
1742,1745,2188
1742,2048,2568
1768,2098,2114
1774,1778,1826
2165,2318,2388
2209,2396,2515
2256,2515,2532
2276,2602,2619
2323,2355,3016
2372,2414,2888
2374,2844,2867
2405,2517,2759
2458,2493,2794
2556,2678,2818
2643,2753,2759
2685,2754,2755
2908,3410,3569
2967,2974,3626
3037,3075,3343
3061,3279,3452
3191,3195,3329
3217,3544,3611
3326,3332,3342
3368,3371,4231
3387,3951,4080
3426,3541,3808
3434,3497,3816
3530,3531,3817
3629,3631,3869
3629,3726,3747
3741,3748,3883
3843,4039,4142
4077,4081,4297
4147,4210,4269
4159,4163,4198
4169,4435,4716
4283,4285,4396
4283,4397,4440
4344,4503,4761
4531,4559,4957
4534,4810,5000
4850,5003,5284
4989,4992,5108
5129,5193,5450
5203,5244,5485
5231,5436,5444
5355,5418,5419
5443,5474,5488
36,43,403
156,301,582
187,191,483
188,526,653
211,222,919
257,287,341
269,274,403
284,301,430
320,369,480
376,377,544
443,444,500
498,665,675
693,923,958
762,764,1085
919,958,1081
1111,1252,1279
1112,1505,1532
1142,1489,1510
1202,1205,1648
1208,1211,2071
1241,1724,2014
1318,1379,1680
1391,1417,1422
1407,1523,1667
1427,1881,1904
1437,1978,2084
1730,1788,2208
1801,1831,1836
1827,2043,2260
2004,2010,2171
2041,2072,2157
2109,2533,2556
2204,2384,2634
2230,2441,2556
2232,2548,2608
2280,2357,2424
2295,2796,2807
2377,2417,2725
2436,2440,2775
2555,2643,2664
2743,2766,2919
2743,2924,3027
2969,2972,3074
3103,3141,3330
3244,3628,3688
3397,3724,4174
3450,3451,3879
3534,3542,3812
3550,3592,4068
3580,3615,3883
3650,3670,3703
3676,3797,3804
3853,4065,4070
3936,3937,4218
4011,4123,4259
4056,4079,4374
4105,4128,4396
4137,4678,4784
4162,4222,4253
4321,4472,4799
4381,4579,4730
4439,4494,4801
4462,4851,4927
4506,4768,4938
4516,4519,4828
4551,4663,4912
4581,4623,5100
4642,4682,4920
4755,4763,4821
4818,4829,5112
4833,5053,5072
4851,4870,4927
4863,4931,5015
4898,5230,5247
4925,4926,5275
4978,4985,5427
4985,5308,5324
5003,5050,5398
5157,5160,5219
5172,5173,5437
5192,5195,5446
5283,5285,5410
5285,5312,5397
5352,5357,5386
27,509,600
91,96,436
151,163,631
184,188,217
308,443,587
456,458,516
545,668,701
835,841,1108
878,883,924
883,924,1165
918,919,1071
1044,1482,1504
1060,1223,1351
1186,1491,1511
1307,1873,2033
1517,1518,1569
1594,1595,1726
1597,1924,1991
1801,2371,2530
1804,2103,2129
1883,2154,2306
2066,2069,2505
2082,2087,2370
2094,2212,2385
2148,2244,2299
2252,2503,2601
2440,2549,2647
2515,2968,2990
2544,2785,2790
2558,2559,2718
2666,2668,2997
2691,2858,2980
2700,2760,2764
2710,2861,3084
2741,2931,3043
2834,3230,3271
2935,3357,3377
3598,3605,4247
3636,3738,3758
3647,3652,3657
3826,3872,4007
3829,4025,4137
3893,3896,4239
3913,4039,4309
3926,3933,4748
4027,4095,4358
4219,4228,4499
4221,4222,4292
4288,4445,4784
4317,4469,4785
4351,4492,4519
4493,4563,4834
4520,4784,4851
4695,4800,4931
4715,5061,5281
4759,4768,5039
4784,5077,5327
4790,5254,5277
4806,4984,5152
4835,4992,5063
4865,5018,5088
5000,5300,5498
103,479,510
113,115,441
216,294,309
281,283,598
558,717,780
869,1414,1522
933,940,1038
1075,1231,1278
1089,1237,1518
1100,1515,1523
1139,1330,1544
1255,1742,2100
1269,1830,1997
1294,1296,1601
1302,1611,1637
1357,1358,1632
1416,1424,1676
1574,1731,1814
1585,1617,1742
1627,1658,1659
1763,1773,2194
1834,1835,2172
2109,2261,2326
2197,2213,2257
2219,2410,2622
2321,3137,3184
2330,2717,2995
2452,2563,2658
2489,3034,3142
2715,2870,2978
2757,2947,2973
2833,2834,3230
2929,2930,3244
2936,3205,3317
3108,3111,3314
3280,3457,3709
3314,3501,3524
3431,3433,3970
3483,3601,3756
3614,3827,4006
3676,3958,4219
3702,3703,3710
3764,3917,4241
3938,4060,4276
4012,4019,4415
4112,4549,4610
4119,4185,4297
4383,4642,4682
4410,4413,4777
4422,4703,4763
4448,4455,5311
4674,4677,4923
4723,4993,5270
4912,4950,4951
5165,5365,5431
5189,5251,5493
5213,5239,5245
76,379,386
105,512,591
247,326,618
351,699,918
439,441,512
497,632,645
498,665,796
502,725,786
615,935,993
658,673,1140
682,732,1139
705,774,839
740,1004,1071
748,771,810
758,765,1416
786,831,1101
792,793,1069
960,961,1275
971,972,1118
1018,1036,1108
1078,1229,1512
1096,1509,1517
1227,1253,1365
1229,1526,2007
1255,1515,1712
1327,1330,1658
1360,1907,2016
1395,1636,1705
1491,1925,1988
1737,2011,2018
1738,1752,1794
1782,1798,2455
1928,1991,2032
1930,1974,2221
2120,2121,2206
2185,2352,2473
2227,2230,2546
2388,2395,2507
2574,2611,3052
2588,2591,2782
2660,2746,2747
2706,2913,2980
2715,2867,2935
2781,3015,3124
2892,2894,3237
2974,2987,3633
2999,3224,3225
3057,3116,3152
3137,3592,3614
3180,3334,3585
3223,3384,3407
3226,3380,3700
3349,3354,3445
3439,3440,3771
3534,3542,4201
3580,3582,4056
3616,4116,4259
3915,4427,4734
3941,4757,4771
3984,3989,4051
4051,4500,4527
4180,4190,4289
4298,4309,4447
4337,4341,4614
4337,4506,4621
4427,4756,4788
4516,4563,4818
4587,4590,4948
4820,4979,5341
4837,5164,5231
4932,5139,5156
4936,4937,5262
5007,5011,5403
5102,5103,5429
33,114,485
205,458,465
256,832,943
260,263,502
287,290,312
334,824,845
392,421,426
673,1069,1140
697,700,1100
913,976,1040
1038,1047,1058
1049,1060,1144
1154,1388,1428
1173,1431,1539
1248,1566,1668
1441,1442,1705
1463,1916,1939
1476,1566,1693
1642,1920,1979
1694,1907,1968
1714,1967,1986
1802,1806,2144
1961,1967,2264
2080,2081,2562
2116,2551,2558
2140,2151,2227
2176,2330,2593
2331,2339,2994
2382,2384,2771
2391,2430,2713
2402,2404,2820
2597,2768,2789
2793,3057,3159
2808,2816,3263
2949,2950,3306
2953,2991,3322
3068,3069,3304
3080,3122,3599
3215,3369,3448
3351,3478,3743
3428,3476,3726
3475,3477,3891
3478,3499,3539
3521,3532,4180
3665,3666,3776
3835,3854,4020
3924,4422,4700
3986,3988,4363
4086,4093,4205
4202,4238,4298
4209,4211,4419
4280,4662,4721
4308,4459,4794
4406,4663,4704
4485,5092,5216
4537,4901,4951
4635,4738,4951
4784,4904,5070
4892,5285,5312
4984,5152,5263
4986,5257,5264
5054,5096,5346
5072,5074,5386
5307,5308,5496
5342,5365,5505
1,3,821
27,667,799
93,497,980
152,192,348
171,765,883
189,335,482
420,421,735
616,829,855
656,1048,1103
716,718,1131
837,898,910
837,943,1057
943,1038,1141
945,951,1059
980,982,1013
1146,1409,1449
1175,1438,1544
1337,1497,1651
1559,1858,2103
1637,1796,1803
1981,1982,2220
2133,2137,2187
2148,2299,2634
2272,2277,2604
2335,2336,2752
2431,2432,2698
2554,2558,2768
2602,2721,2728
2642,2644,2732
2648,2649,2743
2695,2697,2947
2931,2970,3253
3091,3327,3333
3218,3301,3313
3590,4131,4239
3668,3671,4146
3724,4178,4194
3726,3727,3853
3945,3949,4013
3953,3957,4020
3976,4023,4278
3994,4464,4487
4018,4373,4415
4032,4033,4309
4062,4104,4539
4097,4139,4371
4180,4187,4289
4379,4570,4782
4437,4952,4965
4446,4717,4940
4476,4481,4758
4575,4638,4704
4605,4877,4913
4614,4615,4888
4637,4679,5114
4688,4690,4925
4790,4791,4925
4833,4837,4887
4931,4940,4952
5119,5182,5222
5121,5123,5365
5312,5397,5498
5428,5478,5479
0,16,213
52,57,426
80,486,613
97,105,271
177,179,473
245,253,629
286,287,341
323,401,441
358,385,429
399,444,879
473,475,550
526,530,645
617,629,828
658,672,714
667,681,722
768,881,1018
795,1396,1518
796,797,1116
864,866,1299
887,889,1363
908,1343,1406
974,1011,1495
1013,1014,1085
1263,1521,1714
1264,1589,1676
1329,1589,1633
1362,1404,1839
1652,1655,1815
1767,1796,2130
1883,2359,2381
1952,1955,2206
2051,2052,2527
2094,2201,2251
2215,2402,2423
2363,2406,2828
2371,2399,2797
2380,2383,2486
2472,2479,2591
2496,2501,2507
2665,2731,2755
2714,2865,2938
2728,3147,3154
2863,2895,3325
2886,3268,3318
2995,3001,3268
3032,3035,3199
3033,3291,3334
3285,3468,3587
3298,3488,3511
3375,4214,4234
3403,3446,3823
3469,3470,3784
3522,3567,3821
3542,3555,3815
3550,3553,4026
3576,3584,4237
3667,3676,3792
3737,3885,4181
3821,3825,3870
3836,4025,4239
3925,3938,4390
3932,3933,4336
3935,3964,4304
3941,4164,4408
3976,3979,4288
4013,4059,4485
4026,4068,4325
4127,4581,4604
4154,4157,4589
4160,4202,4679
4225,4233,4345
4469,4472,4876
4531,4559,5218
4544,4905,5196
4624,4627,4731
4650,4652,5086
4686,4688,5121
4788,4852,4929
4812,4813,4935
4902,5237,5254
4951,5235,5340
4998,5002,5392
5038,5105,5145
138,548,579
249,254,620
316,442,557
338,347,462
355,584,639
366,370,418
457,477,589
483,589,633
600,806,956
740,859,1088
743,791,1209
774,777,794
778,1325,1437
837,840,944
856,860,1181
1007,1014,1121
1048,1529,1545
1155,1184,1363
1234,1241,2054
1252,1255,1621
1399,1834,1853
1657,1869,1988
1717,1982,1988
1744,2293,2419
1771,1820,2200
1779,1781,2162
1849,2132,2171
1944,1989,2224
2132,2136,2183
2178,2495,2512
2260,2531,2589
2374,2376,2682
2386,2428,2676
2459,2614,2755
2507,2509,2775
2609,2774,2782
2712,2868,2875
2771,2786,2975
2864,2912,3377
2878,2945,2985
2961,3007,3481
3211,3368,3725
3216,3448,3489
3386,3436,3748
3432,3776,3837
3488,3698,3886
3527,3758,3841
3560,3566,3881
3573,3831,3874
3616,3870,4257
3722,3723,3885
3928,3932,4189
3968,4013,4430
3988,4336,4405
4067,4107,4361
4125,4172,4645
4167,4169,4209
4293,4513,4532
4378,4568,4591
4400,4412,4616
4400,4418,4425
4540,4649,4906
4545,4558,4953
4546,4588,5063
4603,4606,4623
4608,4612,4653
4631,5197,5341
4674,4834,4835
4737,4928,5128
4787,4792,5078
4830,4910,4954
4839,4956,4967
5023,5066,5443
5028,5035,5192
5084,5236,5448
5124,5131,5486
5194,5235,5467
100,104,133
111,115,142
134,169,543
260,723,743
320,356,472
462,469,750
500,664,714
664,1213,1339
766,771,810
820,1047,1153
886,889,948
1083,1151,1235
1261,1831,1990
1480,1487,1747
1580,1666,1667
1607,1759,2094
1634,1945,1970
1751,1752,2290
1762,2151,2227
1888,1891,2136
1918,2187,2348
1925,1927,2144
1945,1948,2010
1974,1981,2085
1984,2025,2238
2035,2039,2054
2110,2328,2634
2142,2267,2298
2172,2177,2455
2223,2240,2414
2278,2292,2334
2298,2377,2692
2379,2421,2896
2402,2697,2822
2688,3014,3072
2705,2828,2861
2741,2748,2791
2957,3271,3324
3008,3048,3313
3046,3049,3149
3105,3219,3322
3228,3324,3379
3315,3635,3693
3330,3584,3723
3333,3588,3700
3436,3480,3741
3485,3546,3844
3736,3895,4176
3764,3766,3834
3911,3914,4249
3985,4249,4268
4092,4326,4327
4107,4279,4280
4226,4228,4258
4285,4317,4442
4289,4298,4309
4299,4454,4773
4315,4317,4377
4316,4466,4786
4340,4498,4759
4393,4605,4724
4424,4718,4774
4466,4471,4520
4533,4594,4606
4573,4611,4942
4601,4612,4838
4628,5169,5284
4767,4844,4914
4930,4933,5253
4937,4944,4956
4977,5492,5505
5073,5076,5135
5127,5134,5356
5164,5167,5226
5206,5272,5388
6,121,184
118,274,568
140,553,625
311,341,391
394,619,635
454,624,850
527,570,624
533,925,980
542,696,1023
594,784,801
596,630,633
695,771,1033
858,881,1155
980,1016,1461
996,997,1319
1035,1193,1524
1037,1502,1523
1063,1095,1119
1086,1296,1355
1154,1367,1428
1204,1589,1680
1209,1212,1283
1294,1764,1787
1349,1352,1410
1354,1358,1709
1435,1910,1933
1517,1709,1950
1559,1676,1852
1583,1584,1725
1584,1740,1822
1612,1613,1688
1801,1867,1932
1873,1901,2560
1945,1968,2236
2102,2103,2265
2110,2112,2175
2167,2168,2527
2244,2256,2470
2400,2442,2694
2428,2474,2947
2661,2694,2849
2709,2711,2714
2779,2998,3033
3041,3314,3344
3137,3329,3570
3333,3591,3699
3497,3811,3864
3588,3700,3857
3622,3771,3847
3631,3867,3873
3765,3876,3970
3767,3768,3811
4035,4100,4362
4049,4156,4392
4301,4582,4649
4313,4314,4389
4547,4609,4674
4707,4752,5227
4716,4802,4892
4886,4942,5049
4909,4913,4955
4976,5424,5459
5225,5236,5448
5332,5339,5445
5406,5407,5500
30,45,229
63,101,254
198,199,569
204,234,369
236,747,769
278,358,406
350,403,618
423,425,550
472,477,765
543,544,611
860,977,1123
1085,1241,1263
1086,1087,1119
1205,1254,1593
1307,1414,1670
1402,1633,1636
1664,1717,1719
1750,1825,1826
2084,2204,2370
2109,2110,2533
2364,2385,2397
2394,2417,2730
2457,2461,2677
2569,2573,2588
2585,2763,2786
2587,2596,2862
2904,2925,2937
3051,3064,3702
3081,3425,3679
3156,3162,3277
3163,3221,3305
3172,3179,3285
3266,3547,3606
3310,3518,3638
3331,3339,3712
3339,3609,3715
3364,3532,3758
3446,3727,3824
3513,3552,3817
3520,4067,4176
3546,3833,3844
3622,3663,3877
3729,3730,3822
3747,3906,4177
3758,4185,4191
3779,3781,4098
3792,3948,3955
3857,4048,4070
3899,3906,4423
3922,4046,4320
4088,4355,4403
4142,4386,4427
4196,4471,4698
4282,4288,4342
4310,4745,4760
4325,4478,4548
4361,4545,4663
4374,4561,4586
4399,4618,4653
4432,5111,5316
4449,4570,4841
4463,4591,4861
4553,4595,4843
4561,4564,4625
4608,4655,5087
4727,4732,4737
5082,5405,5471
5096,5098,5365
30,42,57
46,47,121
48,57,962
193,199,206
245,395,559
366,368,598
462,467,576
502,506,620
524,594,636
539,861,878
554,628,705
581,584,588
581,585,630
740,742,1088
786,790,831
1054,1056,1335
1146,1346,1449
1340,1353,1630
1346,1496,1600
1438,1442,1727
1540,2000,2024
1645,1822,1935
1771,2170,2227
1794,1798,2130
1841,2121,2309
2115,2273,2604
2122,2345,2406
2132,2139,2611
2291,2630,3114
2352,2354,2697
2681,2683,2765
2757,2798,2947
2794,3110,3147
2894,3269,3549
2989,3011,3118
3073,3097,3206
3270,3551,3616
3367,3374,3811
3468,3581,3718
3537,3602,3845
3576,3584,3836
3607,3610,3671
3696,3704,3991
3761,3763,4042
3782,3789,3795
3818,4150,4167
3904,3905,4347
4022,4288,4317
4169,4267,4390
4332,4498,4654
4337,4341,4398
4923,5116,5135
4955,4957,5322
5048,5093,5350
5081,5082,5391
10,11,444
19,27,105
153,193,898
175,181,315
218,226,624
335,613,621
342,345,414
355,377,423
355,911,1009
600,797,803
638,645,899
657,931,1169
693,1183,1467
760,1361,1486
793,799,1487
816,1374,1535
821,825,830
940,947,1049
1024,1169,1176
1030,1193,1555
1111,1123,1146
1121,1124,1128
1196,1365,1477
1332,1333,1609
1360,1421,1698
1477,1699,1715
1572,1735,1856
1592,1599,1724
1716,1975,2037
1737,1780,2179
1778,1806,1848
1922,1929,2580
1965,2012,2485
1998,2009,2107
2042,2045,2519
2180,2184,2331
2256,2515,2577
2284,2285,2727
2285,2286,2728
2331,2339,2778
2332,2335,2701
2407,2430,2714
2469,2472,2479
2503,2563,2601
2560,2570,2669
2648,2810,3176
2872,2919,3386
2881,2886,3266
2961,2963,3205
3033,3034,3334
3156,3158,3216
3336,3656,3692
3584,3597,3839
3622,3938,4166
3637,3638,3859
3728,3730,3822
3802,3961,4030
3928,4210,4322
3956,4292,4371
3971,3973,4304
4063,4130,4396
4084,4149,4389
4091,4094,4152
4093,4568,4591
4183,4289,4309
4200,4210,4333
4205,4658,4681
4231,4233,4262
4247,4248,4314
4285,4288,4317
4326,4536,4595
4370,4554,4579
4433,4436,4779
4439,4492,5009
4495,4755,4952
4555,4557,4814
4624,4730,4848
4698,4699,5005
4782,4783,4790
4798,4800,4888
4868,4871,5294
4898,4960,5073
4938,5162,5313
4972,5316,5326
4977,5020,5419
5049,5073,5180
5189,5210,5251
244,245,552
389,401,498
424,748,970
452,453,537
464,757,1009
550,604,607
573,858,883
584,761,1008
629,636,644
954,957,1390
969,977,1030
1064,1066,1134
1137,1327,1353
1143,1336,1355
1150,1358,1478
1298,1305,1956
1299,1345,1817
1431,1444,2082
1575,1638,1639
1593,1647,1750
1763,1891,2161
1862,1864,2280
2114,2271,2354
2278,2285,2295
2282,2625,3108
2308,2590,2702
2343,2679,3151
2465,2919,2942
2665,2902,2943
2682,2838,2870
2922,2929,3040
3016,3023,3260
3054,3165,3303
3143,3320,3536
3199,3201,3286
3426,3808,3858
3435,3440,3819
3700,3701,3744
3727,3888,4067
3742,3901,4244
3806,4087,4146
3899,3906,4766
4008,4267,4341
4011,4072,4113
4022,4262,4425
4190,4462,4736
4266,4278,4381
4288,4748,4769
4290,4554,4579
4335,4371,4391
4344,4506,4765
4350,4517,4544
4502,4506,4844
4535,4689,4788
4542,4549,4660
4566,4608,4865
4678,4691,5327
4850,4962,5240
4867,4868,4898
4874,4948,5025
4970,4975,5028
5003,5004,5448
5016,5020,5275
5028,5334,5346
5203,5301,5378
5220,5284,5407
5299,5301,5372
5372,5405,5411
80,146,584
205,208,462
256,601,940
276,285,575
298,299,576
480,481,928
482,507,572
507,937,944
517,622,670
677,680,1185
682,1071,1347
704,756,1218
731,987,994
745,747,1011
762,764,1151
879,882,983
1014,1132,1305
1109,1243,1402
1187,1497,1517
1279,1281,1615
1328,1538,1726
1423,1559,1665
1440,1464,1629
1538,1539,1596
1560,1561,1692
1566,1567,1693
1660,1664,1830
1743,1746,2281
1893,2440,2549
1951,1971,1983
1963,2061,2138
1984,2043,2170
1996,2016,2055
1996,2496,2639
2044,2368,2590
2067,2069,2149
2080,2081,2236
2102,2127,2192
2297,2353,2890
2359,2849,3165
2392,2396,2402
2416,2418,2726
2486,2488,2648
2638,2652,2804
2692,2847,2878
2765,2962,3029
2886,3427,3548
2983,3542,3666
3187,3196,3310
3342,3682,3713
3374,3375,3824
3416,3751,3830
3522,3527,3567
3530,3756,3908
3734,3884,3891
3747,3904,4180
3767,3770,3810
4229,4402,4623
4317,4473,4785
4324,4708,4768
4416,4675,4692
4440,4444,4834
4467,4493,4605
4499,4504,4915
4594,4601,5253
4608,4653,4905
4633,4894,5063
4945,5183,5296
5007,5031,5045
5098,5456,5493
5194,5428,5478
5270,5307,5493
13,393,613
65,431,480
169,325,545
231,235,628
323,328,441
416,452,635
434,436,468
458,465,516
477,478,484
535,686,1006
537,689,1005
713,827,1102
893,897,1076
918,924,930
1064,1065,1176
1160,1381,1485
1192,1522,1582
1197,1240,1639
1251,1256,1671
1453,1477,1586
1520,1522,1553
1554,1672,1845
1567,1735,1907
1637,1644,1699
1656,1657,1719
1946,2179,2332
1967,1969,2235
2107,2151,2434
2111,2337,2400
2117,2252,2265
2154,2191,2306
2163,2436,2461
2320,2596,2756
2342,2827,2965
2355,2368,3016
2508,2510,2777
2517,2797,3162
2664,2820,2902
2811,2866,2936
2852,3256,3292
2857,2859,3396
2858,3355,3527
3145,3147,3226
3349,3400,3799
3474,4032,4199
3542,3546,3878
3598,3602,3608
3811,3979,4001
3829,4019,4137
3905,4297,4346
4022,4024,4283
4033,4071,4402
4046,4086,4373
4262,4264,4352
4273,4395,4424
4386,4402,4581
4562,4857,4982
4565,5110,5224
4603,4607,4936
4628,5175,5284
4865,4883,4907
4925,4967,5122
5204,5208,5215
5218,5222,5228
5368,5494,5506
35,114,207
38,42,392
157,161,469
181,262,315
207,522,605
408,412,428
669,1243,1408
731,1220,1540
815,817,1244
827,1058,1141
883,1136,1173
1063,1190,1224
1163,1402,1510
1250,1409,1640
1274,1822,1935
1354,1361,1587
1416,1421,1724
1451,1549,1656
1467,1512,1987
1516,1798,2062
1526,1528,1558
1534,1704,1930
1694,1928,1968
1826,2110,2203
1842,1849,2231
2000,2003,2477
2031,2033,2464
2034,2071,2512
2200,2374,2623
2338,2879,3001
2342,2643,2684
2393,2439,2865
2395,2396,2646
2623,2625,2689
2709,3025,3050
2760,2966,3116
2985,3263,3320
3033,3285,3301
3053,3056,3154
3104,3538,3601
3127,3129,3137
3225,3226,3294
3270,3554,3612
3304,3507,3622
3356,3530,3748
3398,3400,3737
3419,3427,4082
3490,3604,3704
3516,3539,3834
3541,3645,3877
3542,3549,3815
3673,3679,3951
3727,3771,4054
3743,3744,3857
3954,3958,4290
3988,4332,4407
4258,4259,4424
4267,4311,4594
4314,4471,4542
4530,4538,5197
4534,4783,4790
4544,4584,4889
4588,4630,5106
4618,4619,4920
4881,4888,4938
4931,5140,5201
5010,5013,5398
5035,5037,5360
5051,5052,5380
5051,5307,5314
5059,5285,5312
5201,5474,5504
5295,5303,5361
5411,5501,5504
5,46,57
7,191,503
30,36,50
199,201,603
243,834,995
279,905,1016
390,435,631
462,467,750
570,851,916
698,820,1036
728,777,1191
734,797,1116
764,827,867
822,868,1300
891,898,1542
1073,1074,1461
1294,1329,1686
1459,1498,1621
1475,1532,1616
1500,1507,1783
1538,1540,1655
1558,1564,1572
1624,1779,1800
1630,2004,2010
1688,1891,1952
1763,2044,2094
1867,2427,2552
1896,1919,2214
1951,1974,2222
2016,2284,2563
2144,2215,2350
2154,2179,2203
2181,2347,2468
2189,2360,2479
2328,2330,2747
2565,2673,2726
2719,2875,2896
2752,3178,3184
2899,3393,3705
3013,3014,3487
3080,3083,3303
3114,3117,3317
3232,3512,3570
3254,3405,3478
3264,3268,3419
3324,3341,3347
3344,3638,3694
3579,3912,4180
3587,3589,4063
3614,3617,4049
3649,3949,4207
3795,3819,3944
3966,4345,4401
4015,4258,4424
4105,4664,4781
4445,4784,4888
4461,4464,4847
4496,4503,4911
4510,4779,4855
4549,4550,4863
4654,4717,4955
4789,5084,5332
4848,5174,5232
4920,5126,5276
5056,5062,5103
5106,5110,5151
5157,5160,5264
5255,5256,5364
150,167,356
189,191,617
197,201,459
229,362,627
252,255,277
409,447,633
453,742,960
543,611,695
576,581,631
625,860,977
811,1085,1234
884,897,1536
1013,1020,1085
1024,1478,1534
1048,1186,1488
1111,1304,1344
1121,1305,1423
1131,1292,1315
1295,1454,1614
1402,1423,1464
1435,1436,1696
1448,1663,1839
1451,1492,1701
1470,1472,1634
1485,1593,1646
1611,1772,1897
1717,1719,2087
1731,1812,2155
1827,2171,2594
1834,2270,2304
1865,1926,2224
1912,1974,2243
1930,1976,2449
2113,2234,2271
2143,2302,2375
2190,2357,2384
2199,2374,2393
2271,2398,2663
2271,2887,3014
2282,2588,2794
2366,2368,2650
2542,2602,2633
2560,2565,2571
2568,2607,2793
2571,3005,3024
2597,2598,2742
2650,2813,3175
2653,2811,2894
2698,2699,2734
2702,2856,3183
2942,3182,3345
3120,3121,3435
3135,3136,3201
3137,3614,3638
3190,3357,3715
3288,3469,3713
3394,3445,3711
3444,3513,3794
3483,3485,3843
3567,3572,3683
3569,3590,3631
3691,3693,3722
3754,3756,3842
3765,3766,4133
3859,3867,4219
3910,4543,4787
3971,3973,4510
3995,4300,4332
4036,4303,4306
4152,4198,4403
4200,4201,4515
4203,4205,4330
4446,4954,4966
4524,5085,5209
4527,4529,4866
5095,5097,5354
5185,5204,5216
5308,5338,5356
72,83,115
215,217,298
383,386,407
470,934,957
472,473,545
520,531,607
774,841,1134
894,901,1186
974,1008,1080
1202,1508,2028
1267,1282,1929
1609,1762,2036
1655,1827,2043
1741,1746,2070
1870,1984,2084
1926,1928,2258
1963,2253,2617
2025,2031,2139
2049,2116,2259
2119,2387,2452
2131,2254,2342
2427,2434,2656
2478,2481,2498
2482,2522,2760
2508,2620,2777
2525,2536,3172
2543,2545,2699
2850,2853,3388
2867,2906,3283
2900,3247,3278
2919,2964,3269
2921,3168,3175
2977,2979,3405
2996,2998,3473
3022,3043,3084
3046,3107,3119
3059,3101,3536
3072,3118,3323
3080,3122,3320
3190,3353,3715
3195,3571,3597
3209,3220,3500
3214,3372,3443
3389,3392,3796
3528,3573,3825
3630,3632,3794
3832,4018,4237
3918,3942,3957
3918,3948,4279
3995,4314,4388
4027,4031,4048
4282,4342,4400
4439,4446,5306
4512,4514,4918
4573,4579,5267
4737,4739,5171
4826,4982,5310
4898,5076,5135
4911,5095,5116
4975,5256,5473
4977,5251,5258
5301,5372,5494
5328,5329,5502
42,57,571
114,115,485
126,128,524
127,536,597
144,148,427
666,1508,1529
696,976,1031
737,760,867
814,827,1473
869,931,1173
894,897,1186
965,1441,1463
1017,1023,1129
1108,1271,1527
1208,1215,1724
1469,1587,1728
1521,1522,1714
1799,1814,2462
1854,2412,2579
1897,1899,2325
2191,2384,2424
2230,2438,2558
2302,2303,2701
2324,2372,2837
2338,2382,2691
2410,2736,2799
2422,2485,2551
2473,2474,2695
2493,2494,2751
2563,2584,2618
2568,2571,2774
2609,2610,3046
2625,3111,3131
2639,2938,3157
2649,2650,2742
2812,3158,3215
2880,2926,3394
2915,2917,3234
2991,3267,3322
3015,3256,3325
3076,3096,3135
3163,3165,3229
3294,3481,3506
3322,3545,3564
3371,3374,3709
3392,3517,3791
3455,3461,3848
3490,3604,3820
3513,4054,4169
3567,3821,3853
3595,4070,4093
3732,3974,4016
3782,3936,4263
3807,3944,3971
3936,4237,4241
4004,4156,4368
4008,4009,4341
4140,4158,4172
4178,4179,4651
4433,4780,5261
4450,4787,4796
4454,4892,4904
4509,5070,5237
4686,4688,4915
4737,4738,4943
4836,4839,4868
4947,5194,5302
5239,5243,5278
5281,5305,5425
5359,5446,5492
97,108,265
143,176,315
203,258,545
227,378,574
397,409,667
549,551,865
557,716,838
624,636,850
678,730,755
712,763,1227
726,1108,1158
809,812,870
832,943,1038
915,1020,1151
934,978,1453
1084,1239,1260
1211,1514,1716
1246,1728,1913
1267,1282,1703
1282,1633,1705
1297,1664,1719
1355,1397,1647
1680,1886,2036
1731,1786,1856
1736,2184,2219
1818,1822,2166
1842,1960,2165
1849,1850,2315
1950,1995,2227
1972,1975,2448
1982,1984,2267
2176,2330,2596
2210,2509,2568
2272,2276,2541
2294,2304,2731
2310,2313,2848
2368,2482,2590
2370,2375,2768
2408,2679,2708
2550,3003,3026
2595,2667,2791
2727,2891,2914
2731,2755,2896
2878,3419,3541
3064,3284,3339
3074,3077,3232
3081,3082,3244
3260,3325,3327
3334,3650,3687
3359,3417,3954
3471,4018,4130
3586,3589,3648
3604,3824,3879
3667,3669,3730
3671,3868,4104
3687,3689,3769
3712,3713,3785
3782,3949,4013
3825,3829,4124
3883,4170,4229
4015,4016,4345
4022,4023,4349
4028,4031,4294
4062,4108,4540
4168,4227,4305
4171,4178,4277
4445,4768,4784
4570,4896,4959
4584,4586,4946
4745,4746,5220
4747,4753,5022
4814,4934,4935
4899,5140,5180
4956,5217,5312
5004,5272,5484
5006,5009,5506
35,40,206
189,344,505
193,208,637
239,245,253
281,425,598
362,364,642
524,525,595
531,698,820
575,747,963
676,691,1347
702,703,1403
832,1332,1490
950,1080,1216
1030,1037,1182
1031,1192,1539
1061,1221,1244
1112,1158,1161
1128,1132,1305
1147,1150,1466
1222,1272,1539
1384,1387,1446
1427,1429,1573
1599,1727,2034
1607,1821,1839
1996,2212,2250
2030,2067,2253
2151,2318,2440
2167,2168,2198
2180,2338,2602
2187,2324,2351
2206,2252,2387
2299,2633,2704
2377,2918,3076
2440,2981,3096
2448,2490,2734
2458,2935,2956
2571,3005,3068
2646,2658,2761
2847,2898,2922
2907,3401,3710
2941,2945,3297
3016,3023,3673
3075,3076,3311
3087,3132,3607
3097,3202,3262
3162,3169,3450
3209,3229,3300
3212,3216,3263
3216,3375,3394
3388,4017,4257
3578,3583,3624
3677,4132,4154
3821,4005,4123
3942,3943,4407
4070,4503,4523
4191,4193,4297
4511,4512,4919
4700,4703,4923
4745,4772,4857
4860,4920,4924
4976,5026,5362
4998,5022,5037
5003,5334,5435
5163,5168,5208
5166,5173,5498
5221,5427,5439
5224,5437,5440
5244,5485,5490
5373,5379,5426
5396,5457,5458
17,40,103
70,479,556
78,114,116
98,109,834
258,315,585
402,603,794
580,1003,1010
649,657,700
761,1233,1255
768,1027,1101
922,1013,1104
928,987,1065
935,939,1024
1015,1016,1073
1030,1197,1555
1100,1258,1522
1196,1197,1644
1222,1295,1632
1361,1372,1598
1462,1778,2006
1597,1927,1986
1663,1694,1708
1771,1842,2177
1877,1883,2037
1916,1961,2230
1971,1984,2200
2044,2176,2323
2125,2157,2282
2151,2160,2170
2328,2646,2748
2360,2367,2739
2400,2442,2872
2400,2446,2873
2456,2498,2975
2456,2502,2976
2673,2679,2889
3022,3260,3327
3039,3102,3158
3052,3055,3287
3169,3276,3339
3299,3333,3335
3339,3577,3714
3412,3418,3462
3426,3688,3858
3434,3812,3861
3509,3573,3830
3516,3520,3855
3538,3539,3840
3546,3548,3878
3600,3624,3789
3657,3659,3810
3733,3734,3884
3753,3910,4249
3850,4058,4064
3958,4341,4398
4078,4532,4555
4271,4432,4779
4312,4592,4650
4437,5303,5320
4472,4481,4597
4535,4694,4854
4549,5021,5043
4614,4628,5281
4744,4778,4838
4759,4768,4881
4880,5295,5303
5171,5276,5399
5185,5189,5355
5388,5430,5431
148,181,235
189,486,565
599,633,635
716,723,1131
751,757,1179
788,791,1055
1184,1478,1534
1202,1205,1544
1205,1599,1647
1312,1316,1322
1597,1750,2089
1706,1939,1960
1799,1807,2462
2001,2002,2164
2037,2038,2251
2154,2313,2335
2162,2174,2248
2186,2467,2526
2187,2377,2417
2335,2668,3146
2402,2404,2664
2416,2683,2837
2587,2589,2597
2622,2627,2910
2652,2715,2810
2915,3233,3309
2953,2981,3640
3041,3043,3314
3195,3197,3571
3360,3364,3754
3377,3380,3885
3377,3433,3970
3665,3666,4140
3669,3670,3881
3927,4491,4620
4030,4356,4685
4042,4045,4104
4090,4132,4367
4120,4122,4392
4201,4204,4515
4203,4328,4420
4214,4217,4404
4255,4256,4313
4556,4668,4802
4600,4621,4661
4836,4993,5109
5050,5054,5395
5098,5210,5343
5105,5437,5497
5175,5278,5491
99,104,689
164,168,686
290,291,787
325,591,773
347,353,361
397,403,410
429,431,639
488,490,582
622,848,952
820,1367,1476
1062,1145,1146
1068,1394,1452
1097,1100,1104
1125,1128,1132
1205,1336,1599
1217,1270,1541
1344,1346,1654
1460,1506,1980
1501,1505,1532
1502,1541,2022
1521,1598,1710
1660,1834,2083
1900,2127,2233
1907,1928,1968
1926,1933,2045
2054,2088,2160
2491,2495,2558
2542,2583,2797
2580,2587,2713
2640,2641,2772
2655,3035,3052
2843,2890,3238
2848,2852,3109
2914,2949,3306
2932,2939,3335
3222,3378,3410
3238,3239,3326
3253,3407,3446
3356,3682,3839
3579,3582,3641
3587,4041,4064
3638,4112,4135
3641,3680,4118
3828,4011,4259
3993,4594,4719
4008,4121,4258
4056,4060,4395
4072,4095,4134
4102,4649,4756
4162,4478,4706
4239,4570,4784
4257,4258,4272
4311,4472,4597
4317,4321,4748
4321,4420,4423
4373,4563,4681
4421,4716,4755
4552,4565,5211
4638,4656,4669
4832,4865,4871
4842,4843,4925
4978,4993,5460
5117,5431,5484
5182,5413,5416
5262,5266,5282
55,127,459
75,109,128
153,192,355
188,657,677
199,498,569
351,354,374
521,523,605
523,710,755
641,892,914
658,665,675
802,1403,1524
815,857,1292
830,1263,1283
916,975,1047
927,929,969
1236,1262,1264
1238,1360,1576
1239,1241,1629
1271,1760,2080
1292,1338,1809
1318,1673,1971
1322,1746,1819
1374,1382,2041
1488,1530,1966
1543,1544,1727
1632,1636,1640
1658,1836,1895
1667,1697,1709
1675,1862,1883
1740,1817,1884
1748,1755,2264
1760,1763,2094
1863,1865,2136
2011,2247,2253
2170,2544,2550
2201,2391,2503
2212,2398,2617
2431,2432,2733
2438,2440,2719
2504,2517,3156
2514,2515,2761
2591,2592,2707
2603,3040,3104
2734,2880,2907
2737,2740,2759
2737,2753,3058
2812,2890,2892
2891,3230,3345
3027,3199,3200
3096,3097,3320
3261,3424,3431
3351,3354,3428
3361,3438,3440
3398,3520,3629
3523,3544,3652
3557,3599,4034
3577,3615,3883
3675,3677,3871
3724,3725,4175
3799,3955,3976
3990,3995,4001
4207,4216,4482
4303,4335,4359
4496,4498,4832
4577,4885,4896
4600,4827,4933
4665,4707,4926
4666,4669,4769
4776,4778,4785
4908,5091,5339
5021,5244,5488
5074,5076,5381
5138,5140,5489
5358,5367,5378
5439,5471,5486
54,57,527
116,126,595
127,137,290
475,476,609
511,886,950
547,907,929
573,574,858
638,904,963
648,664,1333
714,715,1021
866,867,1121
952,1070,1164
977,978,1029
1019,1125,1170
1106,1387,1446
1282,1395,1655
1466,1476,1566
1480,1485,1491
1505,1981,2003
1635,1858,1898
1691,1900,1961
1697,1704,1716
1703,1936,2050
1949,2011,2253
2217,2523,2540
2218,2386,2408
2223,2482,2522
2238,2241,2581
2328,2492,2661
2351,2607,2614
2388,2391,2652
2653,2814,2888
2659,2746,2792
2868,2870,3201
2927,2991,3266
3198,3218,3301
3261,3264,3268
3360,3435,3449
3407,3897,4255
3439,3929,4245
3634,3674,3864
3714,4011,4257
3907,3922,4384
3938,4060,4169
3972,4093,4317
4166,4176,4428
4188,4191,4394
4250,4251,4302
4318,4319,4354
4417,4682,4790
4441,4446,4770
4478,4709,4930
4568,4569,4873
4570,4896,5225
4624,4685,4697
4633,4634,5107
4691,5197,5334
4731,4733,5164
4742,4744,4778
4800,5250,5268
4919,5110,5322
5185,5206,5307
5219,5265,5478
178,334,492
211,218,226
308,581,613
370,393,435
429,431,496
447,529,633
452,453,638
508,634,646
546,753,820
573,861,878
595,785,846
661,1296,1542
681,684,1219
1007,1008,1074
1020,1470,1529
1042,1046,1160
1073,1182,1227
1396,1400,1406
1410,1412,1654
1468,1472,1560
1582,1805,1866
1585,1588,1617
1585,1746,1766
1634,1789,1853
1640,1798,2062
1668,1851,2097
1737,2252,2265
1987,2050,2109
2003,2038,2161
2024,2025,2257
2071,2102,2127
2092,2099,2385
2146,2150,2265
2164,2552,2606
2192,2238,2241
2275,2824,2992
2591,3068,3090
2646,2816,2990
2648,2920,2987
2697,2701,2806
2802,3083,3143
2828,2831,3344
2941,3008,3297
3104,3106,3537
3158,3159,3346
3408,3714,3726
3432,3439,3553
3752,3915,4264
3777,3781,4208
3817,3820,3839
3821,4011,4123
3845,3887,4042
3881,3887,4152
3909,3913,4301
3942,3958,4399
4042,4045,4148
4169,4435,4713
4301,4302,4386
4303,4306,4347
4495,4496,4912
4495,4497,5034
4534,4536,4998
4742,4745,5219
4820,4906,4907
4830,4832,4910
4864,5019,5040
4871,5020,5296
4913,5071,5224
4965,5284,5318
5054,5429,5483
5158,5193,5309
5187,5189,5492
5210,5270,5307
5226,5272,5481
27,105,479
110,111,175
161,469,639
206,675,694
340,365,368
400,404,422
429,496,639
440,442,473
458,518,575
674,684,803
701,1184,1474
715,716,1132
804,806,1166
829,833,850
883,1125,1132
1052,1056,1103
1202,1545,1714
1247,1248,1668
1333,1336,1371
1336,1603,1606
1346,1887,2002
1407,1667,1712
1484,1683,1874
1582,1588,1801
1600,1771,1893
1670,1857,1874
1787,2117,2600
1980,2319,2538
2275,2447,2556
2276,2724,2759
2456,2501,2770
2480,2743,2801
2521,2522,2785
2574,2577,3010
2725,2895,3015
2800,3068,3090
2825,2826,3268
2917,3464,3616
2989,2993,3055
2997,3001,3217
3130,3260,3402
3177,3183,3289
3228,3380,3666
3259,3415,3436
3276,3281,3331
3373,3448,3489
3482,3484,3900
3775,3838,3978
3825,4012,4130
3874,4130,4227
3944,3992,4457
3948,4280,4366
3995,3997,4388
4070,4073,4342
4216,4498,4759
4296,4528,4569
4321,4751,4800
4436,4446,4883
4537,4640,4930
4580,4587,4870
4779,4897,4900
4807,4851,4930
4850,5285,5335
4858,4894,5008
4971,5047,5061
5222,5224,5466
5282,5318,5378
5288,5323,5389
5320,5321,5476
19,99,689
84,97,266
177,473,480
230,239,381
232,233,287
478,496,568
507,666,937
676,683,693
765,778,1424
780,822,1074
816,839,1134
892,897,937
929,1026,1047
1064,1324,1341
1160,1378,1397
1166,1399,1420
1212,1215,1597
1222,1223,1621
1343,1344,1661
1397,1442,1680
1434,1441,1726
1438,1442,1448
1446,1488,1923
1501,1504,1649
1703,1942,2050
1740,1743,1862
1814,2189,2469
1862,1863,2189
1889,1892,1994
2024,2458,2477
2062,2177,2239
2080,2081,2124
2089,2384,2632
2181,2344,2351
2242,2465,2528
2279,2284,2336
2335,2595,2603
2543,2545,3018
2646,2667,2773
2659,2824,2874
2696,2851,2898
2764,2767,3078
2915,2917,3308
2973,3520,3629
3069,3074,3342
3246,3394,3711
3339,3616,3714
3439,3440,3820
3535,3563,3804
3638,3827,3857
3744,4182,4204
3785,3908,3941
3850,4067,4176
3901,3978,3980
4106,4314,4339
4160,4206,4680
4215,4287,4411
4292,4453,4504
4723,4725,4839
4772,4773,4958
5001,5004,5387
5141,5145,5150
5162,5169,5435
5166,5453,5464
5213,5278,5399
5229,5231,5502
5373,5426,5482
14,506,562
126,684,1000
298,523,555
312,366,808
316,618,985
486,656,666
559,583,712
567,757,797
679,1012,1021
874,1097,1104
1362,1407,1661
1430,1679,1715
1580,1744,1794
1649,1828,1942
1806,1921,2068
1894,1898,2249
1910,2343,2363
1968,1970,2237
1992,1994,2218
2015,2072,2156
2023,2061,2250
2038,2158,2193
2166,2167,2199
2228,2431,2492
2248,2510,2551
2298,2301,2324
2365,2368,2648
2387,2494,2750
2436,2503,2775
2696,3063,3080
2702,2711,2865
2719,2875,2942
2766,2966,3069
2786,2792,2802
2802,3142,3173
2905,2907,3171
3032,3469,3530
3054,3057,3346
3062,3221,3222
3209,3220,3304
3253,3446,3566
3276,3281,3577
3328,3569,3631
3391,3889,4060
3461,3463,3773
3478,4025,4137
3501,3543,3799
3555,3664,3809
3720,3868,3874
3772,3849,3882
3822,4003,4062
3945,4014,4079
4009,4253,4423
4043,4314,4317
4079,4375,4416
4219,4225,4341
4289,4456,4586
4368,4793,4800
4396,4425,4609
4416,4675,4737
4495,4828,5306
4501,4569,4841
4573,4601,5260
4608,4650,5086
4703,4738,4861
4755,4821,4952
4789,4908,5078
4866,5018,5065
4977,5020,5144
5133,5356,5470
5144,5145,5417
5171,5175,5399
5333,5335,5424
21,735,861
220,604,919
276,281,290
500,879,943
559,715,736
563,726,831
565,735,855
789,1062,1145
821,832,1480
916,1121,1128
1080,1140,1144
1110,1391,1456
1148,1414,1455
1151,1334,1357
1213,1214,1651
1229,1526,1720
1322,1540,1562
1351,1352,1653
1371,1372,1702
1587,2017,2024
1623,1899,1916
1753,1879,2149
1774,1777,2267
1835,2154,2228
1849,1850,2164
1963,2205,2212
2202,2537,2554
2237,2475,2514
2303,2735,2748
2861,3677,3691
2910,2911,3339
2968,3014,3487
3053,3057,3236
3147,3224,3294
3195,3352,3699
3211,3373,3422
3225,3596,3654
3237,3393,3705
3265,3442,3555
3306,3569,3609
3352,3682,3742
3364,3749,3840
3418,3801,4074
3453,3514,3526
3564,3609,3844
3600,3603,3665
3709,3816,3879
3752,3785,3937
3756,3915,3987
3778,3781,3813
3832,3870,3871
4015,4437,4511
4046,4196,4300
4088,4192,4419
4234,4397,4404
4479,4481,4869
4675,4676,5149
4812,4975,5096
4830,5097,5114
4881,5047,5168
4934,5144,5165
5041,5152,5426
5080,5141,5153
5149,5171,5278
5255,5259,5311
13,658,832
38,763,1007
74,80,146
102,107,439
226,534,686
260,261,577
304,305,358
511,673,722
575,621,623
768,769,1101
768,887,1032
1125,1312,1430
1378,1413,1714
1428,1430,1725
1489,1507,1518
1491,1492,1701
1513,1519,1637
1522,1637,1699
1555,1556,1689
1568,1730,2096
1648,1698,1699
1690,1901,2016
1719,1996,2094
1828,1869,2129
1846,1888,2363
1856,1968,2102
1910,1911,2197
1918,2112,2187
2093,2163,2232
2103,2219,2399
2106,2127,2233
2344,2686,2755
2381,2382,2691
2384,2745,2790
2429,2536,2772
2475,2584,2729
2506,2510,2685
2596,2724,2871
2659,2819,3181
2804,3098,3114
2929,3173,3180
2974,2987,3207
2984,2986,3258
3246,3247,3279
3354,3357,3892
3402,3403,4103
3461,3462,3771
3497,3503,3657
3718,3720,3736
3773,4161,4222
3795,3831,3851
3804,3963,4221
3843,3860,4034
3849,4052,4110
3885,4184,4205
3947,3948,4266
3956,3958,4371
4043,4045,4517
4231,4234,4672
4281,4288,4766
4285,4522,4563
4329,4331,4334
4385,4735,4756
4498,4881,4938
4514,4537,4577
4525,4527,4791
4581,4586,4626
4584,4586,4894
4833,4839,4886
4944,5236,5278
5046,5308,5478
5116,5118,5426
5137,5139,5414
5218,5231,5444
5425,5428,5432
89,191,245
188,189,486
227,538,539
231,247,496
234,237,312
399,441,630
417,419,528
565,568,572
567,734,797
610,613,933
657,1502,1523
688,714,716
713,717,824
844,847,906
897,999,1133
933,943,1038
1051,1130,1131
1170,1171,1557
1198,1213,1680
1339,1620,1684
1566,1736,1910
1655,1828,2047
1698,1701,2041
1706,1963,2004
1724,2016,2102
1733,2080,2561
1780,1898,2011
1802,2287,2425
2029,2030,2142
2104,2105,2114
2161,2591,2606
2238,2459,2614
2317,2611,2801
2330,2596,2787
2333,2399,2411
2352,2473,2697
2357,2382,2703
2454,2455,2728
2473,2948,2971
2479,2481,2738
2600,2636,3081
2733,2734,3018
2917,2980,3020
2955,3016,3028
3005,3459,3482
3059,3105,3318
3111,3112,3321
3201,3208,3343
3202,3263,3361
3220,3231,3307
3276,3455,3614
3312,3516,3541
3605,3609,3882
3655,3673,3684
3697,3699,3833
3773,3848,3849
3795,4018,4058
3827,4011,4113
3863,4096,4210
3960,3963,4477
4042,4103,4115
4183,4453,4730
4282,4505,4566
4411,4663,4799
4477,4771,5254
4490,4558,4598
4558,4913,4955
4737,5173,5234
4853,4854,4929
4909,4912,4916
5217,5276,5312
5224,5324,5437
5249,5308,5338
5342,5343,5365
165,250,304
198,537,662
238,316,369
293,302,433
299,437,583
337,447,529
392,741,961
503,504,645
544,643,695
552,711,874
692,810,924
703,707,746
923,924,1165
1018,1019,1032
1053,1273,1292
1088,1286,1549
1144,1147,1458
1188,1189,1901
1194,1197,1575
1323,1328,1441
1329,1603,1686
1420,1421,1698
1421,1427,1724
1679,2078,2085
1705,1940,1946
1840,2441,2566
1968,2080,2237
2107,2268,2447
2286,3149,3165
2343,2344,2756
2377,2741,2791
2387,2390,2448
2413,2451,2782
2725,2892,2899
2726,2727,3004
2793,2795,3156
2982,2984,3412
3047,3524,3545
3055,3056,3203
3217,3219,3544
3398,3736,3850
3465,3472,3873
3488,3489,3749
3511,3785,3788
3520,3727,3736
3608,3610,3845
3707,3708,3715
3785,3788,3814
3932,3941,4057
4039,4190,4289
4082,4089,4740
4117,4123,4797
4280,4439,4801
4291,4666,4730
4439,4442,4963
4492,4539,5006
4514,4889,4943
4541,4543,4852
4765,4773,5047
4842,4843,5275
4849,5272,5277
4970,5026,5336
4994,5004,5431
4994,5432,5444
5041,5045,5106
5060,5172,5283
5098,5159,5460
5124,5126,5434
5205,5251,5487
5363,5476,5505
5471,5480,5492
47,51,398
91,93,429
138,289,423
138,547,578
312,314,574
417,853,914
506,620,661
611,794,817
711,719,1374
909,914,1015
937,938,1175
969,970,1181
1056,1213,1329
1135,1322,1343
1136,1325,1536
1315,1317,1574
1638,1797,1860
1644,1648,1799
1649,1820,1827
1652,1819,2072
1721,1972,1994
1721,2016,2055
1766,1821,2358
1798,2181,2238
1822,2368,2482
1854,1857,1918
1915,1921,2188
1950,1952,2194
1961,1967,2104
1975,1976,2236
2138,2565,2571
2169,2171,2174
2174,2175,2485
2318,2440,2549
2322,2323,3023
2359,2360,2740
2362,2713,3016
2395,2397,2653
2462,2466,2798
2465,2467,2754
2534,2537,2769
2536,2741,2748
2692,2850,2872
2775,2804,2983
2809,2817,2860
2842,2843,3241
2910,2918,3331
3045,3047,3522
3076,3576,3719
3123,3125,3337
3213,3433,3452
3244,3399,3420
3301,3531,3651
3302,3303,3649
3366,3637,3860
3367,3382,4040
3369,3403,3409
3527,3841,4180
3611,3629,3669
3709,3828,3998
3737,3896,4239
3921,3924,4307
3934,3983,4299
3980,4327,4358
4020,4062,4492
4039,4102,4142
4105,4108,4125
4178,4630,4652
4252,4257,4545
4318,4321,4524
4485,4489,4553
4551,4653,4921
4652,5089,5150
4703,4705,4859
4768,4798,4816
4815,4817,4878
4821,4854,4861
4852,4929,4962
5005,5012,5021
5033,5038,5422
5060,5391,5440
5082,5089,5200
48,125,461
58,76,230
66,71,432
85,107,835
175,179,203
301,430,553
313,342,452
314,563,720
367,370,500
402,591,603
517,670,1009
731,733,1064
764,1128,1171
771,832,873
810,811,1125
930,932,1405
956,1231,1458
979,985,1259
1209,1286,1568
1231,1302,1637
1240,1364,1577
1335,1396,1408
1411,1415,1432
1584,2022,2044
1660,1715,1717
1776,2077,2081
1811,1813,2350
1910,1913,2341
2031,2215,2226
2211,2398,2459
2218,2433,2472
2320,2321,2756
2323,2330,2787
2373,2434,2446
2419,2966,3116
2429,2432,2534
2640,3090,3149
2713,2729,2785
2813,2814,3352
2822,3128,3648
2879,2894,3542
2929,3401,3423
2962,3023,3035
3037,3043,3717
3337,3602,3710
3376,3383,3393
3390,3393,3779
3502,3505,3608
3503,3979,4001
3530,3963,3983
3583,3681,3758
3608,3609,3867
3746,3748,4077
3891,3894,3968
4008,4015,4394
4020,4065,4337
4053,4155,4399
4173,4180,4278
4174,4215,4411
4237,4239,4373
4249,4356,4419
4279,4550,4608
4401,4626,4633
4401,4629,4744
4432,4510,4512
4498,4565,4605
4563,4835,4922
4598,4604,4718
4637,4683,5115
4684,4702,4743
4694,4695,4927
4785,5271,5291
4853,5007,5038
4913,4919,4955
4949,5217,5257
5003,5013,5131
5060,5062,5408
5151,5427,5482
5170,5214,5461
5183,5187,5492
28,464,568
123,129,570
221,227,236
464,584,750
544,545,612
576,584,639
662,665,1004
673,674,1111
747,749,1086
788,791,1209
895,896,1369
1159,1378,1413
1268,1317,1731
1298,1311,1710
1316,1435,1585
1375,1381,1648
1411,1971,2086
1425,1427,1663
1508,1511,1986
1511,1708,1944
1593,1597,1647
1666,1850,1908
2037,2039,2471
2049,2050,2261
2121,2128,2606
2164,2315,2346
2260,2549,2589
2364,2388,2653
2649,3073,3096
2689,2842,3079
2925,2932,3333
3154,3317,3324
3259,3418,3525
3348,3363,3406
3368,3375,4231
3373,3760,4040
3506,4053,4162
3576,3581,3587
3720,3874,4125
3773,3774,4161
3969,4530,4697
4211,4665,4688
4280,4281,4366
4305,4673,4736
4316,4317,4680
4360,4415,4417
4410,4411,4797
4625,5079,5102
4907,4937,4949
4927,5134,5249
5002,5075,5412
5075,5081,5234
5217,5257,5479
5328,5330,5400
16,41,220
235,555,628
247,613,933
266,302,439
355,464,577
359,361,595
437,629,870
509,529,600
605,802,869
664,783,1109
695,745,768
803,805,1067
956,992,1175
1091,1517,1531
1258,1302,1611
1308,1309,1567
1342,1403,1415
1456,1554,1661
1490,1762,2036
1620,1630,1765
1656,1835,1994
1657,1673,1717
1721,1727,1992
1773,2263,2547
1787,2049,2261
1810,1814,2155
1826,2109,2202
1841,2121,2161
1870,2196,2525
1928,2032,2259
2117,2276,2619
2318,2815,2987
2328,2487,2595
2387,2390,2492
2401,2405,2757
2468,2572,2799
2505,2551,2787
2546,2553,2808
2948,3158,3346
2988,3033,3285
3264,3426,3688
3438,3925,4059
3439,3781,3886
3496,3497,3816
3499,4046,4196
3538,3540,4014
3585,3590,3631
3618,3624,3630
3691,3722,3747
3724,3725,3734
3739,3741,3826
3901,4536,4782
3907,3922,4580
3950,3995,4300
4092,4357,4387
4298,4453,4727
4467,4518,4542
4630,4635,4674
4750,5030,5293
4959,5229,5335
5073,5134,5146
5306,5309,5488
5318,5320,5378
5323,5381,5465
5408,5411,5507
197,198,482
213,220,529
230,240,385
313,891,1006
378,380,573
391,393,482
456,457,779
493,494,644
587,617,629
671,1010,1176
673,1060,1144
755,914,1074
790,904,1004
820,881,1158
822,824,1074
962,964,998
1040,1126,1127
1127,1157,1169
1199,1256,1672
1277,1281,1343
1402,1510,1633
1571,1793,1865
1584,1725,1740
1609,1762,1999
1640,1644,1791
1645,1812,1819
1808,1856,2106
2001,2061,2131
2030,2140,2160
2114,2274,2348
2165,2194,2314
2312,2709,2714
2319,2321,2702
2406,2448,2705
2452,2493,2745
2526,2531,2572
2536,3036,3179
2751,2912,2935
2811,2938,3203
2853,3671,3686
2856,2858,3191
2966,3513,3622
3053,3153,3236
3087,3128,3606
3168,3169,3234
3286,3332,3467
3287,3469,3486
3315,3526,3543
3418,3462,3771
3536,3581,3850
3591,3598,3820
3728,3895,3946
3768,3770,3810
3770,3882,4160
3791,3940,4263
3902,4208,4728
3947,4209,4421
3998,4011,4410
4007,4071,4346
4075,4081,4765
4093,4094,4567
4439,4492,4861
4537,4789,4959
4661,4930,4938
4689,4694,4795
4714,4718,5190
4793,4795,4870
4942,5165,5228
5063,5067,5379
5075,5081,5468
5086,5089,5408
94,96,501
172,191,337
217,261,622
231,240,496
358,361,386
415,419,434
484,485,615
499,500,587
655,708,1014
659,666,1183
1013,1015,1104
1023,1133,1139
1097,1104,1159
1106,1384,1451
1180,1469,1509
1240,1577,1639
1256,1378,1592
1325,1386,1684
1426,1429,1529
1539,1657,1660
1654,1678,1823
1679,1713,1715
1723,2010,2028
1734,1737,2272
1822,1863,2118
1919,2074,2215
1959,2025,2137
2129,2138,2149
2624,2737,2797
2683,2870,2915
2691,2809,2980
2721,2884,2891
2745,2752,2790
2856,2882,2884
2864,2867,3380
2928,2931,3192
3022,3327,3673
3097,3104,3208
3165,3166,3302
3232,3309,3342
3413,3527,3802
3435,3440,3447
3840,3844,4159
3900,4515,4641
4027,4050,4334
4175,4521,4741
4279,4367,4494
4296,4455,4474
4303,4462,4535
4402,4420,4426
4461,4464,4999
4487,4488,4908
4653,4769,4911
4763,4764,5199
4822,4826,4940
4893,4894,5178
4956,5215,5232
4986,5494,5506
38,39,455
55,56,574
225,308,586
381,389,486
484,485,494
501,534,689
504,946,962
610,818,824
696,697,978
714,1198,1338
729,750,763
746,1009,1027
757,797,1105
758,762,769
818,824,938
849,856,1096
899,941,1376
927,930,1146
1015,1463,1481
1031,1193,1524
1113,1401,1418
1116,1124,1179
1207,1216,1684
1400,1568,1569
1434,1437,1683
1636,1790,2053
1757,1808,2273
1776,1780,2035
1995,2100,2231
2023,2293,2567
2028,2066,2505
2069,2507,2526
2204,2381,2628
2245,2480,2597
2281,2623,2682
2413,2419,3107
2534,2535,2779
2565,2571,2679
2568,2606,2788
2703,2705,2772
2716,2735,2863
2756,2790,2793
2759,2950,3164
2883,2885,3210
2897,3458,3582
3090,3091,3333
3196,3307,3310
3233,3387,3418
3249,3328,3396
3283,3464,3567
3336,3595,3612
3468,3471,3854
3787,4147,4169
3796,3800,3942
3805,3982,4095
3934,3986,4364
3993,4056,4121
4457,4462,4512
4478,4816,4930
4498,4654,4884
4651,4655,4718
4724,4923,5114
4777,4779,5099
4918,5110,5172
4937,5152,5214
4960,5231,5289
5027,5357,5502
5127,5140,5356
5283,5410,5497
5307,5309,5389
225,229,609
260,512,516
496,655,933
547,694,1011
557,719,841
576,755,761
692,817,1091
758,771,1170
775,777,1033
1125,1129,1424
1213,1600,1684
1253,1257,1320
1763,2044,2208
1835,1841,1994
1898,1900,2179
1903,1926,2217
1995,2163,2164
2041,2065,2347
2259,2529,2635
2354,2468,2732
2372,2414,2652
2394,2461,2754
2485,2489,2655
2686,2844,3160
2720,2724,2871
2754,3053,3116
2810,2869,3406
2848,2874,2876
2883,3141,3149
2891,3380,3700
2983,3050,3316
3188,3463,3522
3207,3310,3313
3208,3346,3648
3235,3391,3438
3277,3454,3489
3423,3425,3962
3493,3521,3758
3514,3527,4173
3675,3747,3871
3764,4024,4041
3818,3819,4147
3843,3866,3878
4006,4009,4328
4021,4088,4377
4050,4057,4170
4085,4087,4374
4105,4108,4170
4111,4133,4232
4381,4393,4720
4433,4742,4952
4448,4500,4871
4473,4963,5247
4546,4549,5014
4570,4784,4957
4582,4585,4644
4730,4732,4944
4822,4828,4882
4950,4951,5337
4976,5150,5368
4996,5003,5434
5114,5119,5159
5387,5390,5430
3,58,247
4,46,53
11,14,459
47,51,422
85,87,863
90,95,244
182,193,346
227,574,626
346,580,637
375,377,473
488,489,641
740,1087,1118
759,804,1109
807,814,1466
1075,1077,1137
1167,1414,1522
1176,1435,1497
1183,1470,1529
1274,1388,1533
1298,1311,1956
1313,1315,1730
1491,1686,1881
1563,1865,2076
1566,1738,1912
1785,1856,2123
1912,2023,2118
1938,2002,2169
2022,2026,2080
2167,2527,2549
2331,2336,2751
2437,2652,2810
2487,2492,2603
2649,2801,2866
2750,2794,2934
2811,2814,2888
2826,3689,3705
2875,3135,3143
2880,2886,2928
2895,2900,3279
2935,2937,3193
3019,3021,3278
3072,3114,3317
3173,3175,3250
3407,3408,3828
3439,3665,3692
3467,3471,3830
3468,3475,3587
3495,3499,3845
3497,3805,3816
3560,3823,3881
3644,3646,4077
3751,4126,4190
3791,3881,3884
3950,4337,4615
3991,4029,4386
4079,4234,4375
4090,4093,4343
4210,4243,4309
4361,4542,4660
4436,4762,4919
4453,4528,4569
4524,4529,4546
4605,4883,4940
4755,4757,4827
4808,4809,4903
4857,5011,5060
4939,5158,5193
4979,4982,5503
5165,5167,5384
5243,5245,5399
5244,5402,5414
69,138,580
147,423,431
166,252,335
235,244,628
256,793,943
333,408,463
564,619,627
651,778,1043
695,724,1064
789,1063,1146
800,813,1458
955,959,1010
1111,1135,1276
1238,1735,1907
1293,1402,1662
1327,1347,1359
1330,1544,1717
1393,1846,1868
1420,1422,1623
1572,1573,1903
1660,1837,2087
1716,1975,1992
1794,1795,2101
2000,2046,2520
2009,2127,2268
2115,2249,2272
2285,2334,2673
2322,2328,2335
2457,2522,2765
2498,2503,2544
2536,2595,2667
2576,2691,2710
2616,2618,2625
2785,3020,3137
2830,3463,3707
2978,3259,3329
3019,3020,3276
3054,3061,3165
3141,3218,3330
3163,3165,3256
3182,3203,3316
3218,3373,3647
3378,3408,3739
3383,3779,3813
3394,3446,3824
3408,3741,3827
3494,3539,3829
3569,3631,3873
3629,3895,4173
3649,3669,3729
3665,3866,4097
3782,3791,3794
3900,3903,4022
3900,3980,4326
3904,3956,4259
3915,4774,4790
4113,4290,4291
4139,4185,4398
4174,4178,4650
4176,4233,4262
4182,4183,4295
4359,4534,4553
4471,4472,4875
4494,4978,5118
4569,4842,4925
4703,5156,5179
4834,4835,4923
4858,4859,4894
4940,5161,5265
4987,5002,5464
5196,5210,5456
5267,5272,5390
42,114,527
185,242,704
322,328,379
377,379,628
462,469,576
505,666,686
541,692,970
624,855,958
802,867,1126
823,842,854
1008,1074,1182
1279,1532,1718
1290,1304,1957
1336,1784,1811
1521,1522,1592
1534,1697,1704
1658,1990,2007
1763,2195,2208
1768,1773,2052
1803,1804,2129
1811,2300,2620
1858,2213,2511
1908,1950,2194
1924,1985,1997
1999,2003,2038
2002,2116,2269
2131,2288,2645
2299,2302,2698
2323,2327,2366
2372,2374,2837
2518,2531,3167
2652,2817,2891
2812,3491,3696
2963,2965,3437
3172,3179,3465
3184,3185,3315
3336,3344,3592
3436,3439,3748
3590,3687,3769
3751,4129,4188
3807,3974,4037
3966,4081,4348
4022,4024,4440
4213,4222,4491
4286,4288,4342
4315,4377,4418
4462,4512,4779
4689,4852,4853
4851,4969,5140
5032,5038,5082
5033,5103,5374
5199,5262,5318
5419,5455,5474
82,83,560
94,314,501
125,459,535
194,201,281
497,962,983
509,674,803
597,791,808
662,663,1201
835,863,1104
860,866,1181
863,874,1519
873,989,1131
961,964,1275
975,976,1041
979,985,1101
993,1022,1047
1014,1311,1557
1175,1444,1544
1368,1372,1413
1589,1754,1883
1695,2015,2073
1757,1810,2081
1770,1773,2159
1847,1873,1878
1928,2195,2243
2116,2170,2269
2171,2264,2554
2185,2189,2469
2206,2499,2563
2261,2536,2595
2269,2305,2974
2313,3131,3146
2359,2585,2612
2580,2590,2713
2591,2592,2738
2637,2643,2932
2660,3039,3103
2695,2697,2757
2711,2801,2804
2904,2973,3254
2935,3226,3353
3039,3042,3101
3200,3201,3579
3225,3377,3701
3341,3616,3675
3373,3489,3793
3428,3431,3893
3593,3596,3694
3644,3645,3877
3662,3665,3860
3663,3786,3818
3773,3927,3958
3856,3885,4069
3914,3924,4043
3943,3975,4405
4124,4128,4425
4159,4162,4311
4380,4381,4727
4428,4436,4883
4444,4723,4921
4465,4472,4481
4471,4969,5140
4646,5081,5144
4654,5161,5308
4663,4905,4912
4819,4907,5034
4828,4985,5308
5019,5021,5402
5108,5318,5325
5159,5161,5455
5270,5380,5400
16,31,220
252,281,597
289,431,579
297,319,336
319,330,596
400,401,515
408,409,522
707,746,1123
719,724,731
730,731,1001
740,1088,1119
783,788,1143
928,932,986
1040,1422,1481
1051,1052,1130
1086,1238,1285
1105,1275,1395
1116,1304,1456
1496,1630,1765
1589,1754,1764
1649,1783,1942
1746,2588,2609
1778,1780,2117
1808,1857,2271
1879,1982,2245
1973,2035,2088
2055,2056,2121
2175,2211,2231
2504,2508,2805
2633,2634,2705
2749,2753,3051
2952,2966,3240
2998,3000,3474
3052,3094,3570
3115,3135,3200
3229,3382,3619
3282,3460,3527
3413,3417,3524
3415,3417,3739
3415,3675,3872
3419,3434,3861
3552,3555,3880
3785,3814,3934
3888,3903,3946
3890,3944,4460
3980,3987,4359
4048,4092,4357
4144,4244,4357
4209,4210,4270
4228,4258,4276
4273,4606,4623
4381,4572,4730
4424,4773,4802
4455,5294,5314
4462,4463,4894
4526,4646,4810
4542,4549,4931
4587,4600,4816
4665,4667,5142
4713,4717,4724
5179,5180,5436
4,94,474
113,118,448
162,169,325
251,309,760
279,362,609
445,453,727
465,927,951
708,715,872
781,784,845
817,1030,1032
951,952,1179
1184,1533,1562
1209,1783,1948
1226,1233,1726
1272,1274,1617
1274,1815,1935
1279,1281,1818
1297,1451,1664
1325,1346,1386
1329,1448,1603
1454,1457,1612
1494,1531,1972
1510,1640,1782
1522,1806,2065
1682,1875,1942
1739,1792,2161
1825,1827,2091
1853,1899,2325
1904,1906,2111
1907,2452,2563
1945,1948,1965
2054,2057,2244
2164,2548,2608
2249,2517,2557
2341,2346,2726
2553,2560,2658
2768,2971,2988
2874,3179,3210
2927,3034,3290
3351,3429,3497
3485,3817,4138
3520,4061,4176
3522,3568,4000
3580,4034,4057
3588,3595,3700
3609,3772,3773
3683,3860,4076
3708,3774,3882
3748,3905,4244
3752,3911,4264
3892,3970,3972
3892,4236,4246
4015,4258,4264
4123,4164,4405
4144,4685,4789
4147,4151,4269
4205,4206,4377
4356,4364,4419
4437,4480,4879
4457,4510,4781
4523,4527,4839
4535,4537,4854
4715,4803,4824
4968,4976,5423
5015,5065,5088
5044,5165,5386
5361,5394,5401
99,100,165
269,271,296
302,316,442
341,346,452
355,905,1009
368,369,607
511,634,722
668,671,1531
685,692,701
734,776,1026
806,1347,1462
1095,1247,1268
1108,1274,1533
1190,1197,2060
1221,1224,1607
1253,1859,1983
1385,1386,1673
1474,1514,1992
1482,1829,2040
1758,1762,2152
1814,2355,2475
1939,2175,2324
1981,2416,2435
2314,2318,2366
2393,2395,2650
2504,2508,2515
2532,2574,2777
2681,2841,2864
2755,2774,2940
2816,2990,3208
2852,2977,3251
3052,3055,3528
3188,3189,3283
3194,3351,3434
3457,3611,3824
3516,3537,3645
3552,3819,3880
3587,3799,3835
3722,3747,3812
3753,3973,3992
3783,3785,4056
3906,4426,4728
3908,3965,4502
3909,3912,3983
3952,3955,4321
4067,4266,4287
4113,4365,4381
4183,4238,4355
4263,4565,4779
4305,4416,4510
4451,4790,5274
4658,4660,4899
4658,4700,5177
4811,4878,4949
4917,4958,5107
5002,5276,5464
5031,5046,5478
5120,5124,5486
5164,5270,5388
5241,5245,5335
54,57,679
208,757,911
235,238,628
357,362,368
553,710,869
648,656,1103
665,796,1059
678,681,704
771,1132,1170
795,798,901
806,1090,1147
815,817,1063
849,852,1180
872,875,1039
891,898,1120
941,980,1418
1015,1016,1461
1099,1258,1365
1128,1309,1553
1177,1179,1547
1228,1857,2097
1230,1233,1768
1237,1531,1721
1348,1394,1867
1777,2104,2261
1828,2322,2489
1994,1997,2229
2006,2011,2018
2040,2041,2355
2127,2286,2557
2212,2250,2251
2309,2606,3087
2328,2330,2661
2524,2744,2799
2670,2672,2750
2697,2900,3164
2728,2894,3121
2732,2735,2895
2791,3036,3179
2849,3180,3627
2876,2878,3212
2904,3465,3589
2912,2914,3226
2939,2943,2948
3033,3210,3211
3062,3170,3306
3186,3356,3530
3230,3665,3715
3319,3534,3688
3348,3356,3366
3349,3355,4061
3525,3797,3833
3681,3682,3874
3812,3979,4232
3829,3833,3875
4056,4059,4120
4090,4136,4609
4183,4185,4402
4371,4391,4553
4371,4532,4555
4558,4670,4803
4790,4944,4961
4832,4865,5017
4858,5008,5339
5101,5104,5165
5316,5324,5437
5425,5432,5481
369,543,544
559,595,614
637,639,1007
640,908,930
682,755,1092
800,804,1166
1064,1134,1176
1100,1258,1519
1120,1124,1290
1120,1175,1177
1200,1277,1344
1214,1262,1607
1235,1259,1273
1290,1304,1711
1302,1420,1625
1336,1337,1656
1411,1414,1586
1555,2003,2063
1560,2010,2028
1589,1762,1886
1627,1628,1658
1659,1691,1706
1680,1880,2036
1847,1909,1974
1848,1967,2112
1891,2367,2389
2045,2246,2477
2100,2248,2254
2423,2694,2697
2450,2453,2722
2492,2705,2723
2501,2653,2654
2589,2597,2650
2625,2626,2675
2708,2857,3170
2852,2853,3292
2894,3153,3321
2899,3241,3668
3003,3005,3259
3269,3440,3447
3451,3479,3877
3462,3464,3785
3475,3766,3893
3527,3636,3726
3587,3588,3853
3650,3652,3770
3660,3661,3809
3696,3697,3833
3727,3771,3850
3819,3997,4100
3903,3906,4286
4060,4287,4393
4086,4088,4418
4099,4303,4335
4209,4217,4270
4266,4287,4393
4348,4511,4767
4431,4434,4555
4630,4633,5106
4659,4720,4733
4822,4828,5041
5059,5061,5396
5096,5208,5342
5119,5222,5485
5138,5258,5419
5238,5244,5411
5362,5422,5480
9,443,460
74,149,745
116,525,594
151,157,167
181,235,553
261,262,567
392,393,504
520,540,604
526,682,732
626,638,857
822,864,1111
969,1028,1122
1107,1131,1268
1110,1111,1391
1133,1136,1139
1209,1330,1601
1245,1314,1379
1287,1289,1627
1382,1389,1655
1388,1655,1703
1526,1529,1965
1534,1975,1992
1591,1966,2030
1626,1627,1720
1760,1761,2299
1988,2191,2203
2009,2049,2259
2121,2336,2639
2163,2315,2346
2166,2168,2373
2175,2398,2438
2264,2613,2642
2465,2466,2764
2558,2747,2777
2581,2584,2729
2649,2650,3073
2733,3021,3038
2750,2751,3046
2811,2889,2957
2868,2875,3287
2948,2949,3253
2963,2964,3269
3043,3584,3723
3182,3205,3345
3253,3256,3275
3337,3605,3709
3398,3446,3824
3525,3530,3860
3590,3723,3829
3622,3727,3736
3643,3645,3862
3675,3741,3872
3704,3824,3990
3705,3862,3880
3775,3931,3978
3792,3948,4112
3842,3843,4189
3871,4155,4260
4044,4318,4319
4114,4348,4398
4137,4373,4379
4210,4333,4405
4266,4276,4287
4368,4551,4799
4401,4626,4745
4479,4481,4862
4504,4829,4916
4530,4544,4951
4567,4589,4695
4802,4803,4825
4806,4976,5150
4846,5052,5319
4885,4889,4943
4957,5222,5228
5115,5118,5221
5122,5125,5184
118,448,618
454,455,893
513,671,995
530,965,980
535,537,597
546,548,578
614,615,935
618,839,845
622,845,908
703,710,1167
895,1103,1138
1027,1188,1367
1145,1187,1342
1205,1528,1544
1209,1262,1329
1218,1297,1612
1240,1241,1640
1365,1484,1643
1376,1378,1635
1447,1734,2006
1482,1486,1502
1495,1499,1514
1588,1745,2084
1698,1928,2073
1862,2128,2157
1865,2197,2518
1912,1935,1974
1921,2025,2257
1942,1982,2220
2160,2311,2538
2184,2188,2339
2218,2408,2431
2221,2451,2571
2340,2390,2855
2343,2601,2794
2413,2441,3100
2449,2471,2578
2528,2963,2982
2635,3083,3143
2796,2804,3052
2934,3492,3659
2952,2960,3240
2985,2990,3104
3039,3105,3217
3096,3153,3182
3118,3323,3331
3128,3166,3649
3134,3137,3324
3139,3148,3261
3148,3434,3693
3353,3354,3892
3368,3373,3424
3424,3431,3835
3482,3906,3926
3586,3652,3768
3608,3609,3844
3622,3736,3889
3626,3636,3888
3820,3997,4249
3858,3859,4225
3925,3932,4335
3934,3937,4754
4075,4103,4344
4225,4227,4234
4360,4537,4789
4463,4584,4738
4528,4750,4945
4618,4653,4954
4742,4781,5262
4754,4757,4944
4873,4889,4945
5101,5124,5433
5203,5456,5493
59,64,76
115,519,991
126,447,636
127,137,598
134,229,573
393,664,943
856,869,1100
905,916,1552
920,962,1439
992,1077,1178
1007,1012,1298
1080,1090,1225
1122,1300,1367
1169,1181,1410
1198,1205,1647
1223,1233,1351
1245,1316,1583
1293,1296,1399
1353,1462,1611
1371,1593,1597
1444,1657,1660
1473,1480,1738
1513,1519,1791
1554,1665,1672
1557,1558,1572
1579,1667,1794
1592,1804,2103
1675,1865,1926
1728,1736,1746
1795,1796,2212
1841,2279,2313
1972,2019,2491
1975,2183,2218
2126,2282,2610
2276,2668,2723
2360,2362,2739
2378,2391,2790
2389,2390,2704
2490,2537,2969
2567,2576,2836
2595,2597,2667
2824,3373,3499
2833,2959,3229
2843,2971,3241
2890,2894,3235
2922,3245,3311
3071,3577,3714
3148,3261,3318
3329,3597,3637
3389,3686,3880
3429,3433,3452
3473,3519,3945
3507,3520,3736
3549,3556,4207
3768,3770,4091
3809,3980,3987
3940,4275,4338
3958,4065,4373
4064,4495,4562
4137,4417,4782
4297,4299,4346
4299,4416,4427
4307,4517,4544
4329,4334,4335
4625,4825,4891
4708,4765,4775
4815,4949,4972
4831,4832,5206
4837,4886,4887
4980,5060,5406
4985,5379,5427
5105,5145,5417
23,428,449
54,57,528
81,83,549
137,541,646
268,295,298
352,579,752
441,443,518
474,771,1019
542,697,978
631,915,1020
702,711,1375
825,944,1103
948,986,1425
957,958,1163
1009,1304,1552
1097,1256,1378
1151,1166,1355
1263,1599,2071
1319,1330,1717
1339,1589,1609
1763,1764,2195
1804,1811,2215
1817,1821,1883
1981,1983,2415
1993,2015,2102
2063,2240,2456
2125,2179,2279
2292,2295,2677
2401,2420,2432
2444,2445,2753
2518,2525,3167
2555,2556,2664
2556,2613,2642
2745,2928,3047
2839,2840,3126
2960,2967,3250
2964,3083,3274
2983,2986,3047
3017,3019,3267
3198,3365,3375
3233,3234,3309
3236,3237,3600
3377,3430,3701
3598,3611,4247
3677,3678,4153
3757,3759,4084
3855,4175,4233
3941,4164,4170
4127,4128,4401
4200,4203,4328
4286,4620,4679
4298,4455,4725
4306,4464,4780
4538,4551,5196
4562,4828,4857
4696,5203,5339
4701,4794,4864
4706,4716,4806
4713,4720,4818
4798,4816,4888
4830,5094,5119
4835,4989,5068
4847,5057,5084
4848,5000,5286
4950,5204,5343
5039,5047,5481
5257,5264,5368
5366,5368,5422
70,244,551
100,201,254
174,202,206
256,486,507
333,448,525
390,413,417
435,501,632
506,508,562
641,914,938
685,699,738
832,1069,1140
870,912,1348
1033,1034,1184
1074,1199,1233
1119,1297,1400
1176,1184,1432
1274,1649,1929
1302,1625,1691
1304,1456,1668
1315,1577,1606
1372,1879,2030
1406,1639,1792
1533,1562,1587
1728,1729,2441
1743,1746,2122
1905,1910,2024
1963,2216,2253
1968,2237,2265
2003,2005,2478
2051,2505,2528
2293,2368,2409
2311,2360,2624
2312,2313,2716
2328,2335,2747
2410,2910,3071
2459,2749,2760
2543,2544,2785
2607,2609,2793
2611,2614,3052
2618,2619,2806
2705,2708,2734
2720,2875,3135
2747,2768,2926
2837,2888,3353
2915,3234,3308
2996,3042,3516
3005,3006,3304
3067,3091,3195
3090,3566,3587
3133,3139,3411
3315,3523,3548
3511,3960,3987
3614,3617,3849
3621,3714,3784
3650,3749,3840
3782,3937,4218
3784,3785,4168
3787,3818,3819
3922,3923,4354
3980,4092,4203
4016,4266,4345
4021,4042,4149
4120,4122,4323
4125,4171,4407
4279,4281,4366
4297,4299,4624
4451,4454,4789
4486,4487,4796
4506,4570,4611
4617,4620,4724
4624,4687,4749
4757,5212,5234
5062,5284,5483
5168,5208,5473
5272,5387,5430
4,9,375
27,262,518
61,69,138
83,644,934
125,676,812
210,212,405
234,835,990
288,416,539
298,300,546
515,949,970
719,734,1382
751,779,1438
822,824,1252
834,835,1108
877,905,1128
897,1120,1177
918,924,1091
921,981,1051
1082,1089,1168
1181,1187,1452
1192,1536,1546
1356,1360,1695
1388,1533,1645
1435,1643,1678
1455,1687,1699
1778,2275,2447
1958,2000,2223
1966,1969,2069
2021,2060,2498
2045,2046,2217
2067,2149,2253
2128,2609,2625
2160,2311,2542
2167,2318,2365
2280,2405,2674
2314,2317,3134
2414,2456,2933
2535,2640,2771
2563,2565,2782
2721,2894,3008
2785,3029,3136
2815,2868,3288
2831,2834,3169
2851,3082,3307
2902,2964,3281
2907,2909,3247
3018,3576,3725
3026,3234,3259
3032,3035,3467
3111,3295,3306
3129,3131,3196
3250,3624,3630
3257,3416,3423
3389,3392,3719
3489,3602,3703
3558,3622,3789
3594,3597,3886
3693,3805,3861
3750,4014,4039
3777,3929,4245
4027,4031,4093
4240,4262,4285
4296,4455,4527
4384,4387,4698
4385,4427,4582
4387,4594,4709
4579,5120,5276
4595,4597,4843
4745,4946,5177
5041,5109,5381
5059,5060,5391
5144,5146,5418
5180,5348,5349
5199,5202,5261
5354,5474,5475
5381,5465,5507
5405,5423,5447
5482,5500,5506
436,718,979
577,580,599
655,1204,1372
708,1014,1026
752,757,797
888,1153,1161
936,1058,1198
944,946,1377
967,973,1092
994,995,1433
997,1000,1022
1083,1085,1152
1154,1341,1364
1208,1264,1676
1288,1350,1665
1304,1407,1693
1339,1379,1669
1386,1393,1718
1451,1469,1509
1573,1731,1814
1642,1700,1801
1708,1720,1944
1725,2000,2024
1749,1802,1869
1883,1884,2201
1887,1890,1897
1917,1920,2024
1933,1934,2217
1942,2247,2593
2186,2353,2372
2302,2330,2375
2391,2503,2752
2405,2445,2717
2463,2509,2983
2667,2770,2773
2687,2897,2924
2874,3358,3498
2911,2939,3598
2945,3490,3604
2994,3002,3272
3050,3110,3147
3136,3418,3682
3184,3638,3654
3288,3471,3717
3377,3380,4202
3415,3675,3683
3542,3555,4200
3600,3664,3787
3634,3674,4152
3686,3689,3868
3700,3701,4182
3703,3769,3796
3749,3760,4040
3828,4253,4260
3861,3863,4200
3882,4163,4181
3884,4176,4262
3892,3896,4161
3915,4185,4402
3972,3974,4378
4208,4211,4686
4337,4496,4503
4346,4624,4691
4449,4453,4841
4808,4975,5026
4832,4836,4883
4837,4990,5329
4851,5012,5021
4945,5189,5296
5046,5151,5437
5191,5194,5366
5308,5425,5432
5412,5416,5420
24,756,1002
119,124,135
492,493,615
682,806,956
692,1089,1094
747,1237,1550
806,846,1133
832,1038,1058
874,897,937
914,1127,1306
1219,1224,1506
1316,1585,1697
1417,1445,2092
1475,1501,1506
1496,1548,1640
1538,1540,1598
1658,1659,1987
1700,1718,1725
1707,1947,2063
1766,1820,2200
1792,1839,2157
2085,2571,2591
2125,2286,2306
2155,2311,2358
2213,2219,2255
2293,2689,2760
2300,2635,3080
2421,2463,2719
2436,2454,2467
2906,2908,3283
2963,2965,3227
3040,3041,3310
3205,3366,3386
3335,3598,3704
3374,3770,3811
3406,3407,3716
3461,3463,3772
3574,3858,4225
3707,3712,3821
3715,3716,3773
3718,3732,3884
3814,3960,3987
3858,4082,4233
3936,4216,4271
4053,4092,4357
4154,4367,4546
4332,4333,4407
4512,4514,4857
4533,4537,4902
4540,5141,5266
4737,4739,4848
4868,5018,5066
4928,5131,5192
5021,5501,5504
5197,5235,5503
35,146,488
80,146,469
337,635,996
377,487,496
381,387,395
486,498,601
502,661,1004
520,685,813
564,568,719
591,752,775
736,784,1200
970,1093,1165
1107,1297,1337
1276,1320,1739
1302,1309,1420
1775,1851,2113
1788,1952,2121
1796,1798,2132
1879,2224,2539
2122,2281,2624
2139,2294,2629
2146,2302,2352
2157,2313,2625
2185,2188,2192
2262,2542,2633
2296,2305,2767
2327,2329,2648
2347,2352,2359
2540,2582,3059
2632,2637,2745
2684,2837,3161
2784,2801,2807
2995,3001,3685
2997,3000,3059
3352,3357,3684
3355,3356,3803
3485,3597,3839
3503,3504,3809
3542,3549,4200
3620,3662,3860
3689,3690,3830
3698,3700,3758
3734,3891,3974
3856,4073,4090
3875,4134,4141
3942,3948,4367
3955,3957,4280
3967,3975,4403
4089,4092,4099
4110,4157,4589
4130,4415,4776
4176,4177,4288
4324,4475,4506
4453,5002,5126
4768,4892,5047
4771,4774,4949
4792,4799,4905
4823,5153,5170
4840,4849,4860
4845,4846,5213
5278,5483,5491
47,55,127
174,237,744
206,675,747
278,364,411
284,289,431
562,725,786
662,665,1108
665,666,1108
716,718,1052
787,855,1118
929,969,1179
961,985,1105
970,1250,1513
1019,1129,1136
1227,1251,1265
1266,1528,1698
1364,1365,1637
1461,1554,1624
1733,2042,2561
2016,2102,2192
2045,2072,2157
2084,2377,2629
2202,2383,2442
2208,2389,2633
2374,2623,2807
2608,2894,3153
2729,2900,2907
2751,2771,2933
2810,2817,3680
3153,3182,3207
3321,3323,3660
3501,3543,4020
3585,3632,4105
3754,4035,4102
3759,3914,4249
3829,4016,4022
3874,4127,4191
3913,3914,4351
4012,4016,4397
4042,4643,4764
4085,4086,4373
4275,4277,4651
4318,4524,4551
4490,5038,5194
4547,4654,4910
4611,4612,4887
4687,4974,5246
4942,4954,5163
5020,5021,5420
5043,5045,5371
5225,5229,5234
5243,5244,5490
5337,5338,5352
5337,5343,5449
5383,5386,5427
107,561,834
108,129,283
153,207,606
155,158,185
286,290,563
311,312,365
331,334,822
402,404,506
732,739,853
817,1247,1315
827,848,888
837,902,1145
942,1289,1500
994,1157,1164
1263,1265,1591
1362,1364,1614
1567,1737,1780
1570,1737,2095
1759,1760,2046
1873,1879,2567
1935,1996,2038
2041,2045,2072
2080,2240,2258
2393,2438,2712
2549,2815,3096
2685,2837,3161
2691,2700,2710
2764,2964,2971
3046,3109,3163
3072,3114,3550
3110,3147,3333
3191,3258,3329
3216,3375,3447
3284,3337,3339
3321,3549,3664
3384,3878,3882
3403,3410,4103
3468,3734,3855
3621,3625,3680
3770,3923,4254
3897,4171,4409
3952,3999,4317
4068,4110,4354
4081,4185,4417
4099,4534,4553
4123,4221,4298
4253,4255,4330
4363,4544,4647
4414,4730,4767
4449,4502,4569
4480,4817,4879
4487,4488,4806
4531,4537,4959
4612,4674,4943
4713,4723,4818
4731,5165,5228
4836,4894,4918
4846,4850,5282
4885,4889,5169
4992,4995,5373
5084,5147,5187
5095,5338,5504
5199,5203,5371
5348,5349,5501
5383,5415,5439
171,370,474
364,916,1014
416,418,541
433,435,443
457,459,779
468,470,540
490,523,530
512,519,991
797,1067,1068
844,909,1149
857,859,1292
963,1090,1177
1042,1048,1102
1070,1505,1555
1075,1076,1138
1228,1254,1256
1243,1250,1943
1353,1576,1690
1432,1474,1950
1442,1680,1705
1447,1451,1569
1542,1549,1656
1595,2033,2048
1783,1787,1826
1793,1797,1904
1880,1887,2538
1964,1968,1975
2002,2004,2171
2002,2318,2546
2018,2207,2237
2022,2079,2135
2172,2180,2247
2208,2633,2640
2308,2937,3177
2321,2544,2788
2597,2789,3030
2635,2786,2792
2644,2645,2775
2773,2985,3104
2891,2892,3299
2914,2915,3220
2940,2985,3257
2945,2966,3006
2945,3159,3335
2950,2973,3012
3023,3027,3032
3050,3591,3699
3165,3166,3649
3264,3319,3327
3267,3404,3431
3282,3341,3460
3293,3451,3604
3324,3555,3658
3393,4211,4260
3511,3512,3984
3548,3815,3863
3550,3596,4069
3607,3631,3735
3643,3645,3759
3713,3714,3883
3864,4095,4198
3910,4233,4307
4135,4136,4283
4142,4148,4250
4174,4214,4404
4325,4448,4481
4436,4446,4610
4531,4569,4926
4602,4644,5079
4679,4721,5156
4869,4948,5016
4872,5038,5194
5030,5189,5420
4,15,475
53,56,575
270,273,350
285,289,640
338,343,465
346,394,619
386,387,633
460,461,616
529,952,957
679,683,942
750,751,1179
834,835,1525
843,885,1123
844,905,917
855,1165,1507
945,1053,1106
956,958,1166
994,1435,1497
1141,1332,1490
1172,1420,1484
1244,1247,1760
1618,1768,2099
1730,1733,2600
1795,2055,2252
1807,1812,2218
2129,2140,2224
2198,2199,2527
2267,2577,2597
2302,2352,2759
2346,2728,2778
2378,2385,2790
2500,2977,2998
2529,2534,2635
2625,2800,3066
2656,2710,2809
2919,2921,3237
3043,3333,3697
3050,3147,3229
3081,3085,3175
3472,3476,3482
3473,3518,3792
3478,3833,4131
3503,3504,3821
3559,3795,3944
3694,3857,3864
3715,3866,3872
4025,4086,4384
4124,4131,4379
4125,4130,4171
4163,4164,4410
4164,4331,4408
4315,4378,4518
4356,4360,4364
4580,4584,4946
4610,4611,4897
4624,4627,4686
4649,5194,5302
4714,4755,4951
4773,4895,5055
4807,4851,5134
4922,5115,5182
5134,5141,5367
5196,5201,5207
32,43,484
169,531,557
181,592,630
253,505,659
409,682,956
590,886,950
665,988,1120
788,789,1093
823,827,1156
890,931,1167
920,923,1143
1007,1014,1298
1216,1223,1233
1312,1325,1715
1342,1345,1448
1385,1839,1862
1456,1963,2099
1514,1551,2035
1571,1575,1709
1633,1649,1705
1715,1974,1981
1768,1772,2029
1819,2309,2625
1900,1961,2238
1980,2001,2093
2093,2165,2263
2162,2329,2393
2189,2368,2482
2240,2461,2565
2276,2666,2722
2350,2354,2695
2392,2405,2795
2479,2481,2706
2533,2596,2660
2661,2668,3146
2672,2884,3183
2810,2866,3176
2824,3367,3499
2988,2992,3033
3193,3526,3543
3236,3386,3706
3517,3519,3945
3546,3553,3878
3556,3563,4213
3650,3652,3864
3743,3903,3976
3760,3771,4047
3762,3918,3950
3841,3853,4180
3854,3862,3874
3943,3975,4636
4055,4097,4347
4355,4528,4750
4374,4564,4581
4588,4593,4632
4610,4836,4988
4708,4709,4814
4744,4876,5023
4913,4916,4919
4963,5250,5309
5123,5125,5430
5142,5144,5394
5249,5347,5470
5323,5389,5416
5340,5341,5404
18,23,383
55,96,159
146,469,487
148,430,625
229,416,520
453,575,735
658,673,1332
667,682,1144
927,972,1447
1199,1202,2066
1220,1221,1759
1285,1288,1568
1379,1385,1716
1414,1522,1637
1527,1604,1674
1623,1775,1806
1772,1773,2212
1844,1947,2233
1978,1985,2627
2002,2062,2093
2015,2019,2104
2108,2110,2380
2315,2391,2653
2338,2602,2779
2362,2713,2785
2493,2494,2794
2517,2753,2759
2675,2676,3109
2747,2931,3033
2931,3478,3590
2933,2975,3404
3043,3179,3285
3083,3279,3311
3103,3373,3647
3247,3278,3279
3331,3615,3720
3383,3393,3814
3454,3455,3760
3514,3521,3747
3516,3519,3580
3654,3657,4090
3729,4157,4174
3734,3854,3855
3735,3737,3798
3792,3796,3800
3794,3949,4013
3829,4016,4135
4151,4657,4794
4183,4453,4727
4300,4309,4320
4390,4601,4716
4444,4445,4839
4530,4544,5197
4635,4945,5287
4700,4742,4940
4780,4958,5219
4830,4831,4954
4845,5002,5050
4862,5016,5343
4914,5104,5121
4953,5208,5320
4963,5249,5338
5012,5013,5416
5205,5247,5466
5332,5333,5340
5346,5347,5473
24,448,513
32,41,116
188,190,493
201,577,637
316,346,394
468,470,560
588,771,1019
831,832,1107
873,874,1131
900,1239,1458
907,910,971
1044,1200,1282
1214,1337,1492
1385,1387,1861
1882,1886,2229
1995,1996,2263
2087,2088,2095
2138,2293,2567
2187,2351,2374
2285,2728,2740
2332,2382,2691
2367,2711,3134
2499,2832,3100
2599,2605,2879
2758,2973,3012
2776,2989,3015
2980,3313,3633
3025,3046,3147
3027,3029,3287
3157,3159,3479
3178,3180,3268
3182,3207,3272
3196,3355,3636
3242,3409,3473
3251,3400,3723
3256,3260,3402
3457,3824,3879
3578,3620,3843
3586,3647,3659
3770,4205,4255
3840,4037,4197
4011,4369,4413
4064,4066,4493
4128,4130,4425
4270,4303,4310
4355,4527,4743
4429,4465,4930
4435,4827,4933
4460,4461,4999
4474,4481,5294
4586,5133,5242
4605,4610,4724
4673,4773,4856
4830,4832,5094
5117,5119,5431
5285,5286,5396
5289,5356,5499
5311,5342,5367
28,261,403
137,693,1005
247,487,496
251,305,571
290,766,788
357,370,1012
402,403,618
521,681,704
525,682,730
644,993,1022
651,1267,1394
761,1041,1229
771,883,1019
796,1271,1294
879,945,1057
930,931,1167
1003,1010,1063
1088,1091,1187
1092,1251,1414
1098,1257,1320
1162,1385,1404
1259,1264,1675
1261,1372,1646
1263,1264,1589
1318,1339,1379
1356,1423,1695
1527,1606,1716
1665,1669,1713
1764,2032,2244
1788,1947,2055
1886,2170,2227
1924,1989,2229
2043,2045,2170
2395,2817,2837
2712,2713,2787
2768,2973,3075
2842,3231,3307
2854,2857,3674
2858,2906,3284
2866,2870,3199
2960,2964,3326
3013,3014,3235
3093,3100,3198
3118,3241,3326
3265,3269,3549
3274,3471,3510
3303,3562,3602
3379,3664,3778
3386,3389,3886
3422,3907,4045
3455,3609,3708
3462,3784,3852
3549,3552,3880
3746,4077,4144
3814,3987,4009
3868,4130,4171
3885,4204,4238
3917,3924,4742
3919,3922,4318
3948,3950,4281
3983,4026,4292
4037,4043,4404
4081,4341,4348
4181,4224,4659
4264,4265,4274
4423,4768,4798
4469,4472,4799
4518,4519,4786
4539,4541,5006
4602,4604,4854
4642,5183,5296
4710,4903,4934
4718,4719,5191
4852,4853,4928
4889,5060,5179
4969,4977,5020
4972,5318,5375
5020,5144,5357
5263,5301,5490
5338,5339,5504
96,245,589
132,171,227
135,264,275
188,190,651
323,325,350
697,1024,1181
775,1197,1271
809,1375,1530
973,979,1097
1029,1122,1123
1042,1261,1330
1216,1231,1887
1228,1558,1574
1343,1614,1617
1379,1381,1716
1552,1553,1625
1599,2074,2090
1851,2099,2250
1903,1907,2236
1959,2022,2078
2114,2264,2271
2167,2198,2199
2301,2304,2687
2311,2312,2715
2314,2369,2905
2360,2472,2583
2402,2403,2658
2408,2708,2831
2458,2727,2888
2617,2620,2642
2760,2764,3079
2825,2835,3267
2876,3179,3198
2928,3187,3261
3037,3043,3292
3089,3178,3268
3464,3567,3853
3546,3665,3838
3708,3709,3774
3734,4179,4231
3961,4027,4092
4060,4267,4276
4117,4145,4792
4185,4299,4402
4369,4556,4675
4420,4691,4749
4555,4977,4997
4650,4652,4894
4660,4662,5136
4737,5173,5190
4815,4972,5319
4990,5065,5066
5095,5096,5425
63,69,543
98,105,115
158,463,470
278,280,305
456,464,751
535,787,813
654,657,1192
691,1027,1354
707,746,866
721,1291,1450
731,1224,1540
739,1229,1545
814,821,1047
838,840,1050
911,1128,1171
973,982,1251
1049,1216,1346
1185,1504,1538
1190,1193,2060
1223,1621,1654
1232,1278,1622
1271,1610,1725
1295,1301,1688
1311,1669,1713
1337,1645,1656
1395,1942,2050
1735,1907,2016
1735,2127,2233
1919,2209,2220
1921,1961,2230
2303,2304,2748
2373,2974,3099
2395,2686,2813
2562,2909,3120
2716,2870,3136
2736,2924,3076
2828,2835,3344
2864,2867,3230
2908,3022,3130
2926,2929,3394
3003,3045,3522
3016,3020,3026
3224,3226,3481
3245,3274,3394
3281,3284,3288
3353,3700,4181
3388,3670,3782
3426,3541,3688
3448,3796,3865
3656,3658,3866
3793,3947,3986
3840,3841,4187
3967,3975,4629
4058,4178,4339
4098,4116,4129
4158,4164,4170
4300,4463,4473
4482,4498,4939
4503,4505,5042
4619,4625,4956
4652,4655,4819
4682,4926,4967
4730,4860,4996
4772,4860,4955
4875,5027,5048
4903,5084,5187
4905,5088,5207
4905,5092,5210
4933,5145,5150
5049,5053,5116
5137,5350,5352
5211,5214,5221
5269,5289,5349
5275,5276,5393
5300,5302,5333
5374,5462,5506
74,83,974
286,292,343
547,698,745
566,844,911
592,630,631
664,742,783
665,1108,1120
668,675,1184
830,833,1042
836,838,1095
850,855,894
908,1123,1299
1101,1105,1382
1328,1628,1751
1350,1357,1708
1425,1430,1471
1444,1503,1630
1477,1588,1700
1632,1637,1699
1632,1798,1954
1662,1993,2016
1854,1857,1874
1870,2377,2531
1887,1890,2248
1896,1899,1960
1922,1935,2195
1985,1996,2208
2163,2232,2263
2344,2351,2465
2371,2377,3065
2662,2666,2780
2663,2665,2776
2757,3063,3080
3001,3542,3693
3012,3279,3340
3038,3043,3084
3124,3448,3670
3230,3665,3680
3327,3567,3572
3356,3746,3802
3423,3424,3749
3471,3532,3573
3552,3786,3787
3665,4141,4163
3961,4029,4301
4106,4541,4560
4144,4419,4787
4182,4529,4740
4258,4259,4272
4290,4371,4502
4347,4514,4577
4443,4446,4826
4488,4490,4821
4565,4677,4779
4597,4810,4812
4615,4621,5305
4667,4669,5143
4670,4955,5316
4701,4761,4831
4911,5098,5159
4997,5048,5357
5065,5067,5331
5067,5283,5291
5243,5439,5471
5285,5463,5486
5330,5484,5501
80,648,827
143,148,554
201,229,281
242,247,299
367,389,404
375,378,443
609,809,874
673,724,1023
683,1081,1114
942,946,1000
996,1002,1117
1049,1069,1140
1076,1226,1546
1079,1081,1398
1204,1589,1872
1222,1771,1893
1224,1722,2000
1320,1362,1792
1342,1943,2064
1404,1449,1684
1492,1607,1650
1495,1513,1524
1495,1797,2053
1699,1707,2059
1967,2421,2444
2114,2234,2235
2115,2491,2517
2144,2145,2215
2188,2351,2607
2201,2205,2496
2243,2245,2587
2561,2563,2601
2723,2758,2777
2770,2978,3098
2809,2860,3259
2817,3332,3345
2849,2852,3179
2927,2989,3054
2946,2988,3245
2959,3110,3209
2982,2984,3234
2982,3027,3281
3130,3252,3260
3147,3149,3333
3532,4032,4190
3637,3742,3802
3743,4069,4095
3905,3915,4347
3995,4154,4314
4001,4248,4422
4022,4317,4442
4041,4087,4561
4084,4145,4157
4116,4124,4376
4133,4195,4248
4155,4260,4391
4288,4769,4785
4411,4695,4800
4546,4592,5064
4605,4822,4826
4609,4629,4641
4675,5150,5173
4936,5266,5282
4973,4976,5319
5102,5320,5342
5155,5183,5424
5198,5244,5485
5249,5251,5489
5366,5422,5423
63,711,840
97,118,274
151,152,364
169,369,473
217,523,526
247,821,936
301,553,556
416,468,560
458,516,646
579,611,626
653,1000,1172
677,728,1193
700,1035,1098
720,723,1091
774,795,902
838,1315,1336
912,958,1163
998,1005,1056
1030,1032,1095
1191,1807,1934
1261,1265,1370
1334,1339,1379
1386,1388,1718
1481,1520,1706
1682,1683,2029
1834,2083,2090
1961,2230,2238
2140,2311,2433
2147,2150,2190
2199,2440,2480
2217,2258,2407
2277,2320,2719
2289,2293,2681
2320,2720,2756
2434,2447,3093
2522,2766,2807
2547,2592,3067
2918,2925,3576
2946,2991,3261
3009,3016,3667
3420,3426,3468
3513,3622,3771
3588,3590,3885
3609,3715,3848
3634,3636,3675
3713,3715,3790
3815,3988,4210
3870,3871,4257
3911,4214,4416
4064,4066,4271
4184,4186,4342
4207,4209,4270
4273,4274,4424
4500,4548,4807
4548,4555,4667
4609,4613,4630
4666,4670,4845
4790,4791,4842
4811,4973,5304
4881,5044,5165
4885,5062,5175
4981,5058,5060
4996,5010,5050
5064,5133,5414
5175,5214,5461
5210,5449,5456
401,498,601
532,690,712
686,738,1006
766,808,1283
769,1052,1237
815,860,1116
851,915,1152
998,999,1056
1089,1094,1095
1247,1509,1721
1468,1525,1535
1552,1559,1845
1570,1572,1635
1615,1867,1893
1626,1628,1658
1681,1911,2031
1744,2023,2221
1849,2093,2100
1889,1953,2210
1970,2511,2619
1986,1988,2421
2009,2275,2553
2078,2085,2136
2130,2132,2210
2201,2205,2250
2447,2953,3103
2487,2489,2792
2734,2931,2970
2739,2914,2933
2861,3341,3344
2888,2891,3197
3034,3541,3688
3046,3049,3108
3160,3644,3665
3182,3183,3205
3197,3332,3345
3244,3632,3686
3254,3568,3585
3370,3373,3767
3460,3523,3588
3524,3526,3798
3556,3563,3800
3612,3614,3838
3697,3722,3745
3791,4217,4231
3936,3941,4218
3955,4215,4223
3970,4456,4592
4023,4025,4296
4035,4098,4164
4053,4162,4311
4111,4131,4143
4148,4150,4385
4238,4296,4426
4244,4356,4364
4301,4386,4458
4312,4470,4492
4328,4526,4789
4333,4336,4405
4339,4363,4492
4369,4556,4562
4472,4590,4704
4559,4570,5218
4652,4865,4883
4709,4975,5253
4829,4840,4924
4890,4944,5057
4981,4984,5373
4984,4985,5379
5065,5329,5348
5084,5448,5491
5135,5177,5427
5190,5194,5235
5334,5445,5452
78,80,491
158,490,680
168,169,557
298,299,610
413,436,468
493,826,843
582,917,934
605,955,976
727,735,1163
739,740,1071
767,829,894
794,836,1313
900,921,1013
1166,1178,1397
1181,1456,1515
1208,1265,1802
1305,1308,1694
1320,1322,1739
1353,1900,2009
1444,1664,1719
1471,1478,1577
1564,1565,1574
1622,1629,1635
1674,1861,1886
1764,2585,2635
1811,2150,2265
1901,1912,2560
1946,1947,2201
2057,2534,2558
2095,2543,2603
2134,2292,2363
2211,2372,2395
2276,2286,2723
2290,2923,3167
2477,2479,2912
2556,2642,2732
2781,3006,3125
2902,3253,3325
2907,2909,3445
2913,2917,3282
2947,3507,3632
2969,3076,3312
3142,3426,3688
3306,3506,3609
3387,3391,3783
3389,3720,4167
3428,3434,3476
3693,3982,4200
3836,3870,3873
3969,3974,4350
4040,4053,4698
4056,4614,4775
4182,4200,4212
4236,4237,4373
4274,4431,4514
4313,4422,4467
4456,4471,4927
4462,4860,4924
4570,4900,4957
4635,5182,5290
4773,5062,5284
4896,5084,5236
4942,5165,5184
5008,5034,5036
5019,5021,5409
5373,5377,5427
98,118,834
115,441,449
123,128,154
198,508,537
223,250,253
572,742,964
639,909,1015
655,936,1153
660,663,782
742,804,1121
748,1092,1403
816,819,880
913,933,946
915,1083,1084
916,1014,1121
949,969,1029
969,971,1036
982,1013,1090
1040,1204,1254
1053,1211,1535
1294,1296,1602
1299,1301,1766
1397,1439,1874
1414,1437,1477
1427,1428,1693
1681,1693,2020
1684,1687,1998
1853,1855,2270
1863,1865,2223
1865,2197,2257
1869,1982,2083
1877,2191,2244
1956,1964,2617
1957,1985,2632
1992,2034,2470
2003,2199,2231
2047,2049,2110
2076,2082,2371
2205,2208,2212
2273,2276,2619
2318,2440,2656
2392,2399,2795
2551,2787,2793
2601,2602,2794
2640,2641,3088
2674,2832,2903
2690,3125,3140
2692,2769,2802
2762,3113,3128
2794,3047,3066
2814,2817,3191
2959,3209,3229
3057,3280,3337
3342,3623,3683
3364,3365,3807
3400,3401,3836
3447,3791,4214
3450,3455,3461
3476,3595,3745
3676,3958,4222
3812,3815,3975
3879,4149,4154
3926,3980,4360
3948,3955,4112
4095,4349,4355
4104,4109,4149
4266,4278,4573
4337,4344,4399
4364,4368,4538
4365,4372,4410
4392,4599,4616
4644,4689,4924
4723,4993,5267
4769,5207,5226
4787,4788,4795
5066,5067,5347
5116,5151,5482
5344,5345,5475
83,641,644
104,662,1020
125,126,461
207,208,606
214,217,728
242,244,523
360,654,926
677,733,1270
694,701,1187
801,806,846
877,915,1183
1093,1242,1409
1147,1354,1469
1169,1414,1477
1263,1265,1802
1306,1311,1350
1341,1383,1639
1347,1350,1708
1414,1914,2068
1421,1694,1724
1542,1547,1830
1793,1907,2182
1851,1912,1953
1936,1949,2180
1988,1989,2224
2016,2017,2240
2050,2173,2245
2071,2074,2512
2183,2410,2451
2186,2242,2349
2299,2300,2586
2300,2600,3080
2459,2755,2796
2521,2727,2739
2554,2594,3072
2556,2646,2773
2565,2778,2797
2572,2781,2799
2639,2745,2790
2642,2643,2805
2740,3163,3170
2746,2927,2992
2776,2993,3010
2795,3058,3164
2837,2840,3662
2854,2905,3171
2907,3123,3340
2959,2999,3289
3022,3253,3256
3025,3029,3195
3094,3134,3612
3157,3159,3293
3208,3668,3689
3260,3415,3675
3265,3268,3272
3391,3938,4060
3422,3723,3764
3511,3512,3778
3759,4214,4234
3826,3827,4119
3932,4050,4164
4014,4037,4350
4021,4040,4052
4036,4038,4509
4050,4051,4333
4097,4143,4575
4263,4379,4559
4511,4767,4956
4896,4900,4904
5089,5090,5403
5251,5487,5493
5332,5333,5405
5407,5438,5439
1,14,29
33,43,991
216,220,605
334,801,824
440,443,626
490,497,642
499,501,586
538,574,688
567,704,731
768,769,1027
857,862,902
940,945,1059
987,1066,1176
1082,1094,1168
1151,1152,1468
1204,1747,1879
1206,1714,1726
1320,1325,1365
1386,1505,1678
1390,1393,1866
1564,1716,1972
1572,1647,1671
1639,1795,1862
1687,1890,1897
1689,2005,2060
1790,1949,2180
1839,1881,2125
1848,1849,2107
2049,2057,2110
2249,2494,2557
2440,2647,2656
2464,2529,2769
2703,2976,3001
2717,2724,2779
2769,2802,2969
2771,2954,2977
2775,2986,3003
2875,3135,3332
2952,2957,2963
2968,2971,3216
3024,3026,3459
3069,3071,3308
3079,3083,3118
3133,3139,3257
3277,3293,3598
3316,3642,3664
3428,3473,3890
3564,3566,3999
3650,3922,4159
3669,3736,3879
3696,3698,3705
3777,3933,4245
3780,3840,3844
4011,4259,4410
4077,4138,4150
4100,4106,4421
4407,4615,4762
4567,5127,5252
4872,4877,4939
4949,5194,5257
4955,5214,5325
4994,5042,5387
5161,5224,5265
5231,5272,5481
316,369,607
456,458,465
504,505,616
547,578,579
562,563,837
574,587,608
602,798,857
708,1026,1128
734,1109,1389
754,756,1061
782,1048,1077
935,961,966
1007,1012,1121
1209,1212,1328
1235,1238,1573
1284,1307,1413
1286,1287,1567
1299,1341,1585
1301,1303,1767
1360,1587,1693
1389,1402,2047
1426,1489,1543
1473,1477,1588
1625,1778,1848
1662,1843,1902
1778,2106,2233
1834,1869,2226
1891,2165,2314
1956,1964,2216
2050,2180,2322
2099,2209,2216
2122,2126,2240
2206,2387,2452
2222,2418,2477
2351,2353,2684
2479,2914,2933
2489,2529,2764
2543,2578,2701
2574,2611,2789
2684,2755,2890
2763,2959,3062
2786,3043,3084
2860,3197,3259
2867,2869,3189
3051,3064,3280
3076,3292,3330
3212,3375,3724
3752,3756,3803
3820,3875,3877
3929,4226,4420
4001,4281,4469
4044,4051,4163
4111,4134,4382
4262,4263,4425
4277,4742,4763
4285,4351,4375
4365,4552,4670
4427,4736,4788
4480,4525,4811
4907,5091,5193
4935,5143,5168
5074,5109,5466
5100,5142,5394
5122,5187,5446
5233,5257,5366
5236,5295,5367
5328,5400,5420
5392,5469,5502
5406,5408,5438
5434,5447,5468
77,82,436
227,236,378
307,309,760
321,325,369
679,680,966
735,740,1119
751,779,1177
767,1333,1493
785,825,1097
865,869,1035
968,1006,1489
1052,1085,1237
1128,1171,1179
1155,1366,1383
1165,1167,1513
1228,1229,1512
1231,1567,1894
1375,1403,1644
1434,1683,1726
1441,1876,1895
1593,1646,1702
1622,1629,1708
1622,1631,1785
2030,2083,2176
2103,2405,2619
2161,2263,2547
2199,2377,2480
2213,2403,2408
2433,2542,2691
2510,2795,3156
2553,2560,2818
2752,2790,2791
2886,3001,3148
2913,2916,2975
2956,2957,3276
2966,3006,3293
3151,3182,3207
3304,3513,3622
3344,3636,3722
3400,3445,3731
3442,3483,3738
3442,3815,3863
3469,3470,3783
3510,3782,3789
3517,3518,3792
3732,3897,3917
3733,4063,4088
3736,3747,3888
3809,3812,3815
3997,4364,4419
4028,4238,4426
4074,4079,4416
4156,4361,4368
4160,4163,4383
4291,4292,4370
4326,4328,4358
4331,4480,4803
4352,4519,4772
4495,4497,4819
4614,4619,4625
4750,4783,4849
4760,4763,4946
4823,4980,5062
4824,5262,5284
4940,5158,5221
5113,5116,5151
5140,5249,5347
5256,5313,5342
5362,5366,5423
5403,5405,5472
45,56,574
73,80,146
111,202,257
134,139,226
142,147,519
157,158,463
169,171,611
478,480,568
557,560,564
649,700,1099
680,683,1014
734,1109,1163
901,1336,1399
1022,1045,1185
1023,1129,1173
1024,1025,1034
1279,1769,2085
1358,1360,1709
1508,1511,1702
1579,1666,1712
1750,1754,2015
1753,1804,2216
1758,1782,1797
1800,1850,2315
1819,1820,2200
1838,1842,2231
1877,2147,2148
2083,2143,2267
2124,2566,2582
2156,2311,2358
2286,3128,3149
2327,2328,2748
2393,2395,2810
2398,2756,2793
2399,2403,2763
2412,2417,2784
2637,2643,2749
2692,2693,2768
2818,2833,3300
2927,3493,3653
3030,3072,3508
3141,3143,3330
3213,3371,3695
3219,3374,3709
3390,3393,3928
3427,3442,4089
3567,3827,3872
3588,3857,3885
3597,3656,3692
3741,3748,4226
3790,3938,4169
3793,3986,4106
3897,4763,4780
4054,4061,4713
4107,4109,4412
4242,4247,4356
4334,4648,4665
4353,4406,4524
4503,4504,4916
4506,5047,5168
4588,4634,5107
4811,4817,5033
4894,5091,5130
4975,4976,5368
5002,5126,5276
5173,5376,5434
5399,5401,5433
156,161,582
174,175,233
256,283,335
411,527,570
430,463,529
562,840,899
572,618,621
641,916,975
668,724,1136
720,770,1235
828,830,1260
860,866,977
892,895,1368
950,1222,1459
1008,1072,1149
1033,1363,1388
1138,1353,1392
1252,1255,1769
1379,1381,1675
1454,1667,1846
1615,1677,1718
1753,2302,2426
1763,1810,2158
1856,1862,2237
1876,2143,2146
1925,2379,2402
2009,2106,2127
2031,2032,2259
2221,2419,2570
2273,2582,3101
2374,2376,2838
2381,2382,2717
2622,2629,2910
2702,2857,3138
2716,2867,3129
3061,3063,3214
3396,3422,3424
3410,3797,4075
3426,3805,4082
3527,3567,3821
3618,3619,3925
3914,4352,4364
3933,4751,4766
3953,3958,4342
3977,3982,4353
3982,4204,4403
4026,4028,4292
4155,4156,4423
4221,4222,4414
4272,4306,4433
4307,4308,4351
4449,4483,4489
4594,4598,4949
4656,4670,4916
4691,4789,4896
5010,5013,5399
5018,5066,5329
5103,5376,5463
5290,5413,5485
11,422,941
31,55,800
37,42,453
116,280,526
119,135,275
205,206,458
280,282,524
285,301,556
286,343,601
308,587,632
314,769,786
423,548,640
487,648,827
502,662,990
532,809,874
580,635,637
594,636,781
598,617,786
732,1076,1137
1012,1013,1085
1095,1318,1358
1115,1287,1503
1144,1344,1351
1147,1350,1470
1162,1451,1492
1241,2057,2104
1250,1637,1699
1483,1485,1702
1593,1751,2075
1615,1771,1818
1620,1771,2002
1632,1788,1952
1670,1854,1879
1950,1992,2428
2023,2044,2078
2249,2256,2264
2254,2507,2571
2295,2565,2782
2463,2468,2508
2477,2519,2954
2563,2658,2761
2650,2652,2715
2665,2826,2899
2807,3094,3117
2808,2824,3493
2824,2825,3267
2875,3208,3343
3011,3577,3721
3158,3216,3346
3200,3359,3721
3217,3322,3370
3235,3487,3513
3308,3511,3572
3436,3484,3900
3657,4093,4110
3677,3848,3869
3692,3694,3780
3755,3886,3909
3848,3864,4048
3876,3884,4132
3923,4321,4354
3952,4003,4467
3955,4442,4800
4120,4574,4597
4255,4256,4389
4315,4316,4418
4454,4502,4847
4456,4465,4927
4470,4473,5008
4668,4670,4965
4677,4779,4913
4736,4851,4870
4968,4969,5473
5197,5225,5448
5232,5278,5483
5328,5335,5394
87,146,583
367,394,506
394,402,508
775,1037,1066
820,1153,1473
846,1138,1178
880,882,1083
951,953,1106
951,1135,1146
956,1090,1225
1083,1239,1260
1148,1351,1412
1174,1427,1446
1218,1221,1244
1218,1222,1612
1353,1455,1699
1405,1964,2081
1426,1492,1608
1474,1515,1711
1967,1968,2233
1987,1990,2051
2013,2023,2118
2045,2046,2520
2138,2293,2570
2270,2277,2802
2387,2451,2726
2406,2451,2721
2459,2461,2796
2542,2544,2788
2603,3040,3059
2796,3055,3117
2826,3097,3320
2870,3136,3327
2903,2949,3209
2905,3349,3526
3009,3022,3667
3024,3066,3295
3068,3070,3502
3472,3479,4131
3483,3485,3756
3483,3594,3698
3685,3693,3967
3720,3721,4168
3779,3929,4212
3861,4095,4204
3910,3985,3986
4356,4357,4685
4416,4424,4672
4440,4443,4562
4500,4546,5014
4625,4891,5056
4715,4772,4856
4750,4872,4880
4774,4775,4914
4876,5030,5293
5015,5018,5353
5054,5432,5481
5085,5098,5493
5270,5323,5416
5402,5409,5415
561,727,848
570,737,764
652,996,1006
653,654,1192
789,902,1003
810,1082,1089
1157,1348,1370
1424,1431,2076
1578,1745,1755
1619,1768,2099
1704,1721,1727
1723,2010,2069
1725,2024,2045
1735,1856,2185
1745,2137,2186
1788,1795,1952
1841,2088,2262
1889,1996,2232
1918,1920,2394
1986,2028,2234
1991,2089,2196
2148,2150,2471
2166,2198,2260
2176,2589,2597
2424,2431,2786
2440,2480,2736
2633,2703,2772
2637,2638,2644
2705,2723,2747
2884,2891,3295
2918,2931,3330
3102,3449,3660
3213,3219,3429
3252,3253,3563
3278,3610,3627
3298,3308,3324
3432,3553,3777
3445,3447,3711
3462,3464,3851
3501,3547,4021
3783,3785,3852
3859,4078,4113
3964,3966,4375
3986,4269,4362
3997,4361,4657
4001,4002,4311
4104,4150,4582
4404,4635,4738
4406,4639,4660
4652,4653,4905
4700,4742,5219
4830,4993,5042
4861,5291,5340
4865,4894,5014
4931,4946,5135
5138,5412,5449
85,98,835
172,178,334
259,346,602
271,315,449
307,308,613
427,436,702
552,556,560
864,909,1144
943,1049,1069
1067,1219,1554
1251,1256,1263
1344,1463,1654
1456,1498,1703
1463,1498,1621
1473,1480,1578
1536,1538,1596
1548,1549,1614
1550,2037,2057
1568,1663,1786
1833,1896,1961
1900,2107,2116
2000,2002,2043
2029,2049,2109
2128,2254,2266
2284,2678,2761
2415,2476,2488
2594,2597,3072
2628,2694,2802
2646,2647,2981
2769,2972,3030
2820,2824,3214
2899,3152,3338
2990,2991,3261
2990,2993,3262
3086,3096,3186
3117,3308,3508
3257,3419,3541
3371,3374,3812
3391,3513,3622
3418,3574,3682
3565,3568,3585
3627,3629,3669
3924,4192,4197
4064,4065,4373
4065,4343,4400
4078,4080,4554
4146,4192,4401
4176,4262,4352
4296,4453,4569
4328,4331,4427
4510,4996,5132
4576,4578,4886
4632,4635,4960
4768,5054,5281
4829,4840,5120
4872,4877,5155
4967,5254,5277
5077,5441,5491
5351,5357,5418
5392,5393,5502
3,59,814
53,475,638
82,436,483
141,142,202
222,227,236
305,307,571
384,445,455
395,850,872
399,440,878
473,480,545
775,1197,1217
836,841,881
1055,1056,1489
1143,1339,1442
1160,1178,1185
1174,1490,1527
1206,1726,2028
1301,1581,1621
1423,1521,1598
1441,1659,1832
1612,1767,1798
1680,1681,2027
1680,1684,1999
1684,1884,2003
1808,1853,2110
1817,1822,2193
1879,2129,2149
1932,2197,2227
1942,2180,2247
1945,1949,2115
2021,2024,2231
2379,2425,2897
2387,2449,2514
2618,2674,2762
2650,2657,3140
2701,2803,3087
2839,3173,3244
2855,2859,2929
2998,3000,3290
3146,3149,3328
3156,3162,3451
3222,3305,3306
3232,3233,3342
3258,3575,3592
3267,3279,3303
3322,3545,3608
3549,3552,3559
3581,3587,3724
3594,3843,3886
3620,3662,4139
3700,4160,4184
3753,3806,3862
3787,3788,4147
3821,4002,4009
3838,3857,4026
3968,3974,4016
4015,4016,4266
4081,4228,4341
4535,4541,4928
4616,4662,5136
4618,4620,4830
4809,4810,5233
4877,4881,5154
4918,4928,4944
4946,4952,4962
5075,5394,5468
5387,5388,5431
5412,5417,5479
5489,5496,5504
12,15,495
31,42,57
116,483,509
480,930,948
589,776,895
674,722,1067
686,736,1048
778,839,1140
794,796,1032
804,923,1114
816,819,836
890,1023,1129
1127,1372,1413
1204,1256,1559
1309,1748,1781
1325,1657,1717
1446,1492,1701
1461,1521,1591
1511,1512,1658
1553,1555,1630
1759,1763,2022
2040,2043,2168
2080,2102,2125
2198,2527,2549
2208,2251,2259
2268,2276,2286
2294,2304,2423
2770,2773,3093
2781,3009,3124
2833,3382,3506
2866,3174,3199
2867,3129,3137
2900,3248,3279
2915,3220,3252
2978,2980,3329
3147,3148,3336
3159,3293,3335
3318,3319,3685
3421,3487,3552
3461,3708,3715
3517,3519,3794
3562,3624,3870
3601,3819,3992
3623,4099,4120
3634,3678,4153
3730,3948,4254
3740,4122,4181
3888,3898,4573
3932,4329,4334
3986,4270,4363
4018,4376,4413
4037,4039,4351
4088,4629,4744
4222,4337,4399
4266,4267,4601
4302,4739,4754
4754,4788,4860
4767,4846,4956
4873,4889,5176
4906,5087,5152
4997,5052,5459
5130,5133,5415
5163,5165,5419
5338,5340,5356
5347,5356,5410
118,261,577
124,129,453
126,530,962
132,165,224
229,813,922
343,352,646
447,524,594
521,802,869
618,848,993
641,936,975
702,708,715
772,776,1157
773,815,1244
940,947,1207
976,1258,1522
1062,1063,1495
1115,1288,1507
1279,1621,1726
1309,1310,1775
1326,1368,1625
1348,1351,1596
1500,1503,1511
1568,1843,1902
1582,1742,2070
1591,1592,1966
1614,1617,1651
1692,1723,1896
1759,1762,2158
1874,1920,2394
1897,1898,2209
1904,2121,2125
1915,1953,2254
1998,2009,2269
2049,2108,2202
2191,2359,2381
2200,2219,2371
2256,2576,2612
2315,2344,2684
2358,2624,2706
2359,2701,2806
2366,2649,2742
2384,2536,2634
2437,2439,2702
2581,2605,2887
2741,2744,2748
2846,2849,3346
2855,3419,3547
2897,2901,2919
2922,3040,3245
2955,2958,3017
3017,3059,3291
3030,3075,3307
3090,3092,3249
3210,3373,3422
3221,3222,3347
3259,3485,3525
3382,3455,3792
3412,3459,3926
3415,3416,3832
3667,3673,3942
3708,3709,3882
3724,3725,3855
3796,3863,3865
3862,4151,4192
4022,4024,4284
4027,4587,4712
4069,4092,4358
4154,4591,4652
4214,4216,4248
4234,4675,4692
4347,4359,4383
4383,4576,4595
4433,4742,5261
4621,4684,4725
4639,4641,5073
4767,4769,4953
4790,4961,5232
4793,4795,4884
5068,5416,5485
5082,5235,5333
5147,5378,5461
70,136,542
94,96,587
315,316,591
378,859,880
400,404,460
425,426,536
554,868,885
757,1121,1417
776,1045,1157
944,1378,1397
1003,1005,1069
1015,1016,1149
1020,1470,1488
1043,1157,1200
1060,1071,1147
1092,1093,1167
1313,1355,1603
1330,1444,1660
1385,1387,1604
1392,1659,1720
1418,1460,1683
1425,1467,1686
1549,1844,2092
1553,1554,1625
1608,1759,2094
1672,1710,1711
1710,1961,2104
1753,1754,2191
1861,1884,2193
1909,1932,2198
2125,2191,2215
2198,2373,2440
2231,2440,2501
2325,2329,2437
2372,2374,2686
2525,2536,2748
2555,2559,2644
2723,2886,2991
2724,3141,3149
2725,2902,3015
3024,3026,3271
3037,3065,3288
3054,3301,3323
3073,3095,3182
3302,3649,3670
3370,3693,3767
3443,3447,3759
3499,3602,3865
3550,3553,3803
3611,3828,3871
3691,3694,4132
3836,4022,4262
3891,3895,4283
4020,4025,4065
4128,4135,4240
4151,4368,4411
4183,4204,4238
4363,4386,4539
4431,5047,5174
4582,4645,4711
4657,4663,5337
4724,5158,5177
4840,4860,4924
4849,4860,4996
4866,4867,4899
4905,4908,4912
4932,4963,5136
4988,5040,5411
5011,5133,5242
5057,5061,5079
5227,5231,5349
5251,5351,5418
23,406,407
188,657,731
287,290,368
361,362,627
368,574,587
589,776,782
597,638,787
663,666,1046
710,1097,1375
744,1305,1429
890,1129,1136
954,995,1433
956,1008,1100
988,1101,1158
992,1080,1175
1056,1059,1088
1063,1224,1247
1114,1260,1287
1145,1345,1404
1238,1308,1641
1282,1828,1942
1399,1401,1833
1419,1422,1523
1569,1570,1993
1715,1978,2084
2063,2064,2120
2129,2294,2423
2256,2517,2612
2373,2438,2718
2380,2489,2746
2428,2431,2903
2436,2457,2565
2442,2447,2487
2475,2729,2735
2542,2691,2767
2547,2549,2589
2564,2565,2778
2819,2877,3414
2956,3431,3454
3018,3082,3249
3288,3713,3720
3317,3329,3528
3496,3971,3994
3569,3804,3859
3760,3923,4051
3898,3913,4380
3908,3960,4331
3993,4058,4338
3997,4361,4411
4380,4577,4737
4604,5035,5056
4659,4662,4763
4827,5257,5264
4901,5082,5089
4996,5003,5013
5028,5035,5447
5108,5109,5413
5229,5231,5468
5274,5277,5477
107,316,442
131,135,144
176,213,219
197,201,456
321,328,592
591,775,796
669,672,788
676,683,1114
1019,1318,1563
1056,1114,1138
1271,1527,1716
1305,1312,1964
1395,1649,1655
1403,1414,2059
2009,2011,2117
2053,2055,2063
2063,2064,2499
2146,2150,2582
2147,2148,2244
2261,2534,2558
2295,2565,2571
2352,2359,2473
2486,2487,2741
2496,2510,3157
2522,2760,2785
2619,2740,2911
2713,2716,2785
2765,3115,3136
2870,3418,3574
2886,3265,3542
2891,2892,3220
3080,3123,3337
3269,3448,3562
3388,3391,3782
3395,3419,3433
3510,3517,3630
3565,3588,3856
3700,3701,3856
3824,4004,4252
3874,3883,4125
3936,4564,4777
3966,4348,4398
4060,4121,4398
4092,4359,4420
4253,4260,4325
4401,4403,4740
4537,4691,4789
4588,4630,4883
4595,4597,5024
4651,4673,4772
4934,4942,4954
5080,5083,5186
5095,5097,5353
5106,5151,5421
5179,5181,5438
5236,5256,5295
5284,5429,5483
4,11,475
53,440,920
77,365,391
83,977,1024
210,222,416
243,246,325
366,414,850
435,437,507
483,593,599
493,823,848
529,682,956
561,724,731
628,634,643
652,982,1042
732,739,1138
771,1312,1430
837,840,899
864,910,1342
976,1008,1080
1023,1325,1536
1047,1058,1198
1123,1301,1320
1381,1922,2073
1391,1453,1515
1460,1463,1683
1482,1500,1512
1669,1673,1715
1671,1855,1876
1688,1893,1995
1729,1765,2230
1949,2184,2239
2079,2197,2200
2133,2139,2186
2149,2302,2576
2249,2492,2515
2346,2894,3008
2385,2392,3044
2514,2761,2783
2612,2700,2795
2889,2894,3270
2922,2929,3311
3006,3235,3236
3010,3056,3529
3136,3257,3264
3145,3153,3427
3265,3432,3439
3504,3506,3866
3504,3511,3866
3528,3575,4007
3548,3652,3879
3593,3597,3776
3621,3681,3751
3675,3676,3872
3773,3774,3849
3823,3854,3868
3860,3872,4076
3914,4308,4350
3997,4100,4390
4074,4075,4348
4095,4636,4750
4096,4109,4753
4351,4375,4516
4356,4361,4411
4361,4365,4656
4522,4744,4943
4722,4726,4780
4827,4930,4933
4994,5313,5444
5015,5041,5151
5028,5187,5295
5036,5043,5451
5168,5231,5272
5194,5257,5495
5224,5444,5499
5437,5440,5459
5466,5488,5500
68,71,539
93,429,641
157,463,470
164,228,737
244,246,705
259,263,286
277,278,332
459,577,580
515,646,669
650,704,1220
823,844,952
851,1417,1561
945,1059,1162
951,1385,1448
955,975,1040
997,1022,1045
1092,1248,1412
1244,1292,1606
1400,1656,1690
1423,1713,2077
1574,2019,2071
1631,2057,2104
1684,1887,2002
1745,2084,2188
1801,1869,2141
1837,1940,2230
1858,1970,2103
1935,2476,2590
2144,2146,2214
2217,2411,2428
2250,2510,2643
2339,2344,2755
2343,2345,2671
2366,2650,2743
2428,2431,2676
2484,2526,2755
2703,2771,2855
2742,3077,3094
2949,3222,3305
2954,2996,3255
3191,3417,3480
3235,3297,3338
3284,3461,3708
3357,3631,3638
3393,3658,3866
3414,3898,4038
3529,3532,3842
3562,4103,4216
3675,3676,3741
3708,3710,3780
3723,3829,3873
3751,3874,3962
3901,4242,4251
3926,3933,4426
3936,3962,3964
3967,3972,3979
3969,4039,4350
4176,4266,4393
4180,4185,4191
4280,4281,4659
4593,4632,4897
4704,4710,4871
4809,4902,4903
4863,4865,4932
4994,5004,5123
5078,5085,5490
5081,5361,5401
5244,5250,5411
14,254,394
189,505,617
201,459,635
264,272,454
285,294,967
348,357,584
458,459,516
489,917,934
507,518,658
573,749,766
575,963,971
1127,1148,1306
1269,1339,1650
1295,1614,1688
1302,1309,1691
1545,1720,1986
1606,1610,2042
1662,1663,1993
1732,2076,2086
1749,1826,2108
1785,1789,1853
1798,1954,2184
1953,2211,2254
2020,2030,2287
2165,2346,2388
2180,2595,2603
2284,2827,2959
2396,2646,2725
2571,2572,2799
2575,2629,2693
2713,2729,3016
2750,3049,3108
2755,2966,3006
2842,2870,2915
2927,2953,2958
2939,2943,3303
2945,3277,3598
3066,3108,3543
3071,3089,3129
3116,3152,3335
3122,3125,3320
3233,3234,3621
3341,3614,3638
3364,3749,4032
3563,3567,3872
3794,4108,4125
3883,4170,4188
3896,4288,4343
3977,4002,4323
4252,4257,4365
4304,4375,4510
4351,4522,4584
4378,4546,4568
4454,4773,4904
4456,4470,4510
4472,4799,4876
4483,4515,5176
4532,4574,5048
4552,4559,4955
4559,4563,4568
4629,4632,4960
4773,4802,4827
4802,4827,4892
4895,5068,5290
4930,5138,5144
5108,5109,5369
5128,5133,5172
5143,5162,5174
5172,5437,5467
5240,5283,5497
80,82,497
93,95,488
133,140,199
271,752,775
305,363,802
333,336,449
408,427,438
417,419,851
454,617,624
656,1046,1102
674,684,1111
732,846,992
762,880,1085
778,1133,1175
790,813,852
800,807,1458
998,999,1186
1052,1059,1531
1152,1472,1526
1165,1403,1516
1173,1428,1540
1183,1470,1488
1286,1569,1662
1395,1434,1681
1410,1457,1889
1862,1864,2124
1930,1933,2183
2055,2127,2251
2154,2338,2382
2280,2284,2674
2296,2303,2313
2307,2331,2345
2388,2501,2638
2407,2475,2738
2490,2532,2968
2541,2634,2704
2816,3159,3264
2817,3662,3683
2851,2900,3280
2866,2867,3176
2870,3029,3260
3129,3131,3339
3251,3400,3676
3304,3504,3511
3355,3408,3828
3510,3795,3868
3557,3562,3602
3640,3647,3749
3663,3671,3788
3783,4059,4076
3799,3823,3952
3844,4044,4163
3906,4769,4785
3944,3950,3995
4313,4314,4701
4320,4471,4698
4463,4895,4908
4466,4516,4982
4560,4565,4605
4643,4654,5299
4684,4725,4938
4750,4880,5022
4862,4869,4948
5007,5033,5145
5392,5394,5469
5436,5437,5499
121,161,218
154,161,218
259,285,300
637,911,1009
718,825,1133
755,1060,1092
836,878,1119
838,839,1129
862,1403,1516
883,1019,1125
965,1143,1166
994,995,1134
1067,1068,1111
1191,1195,1583
1198,1213,1872
1213,1762,1886
1360,1901,2016
1372,1578,1598
1442,1601,1602
1462,1553,1644
1543,1609,1636
1608,1610,1931
1656,1661,1711
1738,1747,2220
1819,1821,2155
1834,1835,2140
1834,1836,2298
1839,1881,2356
1855,1857,2271
1860,1905,2177
2017,2018,2255
2130,2397,2414
2152,2228,2307
2550,2743,2774
2607,2614,2686
2655,2718,2719
3025,3048,3316
3043,3285,3292
3081,3085,3140
3117,3119,3270
3242,3249,3255
3291,3475,3496
3307,3510,3517
3391,3727,3850
3541,3861,4201
3551,3555,3779
3562,3800,3867
3587,3835,4020
3630,3854,4062
3657,3848,4048
3670,3800,3942
3776,3926,4246
3851,4060,4121
3920,3923,4355
4023,4028,4141
4048,4090,4566
4048,4094,4567
4158,4159,4311
4220,4253,4330
4326,4328,4533
4365,4369,4664
4436,4779,4884
4437,4711,4949
4503,4761,4769
4520,4868,4899
4537,4901,5197
4617,4620,4679
4649,4939,5299
4810,5028,5334
4914,5213,5276
5088,5095,5207
5134,5138,5489
5156,5161,5201
5172,5175,5439
22,394,402
61,65,428
87,131,625
172,182,329
176,180,258
220,806,956
224,229,362
229,550,607
240,245,629
318,320,477
339,355,580
835,873,1174
848,888,1153
850,892,1368
862,924,1170
977,978,1453
1035,1169,1192
1049,1058,1069
1141,1371,1491
1201,1206,1530
1283,1288,1329
1288,1402,1510
1409,1430,1471
1419,1522,1591
1433,1459,1465
1437,1660,1717
1558,1572,1724
1669,1676,1713
1812,2157,2218
1895,1897,2143
2067,2144,2214
2211,2419,2459
2336,2639,2658
2391,2639,2790
2402,2642,2805
2445,2447,2723
2577,2579,2688
2706,2854,3171
2729,2735,2783
2924,2964,3269
2994,3008,3661
3059,3106,3537
3097,3208,3320
3167,3172,3281
3191,3413,3485
3227,3230,3437
3349,3355,3853
3382,3432,3699
3471,3719,3870
3535,3541,3808
3641,3643,3681
3654,3692,3875
3681,3689,3752
3689,4127,4191
3727,3940,4064
3767,3811,3919
3780,3931,4162
3898,3905,4347
3993,3996,4099
4047,4050,4408
4142,4380,4405
4217,4694,4718
4448,4455,4964
4524,4548,4813
4528,4872,5183
4579,4619,4909
4645,5204,5321
4780,5240,5264
4936,4965,5149
5151,5271,5427
5193,5451,5494
5219,5221,5451
73,79,470
185,246,705
191,779,897
247,274,326
259,262,602
340,344,828
385,655,933
480,930,989
501,716,1019
688,970,1082
706,710,1039
713,779,791
771,1019,1170
1041,1048,1526
1168,1174,1183
1227,1256,1590
1270,1274,1615
1294,1543,1550
1302,1624,1692
1451,1957,2094
1781,2264,2554
1877,1883,2244
1970,2011,2247
2015,2103,2124
2071,2105,2555
2150,2258,2262
2234,2444,2465
2258,2498,2521
2538,2544,2711
2555,2559,2611
2563,2618,2735
2581,2585,2612
2677,2831,3155
2698,2734,2848
2716,2870,3133
2719,2743,2872
2851,3250,3307
2924,2987,3027
3009,3022,3256
3090,3091,3327
3142,3261,3268
3189,3355,3406
3199,3364,3414
3240,3250,3385
3355,3527,3747
3396,3397,3678
3420,3466,3788
3654,3691,4132
3757,4087,4146
3787,3934,4251
3942,3951,4399
3966,4507,4628
4043,4492,4519
4229,4230,4666
4245,4246,4729
4247,4252,4361
4287,4390,4393
4382,4729,4750
4453,4996,5126
4508,4511,4973
4514,4628,4892
4583,5032,5059
4673,5010,5239
4675,4918,5106
4678,4685,4904
4800,4801,5248
4845,5216,5274
4948,5163,5186
5003,5131,5401
5158,5352,5427
5214,5325,5463
5296,5328,5400
40,43,517
41,42,530
147,551,647
218,220,624
285,301,967
297,326,615
618,619,985
942,960,972
988,1274,1533
999,1330,1544
1071,1232,1241
1349,1456,1692
1461,1519,1530
1605,1757,2081
1621,1723,2007
1737,2603,2620
1931,1934,1992
2030,2129,2220
2031,2033,2137
2059,2061,2069
2130,2131,2254
2248,2486,2507
2267,2576,2628
2313,3131,3180
2332,2379,2697
2349,2354,2730
2398,2945,3057
2405,2426,2466
2406,2448,2880
2443,2510,2776
2451,2721,2737
2484,2526,2961
2489,2712,2720
2577,2578,2791
2589,2591,2656
2682,2765,2766
2762,2806,2955
2889,2910,2923
2963,2965,3270
3026,3028,3460
3044,3057,3696
3071,3331,3712
3093,3100,3358
3118,3238,3273
3214,3369,3448
3299,3490,3704
3301,3313,3640
3548,4095,4204
3564,3606,3835
3590,3650,3687
4123,4259,4365
4141,4576,4595
4293,4509,4537
4315,4471,4518
4326,4474,4791
4341,4504,4511
4347,4484,4511
4451,4754,4956
4453,4504,4916
4607,4921,5260
4632,4751,4899
4809,4961,5026
4810,4812,4875
4896,5075,5081
5040,5046,5088
5041,5107,5172
5147,5168,5208
5180,5443,5501
5186,5187,5441
5193,5445,5461
120,131,623
138,531,580
158,490,530
210,218,417
306,385,495
535,597,638
570,741,759
679,964,1078
746,1029,1122
790,1290,1451
964,1093,1096
994,1435,1452
1068,1070,1110
1093,1096,1115
1197,1471,1478
1226,1229,1726
1242,1243,1707
1259,1274,1922
1264,1606,1675
1325,1831,1984
1432,1437,1477
1608,1931,1996
1770,1773,2308
1856,1858,2125
1914,1919,2256
1926,2213,2224
1954,2238,2605
2014,2018,2228
2085,2547,2571
2111,2117,2178
2123,2125,2236
2206,2502,2561
2230,2438,2444
2255,2514,2625
2260,2505,2528
2309,2310,2848
2402,2826,2846
2464,2467,2526
2500,2535,2640
2501,2503,2774
2584,2618,2678
2747,2929,2946
2771,2780,2792
2791,3040,3075
2803,3148,3178
2837,2842,2892
2880,2926,3248
3058,3071,3284
3064,3605,3709
3067,3071,3189
3109,3409,3667
3165,3166,3215
3213,3429,3457
3298,3490,3552
3312,3632,3686
3400,3676,3723
3410,3958,4114
3431,3770,3885
3517,3947,3968
3604,3817,3820
3696,3702,3991
3712,3719,3825
3786,3938,3985
3936,4262,4284
4032,4037,4043
4112,4549,4566
4119,4180,4193
4173,4177,4184
4183,4278,4381
4248,4314,4422
4323,4596,4621
4399,4407,4759
4463,4744,4794
4471,4542,4877
4504,4619,4767
4581,4583,5056
4672,4675,5148
4674,4681,4966
4693,4713,4726
4763,4764,4820
4856,5223,5240
5179,5180,5470
5192,5193,5461
172,177,187
244,707,775
296,298,752
387,627,633
391,395,414
402,404,562
492,494,615
538,539,626
643,930,948
729,734,1110
751,789,1146
760,763,822
1082,1237,1518
1335,1338,1397
1344,1351,1706
1371,1641,1657
1418,1465,1938
1669,1856,1862
1711,1963,2099
1762,1812,2079
1914,1922,2581
2050,2330,2593
2133,2291,2615
2149,2160,2296
2190,2244,2357
2223,2416,2435
2251,2259,2632
2308,2334,2336
2335,2822,3180
2366,2367,2744
2618,2676,2806
2673,2889,2917
2683,2686,2727
2698,2701,2733
2749,2756,2793
2991,2992,3267
3157,3177,3289
3182,3183,3345
3222,3223,3305
3281,3285,3576
3296,3299,3479
3775,3926,4246
3796,4209,4217
4011,4123,4372
4197,4198,4411
4236,4238,4245
4269,4435,4486
4506,5054,5168
4524,4528,4874
4532,4534,4997
4551,4663,4799
4600,4640,4896
4717,4828,4940
4872,4880,4947
5018,5356,5470
5095,5357,5386
70,551,555
108,124,264
196,800,925
253,255,491
275,292,424
314,317,767
319,321,1017
376,725,979
397,405,667
442,726,985
894,1141,1163
950,970,1003
1054,1056,1142
1137,1440,1462
1219,1222,1618
1268,1271,1733
1278,1544,1626
1365,1643,1700
1377,1380,1484
1528,1814,2041
1638,1955,1972
1660,2083,2090
1749,1752,1868
1847,1954,2210
1867,1935,2198
1956,1961,1967
1989,1991,2228
2131,2506,2570
2157,2309,2625
2196,2204,2259
2218,2237,2406
2226,2248,2260
2228,2229,2541
2281,2285,2548
2526,2572,2781
2646,2824,2992
2666,2997,3064
2683,2842,2915
2819,2826,3343
2899,2901,3235
2997,3058,3070
3051,3058,3702
3053,3056,3114
3125,3326,3557
3188,3460,3527
3224,3481,3506
3305,3306,3655
3314,3328,3522
3323,3556,3670
3368,3424,3836
3525,3527,3860
3537,3540,3599
3693,3722,3747
3700,3722,3745
3726,3738,3841
3904,4289,4572
3923,4044,4198
3971,4464,4780
4028,4031,4295
4037,4043,4197
4174,4176,4215
4295,4449,4528
4408,4420,4644
4411,4419,4792
4420,4426,4686
4509,4579,4890
4548,4661,4798
4565,4919,4955
4668,4937,4965
4783,4849,4876
4844,4845,4915
4948,5189,5251
5406,5407,5439
